ISO-10303-21;
HEADER;
/* Generated by software containing ST-Developer
 * from STEP Tools, Inc. (www.steptools.com) 
 */
/* OPTION: using custom renumber hook */

FILE_DESCRIPTION(
/* description */ ('STEP AP242',
'CAx-IF Rec.Pracs.---Representation and Presentation of Product Manufa
cturing Information (PMI)---4.0---2014-10-13',
'CAx-IF Rec.Pracs.---3D Tessellated Geometry---0.4---2014-09-14','2;1'),

/* implementation_level */ '2;1');

FILE_NAME(
/* name */ '6845dcb057f05c3877ac470e',
/* time_stamp */ '2025-06-08T18:55:45Z',
/* author */ (''),
/* organization */ (''),
/* preprocessor_version */ 'ST-DEVELOPER v20',
/* originating_system */ 'ONSHAPE BY PTC INC, 1.199',
/* authorisation */ '  ');

FILE_SCHEMA (('AP242_MANAGED_MODEL_BASED_3D_ENGINEERING_MIM_LF { 1 0 10303 442 1 1 4 }'));
ENDSEC;

DATA;
#10=SPHERICAL_SURFACE('',#2738,0.00035);
#11=SPHERICAL_SURFACE('',#2742,0.00035);
#12=ELLIPSE('',#2693,0.00960000000000014,0.0048);
#13=ELLIPSE('',#2695,0.00960000000000011,0.0048);
#14=ELLIPSE('',#2699,0.00960000000000011,0.0048);
#15=ELLIPSE('',#2701,0.00960000000000014,0.0048);
#16=ELLIPSE('',#2733,0.000494974746830583,0.00035);
#17=ELLIPSE('',#2747,0.000494974746830583,0.00035);
#18=CONICAL_SURFACE('',#2670,0.00103,0.785398163397438);
#19=CONICAL_SURFACE('',#2682,0.000685,0.785398163397454);
#20=DRAUGHTING_PRE_DEFINED_COLOUR('white');
#21=SHAPE_REPRESENTATION_RELATIONSHIP('','',#2532,#33);
#22=SHAPE_REPRESENTATION_RELATIONSHIP('','',#2533,#34);
#23=SHAPE_REPRESENTATION_RELATIONSHIP('','',#2534,#35);
#24=SHAPE_REPRESENTATION_RELATIONSHIP('','',#2535,#36);
#25=SHAPE_REPRESENTATION_RELATIONSHIP('','',#2536,#37);
#26=SHAPE_REPRESENTATION_RELATIONSHIP('','',#2537,#38);
#27=SHAPE_REPRESENTATION_RELATIONSHIP('','',#2538,#39);
#28=SHAPE_REPRESENTATION_RELATIONSHIP('','',#2539,#40);
#29=SHAPE_REPRESENTATION_RELATIONSHIP('','',#2540,#41);
#30=SHAPE_REPRESENTATION_RELATIONSHIP('','',#2541,#42);
#31=SHAPE_REPRESENTATION_RELATIONSHIP('','',#2542,#43);
#32=SHAPE_REPRESENTATION_RELATIONSHIP('','',#2543,#44);
#33=ADVANCED_BREP_SHAPE_REPRESENTATION('',(#2508),#5167);
#34=ADVANCED_BREP_SHAPE_REPRESENTATION('',(#2509),#5168);
#35=ADVANCED_BREP_SHAPE_REPRESENTATION('',(#2510),#5169);
#36=ADVANCED_BREP_SHAPE_REPRESENTATION('',(#2511),#5170);
#37=ADVANCED_BREP_SHAPE_REPRESENTATION('',(#2512),#5171);
#38=ADVANCED_BREP_SHAPE_REPRESENTATION('',(#2513),#5172);
#39=ADVANCED_BREP_SHAPE_REPRESENTATION('',(#2514),#5173);
#40=ADVANCED_BREP_SHAPE_REPRESENTATION('',(#2515),#5174);
#41=ADVANCED_BREP_SHAPE_REPRESENTATION('',(#2516),#5175);
#42=ADVANCED_BREP_SHAPE_REPRESENTATION('',(#2517),#5176);
#43=ADVANCED_BREP_SHAPE_REPRESENTATION('',(#2518),#5177);
#44=ADVANCED_BREP_SHAPE_REPRESENTATION('',(#2519),#5178);
#45=(
BOUNDED_CURVE()
B_SPLINE_CURVE(2,(#4011,#4012,#4013,#4014,#4015,#4016,#4017,#4018,#4019),
 .UNSPECIFIED.,.F.,.F.)
B_SPLINE_CURVE_WITH_KNOTS((3,2,2,2,3),(0.0389538146291208,0.0416666666666667,
0.0555555555555556,0.0694444444444445,0.0833333333333333),.UNSPECIFIED.)
CURVE()
GEOMETRIC_REPRESENTATION_ITEM()
RATIONAL_B_SPLINE_CURVE((0.97607178138405,0.98513174329655,1.,0.923879532511287,
1.,0.923879532511287,1.,0.923879532511287,1.))
REPRESENTATION_ITEM('')
);
#46=(
BOUNDED_CURVE()
B_SPLINE_CURVE(2,(#4021,#4022,#4023,#4024,#4025,#4026,#4027,#4028,#4029),
 .UNSPECIFIED.,.F.,.F.)
B_SPLINE_CURVE_WITH_KNOTS((3,2,2,2,3),(0.0833333333333333,0.0972222222222222,
0.111111111111111,0.125,0.138888888888889),.UNSPECIFIED.)
CURVE()
GEOMETRIC_REPRESENTATION_ITEM()
RATIONAL_B_SPLINE_CURVE((1.,0.923879532511287,1.,0.923879532511287,1.,0.923879532511287,
1.,0.923879532511287,1.))
REPRESENTATION_ITEM('')
);
#47=(
BOUNDED_CURVE()
B_SPLINE_CURVE(2,(#4031,#4032,#4033,#4034,#4035,#4036,#4037,#4038,#4039),
 .UNSPECIFIED.,.F.,.F.)
B_SPLINE_CURVE_WITH_KNOTS((3,2,2,2,3),(0.138888888888889,0.152777777777778,
0.166666666666667,0.180555555555555,0.194444444444445),.UNSPECIFIED.)
CURVE()
GEOMETRIC_REPRESENTATION_ITEM()
RATIONAL_B_SPLINE_CURVE((1.,0.923879532511287,1.,0.923879532511287,1.,0.923879532511287,
1.,0.923879532511287,1.))
REPRESENTATION_ITEM('')
);
#48=(
BOUNDED_CURVE()
B_SPLINE_CURVE(2,(#4041,#4042,#4043,#4044,#4045,#4046,#4047,#4048,#4049),
 .UNSPECIFIED.,.F.,.F.)
B_SPLINE_CURVE_WITH_KNOTS((3,2,2,2,3),(0.194444444444445,0.208333333333334,
0.222222222222222,0.236111111111111,0.25),.UNSPECIFIED.)
CURVE()
GEOMETRIC_REPRESENTATION_ITEM()
RATIONAL_B_SPLINE_CURVE((1.,0.923879532511287,1.,0.923879532511287,1.,0.923879532511287,
1.,0.923879532511287,1.))
REPRESENTATION_ITEM('')
);
#49=(
BOUNDED_CURVE()
B_SPLINE_CURVE(2,(#4051,#4052,#4053,#4054,#4055,#4056,#4057,#4058,#4059),
 .UNSPECIFIED.,.F.,.F.)
B_SPLINE_CURVE_WITH_KNOTS((3,2,2,2,3),(0.25,0.263888888888889,0.277777777777778,
0.291666666666667,0.305555555555555),.UNSPECIFIED.)
CURVE()
GEOMETRIC_REPRESENTATION_ITEM()
RATIONAL_B_SPLINE_CURVE((1.,0.923879532511287,1.,0.923879532511287,1.,0.923879532511287,
1.,0.923879532511287,1.))
REPRESENTATION_ITEM('')
);
#50=(
BOUNDED_CURVE()
B_SPLINE_CURVE(2,(#4061,#4062,#4063,#4064,#4065,#4066,#4067,#4068,#4069),
 .UNSPECIFIED.,.F.,.F.)
B_SPLINE_CURVE_WITH_KNOTS((3,2,2,2,3),(0.305555555555555,0.319444444444444,
0.333333333333334,0.347222222222222,0.361111111111111),.UNSPECIFIED.)
CURVE()
GEOMETRIC_REPRESENTATION_ITEM()
RATIONAL_B_SPLINE_CURVE((1.,0.923879532511287,1.,0.923879532511287,1.,0.923879532511287,
1.,0.923879532511287,1.))
REPRESENTATION_ITEM('')
);
#51=(
BOUNDED_CURVE()
B_SPLINE_CURVE(2,(#4071,#4072,#4073,#4074,#4075,#4076,#4077,#4078,#4079),
 .UNSPECIFIED.,.F.,.F.)
B_SPLINE_CURVE_WITH_KNOTS((3,2,2,2,3),(0.361111111111111,0.375,0.388888888888889,
0.402777777777778,0.416666666666667),.UNSPECIFIED.)
CURVE()
GEOMETRIC_REPRESENTATION_ITEM()
RATIONAL_B_SPLINE_CURVE((1.,0.923879532511287,1.,0.923879532511287,1.,0.923879532511287,
1.,0.923879532511287,1.))
REPRESENTATION_ITEM('')
);
#52=(
BOUNDED_CURVE()
B_SPLINE_CURVE(2,(#4081,#4082,#4083,#4084,#4085,#4086,#4087,#4088,#4089),
 .UNSPECIFIED.,.F.,.F.)
B_SPLINE_CURVE_WITH_KNOTS((3,2,2,2,3),(0.416666666666667,0.430555555555555,
0.444444444444444,0.458333333333333,0.472222222222222),.UNSPECIFIED.)
CURVE()
GEOMETRIC_REPRESENTATION_ITEM()
RATIONAL_B_SPLINE_CURVE((1.,0.923879532511287,1.,0.923879532511287,1.,0.923879532511287,
1.,0.923879532511287,1.))
REPRESENTATION_ITEM('')
);
#53=(
BOUNDED_CURVE()
B_SPLINE_CURVE(2,(#4091,#4092,#4093,#4094,#4095,#4096,#4097,#4098,#4099),
 .UNSPECIFIED.,.F.,.F.)
B_SPLINE_CURVE_WITH_KNOTS((3,2,2,2,3),(0.472222222222222,0.486111111111111,
0.5,0.513888888888889,0.527777777777778),.UNSPECIFIED.)
CURVE()
GEOMETRIC_REPRESENTATION_ITEM()
RATIONAL_B_SPLINE_CURVE((1.,0.923879532511287,1.,0.923879532511287,1.,0.923879532511287,
1.,0.923879532511287,1.))
REPRESENTATION_ITEM('')
);
#54=(
BOUNDED_CURVE()
B_SPLINE_CURVE(2,(#4101,#4102,#4103,#4104,#4105,#4106,#4107,#4108,#4109),
 .UNSPECIFIED.,.F.,.F.)
B_SPLINE_CURVE_WITH_KNOTS((3,2,2,2,3),(0.527777777777778,0.541666666666667,
0.555555555555556,0.569444444444444,0.583333333333333),.UNSPECIFIED.)
CURVE()
GEOMETRIC_REPRESENTATION_ITEM()
RATIONAL_B_SPLINE_CURVE((1.,0.923879532511287,1.,0.923879532511287,1.,0.923879532511287,
1.,0.923879532511287,1.))
REPRESENTATION_ITEM('')
);
#55=(
BOUNDED_CURVE()
B_SPLINE_CURVE(2,(#4111,#4112,#4113,#4114,#4115,#4116,#4117,#4118,#4119),
 .UNSPECIFIED.,.F.,.F.)
B_SPLINE_CURVE_WITH_KNOTS((3,2,2,2,3),(0.583333333333333,0.597222222222222,
0.611111111111111,0.625,0.638888888888889),.UNSPECIFIED.)
CURVE()
GEOMETRIC_REPRESENTATION_ITEM()
RATIONAL_B_SPLINE_CURVE((1.,0.923879532511287,1.,0.923879532511287,1.,0.923879532511287,
1.,0.923879532511287,1.))
REPRESENTATION_ITEM('')
);
#56=(
BOUNDED_CURVE()
B_SPLINE_CURVE(2,(#4121,#4122,#4123,#4124,#4125,#4126,#4127,#4128,#4129),
 .UNSPECIFIED.,.F.,.F.)
B_SPLINE_CURVE_WITH_KNOTS((3,2,2,2,3),(0.638888888888889,0.652777777777778,
0.666666666666667,0.680555555555556,0.694444444444444),.UNSPECIFIED.)
CURVE()
GEOMETRIC_REPRESENTATION_ITEM()
RATIONAL_B_SPLINE_CURVE((1.,0.923879532511287,1.,0.923879532511287,1.,0.923879532511287,
1.,0.923879532511287,1.))
REPRESENTATION_ITEM('')
);
#57=(
BOUNDED_CURVE()
B_SPLINE_CURVE(2,(#4131,#4132,#4133,#4134,#4135,#4136,#4137,#4138,#4139),
 .UNSPECIFIED.,.F.,.F.)
B_SPLINE_CURVE_WITH_KNOTS((3,2,2,2,3),(0.694444444444444,0.708333333333333,
0.722222222222222,0.736111111111111,0.75),.UNSPECIFIED.)
CURVE()
GEOMETRIC_REPRESENTATION_ITEM()
RATIONAL_B_SPLINE_CURVE((1.,0.923879532511287,1.,0.923879532511287,1.,0.923879532511287,
1.,0.923879532511287,1.))
REPRESENTATION_ITEM('')
);
#58=(
BOUNDED_CURVE()
B_SPLINE_CURVE(2,(#4141,#4142,#4143,#4144,#4145,#4146,#4147,#4148,#4149),
 .UNSPECIFIED.,.F.,.F.)
B_SPLINE_CURVE_WITH_KNOTS((3,2,2,2,3),(0.75,0.763888888888889,0.777777777777778,
0.791666666666667,0.805555555555556),.UNSPECIFIED.)
CURVE()
GEOMETRIC_REPRESENTATION_ITEM()
RATIONAL_B_SPLINE_CURVE((1.,0.923879532511287,1.,0.923879532511287,1.,0.923879532511287,
1.,0.923879532511287,1.))
REPRESENTATION_ITEM('')
);
#59=(
BOUNDED_CURVE()
B_SPLINE_CURVE(2,(#4151,#4152,#4153,#4154,#4155,#4156,#4157,#4158,#4159),
 .UNSPECIFIED.,.F.,.F.)
B_SPLINE_CURVE_WITH_KNOTS((3,2,2,2,3),(0.805555555555556,0.819444444444444,
0.833333333333333,0.847222222222222,0.861111111111111),.UNSPECIFIED.)
CURVE()
GEOMETRIC_REPRESENTATION_ITEM()
RATIONAL_B_SPLINE_CURVE((1.,0.923879532511287,1.,0.923879532511287,1.,0.923879532511287,
1.,0.923879532511287,1.))
REPRESENTATION_ITEM('')
);
#60=(
BOUNDED_CURVE()
B_SPLINE_CURVE(2,(#4161,#4162,#4163,#4164,#4165,#4166,#4167,#4168,#4169),
 .UNSPECIFIED.,.F.,.F.)
B_SPLINE_CURVE_WITH_KNOTS((3,2,2,2,3),(0.861111111111111,0.875,0.888888888888889,
0.902777777777778,0.912549171308996),.UNSPECIFIED.)
CURVE()
GEOMETRIC_REPRESENTATION_ITEM()
RATIONAL_B_SPLINE_CURVE((1.,0.923879532511287,1.,0.923879532511287,1.,0.923879532511287,
1.,0.946446180859898,0.968246905355934))
REPRESENTATION_ITEM('')
);
#61=(
BOUNDED_CURVE()
B_SPLINE_CURVE(2,(#4201,#4202,#4203,#4204,#4205,#4206,#4207,#4208,#4209,
#4210,#4211,#4212,#4213,#4214,#4215,#4216,#4217,#4218,#4219,#4220,#4221,
#4222,#4223,#4224,#4225,#4226,#4227,#4228,#4229,#4230,#4231,#4232,#4233,
#4234,#4235,#4236,#4237,#4238,#4239,#4240,#4241,#4242,#4243,#4244,#4245,
#4246,#4247,#4248,#4249,#4250,#4251,#4252,#4253,#4254,#4255,#4256,#4257,
#4258,#4259,#4260,#4261,#4262,#4263,#4264,#4265,#4266,#4267,#4268,#4269,
#4270,#4271,#4272,#4273,#4274,#4275,#4276,#4277,#4278,#4279,#4280,#4281,
#4282,#4283,#4284,#4285,#4286,#4287,#4288,#4289,#4290,#4291,#4292,#4293,
#4294,#4295,#4296,#4297,#4298,#4299,#4300,#4301,#4302,#4303,#4304,#4305,
#4306,#4307,#4308,#4309,#4310,#4311,#4312,#4313,#4314,#4315,#4316,#4317,
#4318,#4319,#4320,#4321,#4322,#4323,#4324,#4325,#4326,#4327,#4328,#4329),
 .UNSPECIFIED.,.F.,.F.)
B_SPLINE_CURVE_WITH_KNOTS((3,2,2,2,2,2,2,2,2,2,2,2,2,2,2,2,2,2,2,2,2,2,
2,2,2,2,2,2,2,2,2,2,2,2,2,2,2,2,2,2,2,2,2,2,2,2,2,2,2,2,2,2,2,2,2,2,2,2,
2,2,2,2,2,2,3),(0.,0.0138888888888889,0.0277777777777778,0.0416666666666667,
0.0555555555555556,0.0694444444444445,0.0833333333333333,0.0972222222222222,
0.111111111111111,0.125,0.138888888888889,0.152777777777778,0.166666666666667,
0.180555555555555,0.194444444444445,0.208333333333334,0.222222222222222,
0.236111111111111,0.25,0.263888888888889,0.277777777777778,0.291666666666667,
0.305555555555555,0.319444444444444,0.333333333333334,0.347222222222222,
0.361111111111111,0.375,0.388888888888889,0.402777777777778,0.416666666666667,
0.430555555555555,0.444444444444444,0.458333333333333,0.472222222222222,
0.486111111111111,0.5,0.513888888888889,0.527777777777778,0.541666666666667,
0.555555555555556,0.569444444444444,0.583333333333333,0.597222222222222,
0.611111111111111,0.625,0.638888888888889,0.652777777777778,0.666666666666667,
0.680555555555556,0.694444444444444,0.708333333333333,0.722222222222222,
0.736111111111111,0.75,0.763888888888889,0.777777777777778,0.791666666666667,
0.805555555555556,0.819444444444444,0.833333333333333,0.847222222222222,
0.861111111111111,0.875,0.888320387043074),.UNSPECIFIED.)
CURVE()
GEOMETRIC_REPRESENTATION_ITEM()
RATIONAL_B_SPLINE_CURVE((1.,0.923879532511287,1.,0.923879532511287,1.,0.923879532511287,
1.,0.923879532511287,1.,0.923879532511287,1.,0.923879532511287,1.,0.923879532511287,
1.,0.923879532511287,1.,0.923879532511287,1.,0.923879532511287,1.,0.923879532511287,
1.,0.923879532511287,1.,0.923879532511287,1.,0.923879532511287,1.,0.923879532511287,
1.,0.923879532511287,1.,0.923879532511287,1.,0.923879532511287,1.,0.923879532511287,
1.,0.923879532511287,1.,0.923879532511287,1.,0.923879532511287,1.,0.923879532511287,
1.,0.923879532511287,1.,0.923879532511287,1.,0.923879532511287,1.,0.923879532511287,
1.,0.923879532511287,1.,0.923879532511287,1.,0.923879532511287,1.,0.923879532511287,
1.,0.923879532511287,1.,0.923879532511287,1.,0.923879532511287,1.,0.923879532511287,
1.,0.923879532511287,1.,0.923879532511287,1.,0.923879532511287,1.,0.923879532511287,
1.,0.923879532511287,1.,0.923879532511287,1.,0.923879532511287,1.,0.923879532511287,
1.,0.923879532511287,1.,0.923879532511287,1.,0.923879532511287,1.,0.923879532511287,
1.,0.923879532511287,1.,0.923879532511287,1.,0.923879532511287,1.,0.923879532511287,
1.,0.923879532511287,1.,0.923879532511287,1.,0.923879532511287,1.,0.923879532511287,
1.,0.923879532511287,1.,0.923879532511287,1.,0.923879532511287,1.,0.923879532511287,
1.,0.923879532511287,1.,0.923879532511287,1.,0.923879532511287,1.,0.923879532511287,
1.,0.926995305602842,0.99402352429342))
REPRESENTATION_ITEM('')
);
#62=(
BOUNDED_CURVE()
B_SPLINE_CURVE(2,(#4606,#4607,#4608,#4609,#4610,#4611,#4612),
 .UNSPECIFIED.,.F.,.F.)
B_SPLINE_CURVE_WITH_KNOTS((3,2,2,3),(0.165034533008527,0.166666666666667,
0.180555555555555,0.194444444444445),.UNSPECIFIED.)
CURVE()
GEOMETRIC_REPRESENTATION_ITEM()
RATIONAL_B_SPLINE_CURVE((0.984211979938611,0.99105480805156,1.,0.923879532511287,
1.,0.923879532511287,1.))
REPRESENTATION_ITEM('')
);
#63=(
BOUNDED_CURVE()
B_SPLINE_CURVE(2,(#4614,#4615,#4616,#4617,#4618,#4619,#4620,#4621,#4622),
 .UNSPECIFIED.,.F.,.F.)
B_SPLINE_CURVE_WITH_KNOTS((3,2,2,2,3),(0.194444444444445,0.208333333333334,
0.222222222222222,0.236111111111111,0.25),.UNSPECIFIED.)
CURVE()
GEOMETRIC_REPRESENTATION_ITEM()
RATIONAL_B_SPLINE_CURVE((1.,0.923879532511287,1.,0.923879532511287,1.,0.923879532511287,
1.,0.923879532511287,1.))
REPRESENTATION_ITEM('')
);
#64=(
BOUNDED_CURVE()
B_SPLINE_CURVE(2,(#4624,#4625,#4626,#4627,#4628,#4629,#4630,#4631,#4632),
 .UNSPECIFIED.,.F.,.F.)
B_SPLINE_CURVE_WITH_KNOTS((3,2,2,2,3),(0.25,0.263888888888889,0.277777777777778,
0.291666666666667,0.305555555555555),.UNSPECIFIED.)
CURVE()
GEOMETRIC_REPRESENTATION_ITEM()
RATIONAL_B_SPLINE_CURVE((1.,0.923879532511287,1.,0.923879532511287,1.,0.923879532511287,
1.,0.923879532511287,1.))
REPRESENTATION_ITEM('')
);
#65=(
BOUNDED_CURVE()
B_SPLINE_CURVE(2,(#4634,#4635,#4636,#4637,#4638,#4639,#4640,#4641,#4642),
 .UNSPECIFIED.,.F.,.F.)
B_SPLINE_CURVE_WITH_KNOTS((3,2,2,2,3),(0.305555555555555,0.319444444444444,
0.333333333333334,0.347222222222222,0.361111111111111),.UNSPECIFIED.)
CURVE()
GEOMETRIC_REPRESENTATION_ITEM()
RATIONAL_B_SPLINE_CURVE((1.,0.923879532511287,1.,0.923879532511287,1.,0.923879532511287,
1.,0.923879532511287,1.))
REPRESENTATION_ITEM('')
);
#66=(
BOUNDED_CURVE()
B_SPLINE_CURVE(2,(#4644,#4645,#4646,#4647,#4648,#4649,#4650,#4651,#4652),
 .UNSPECIFIED.,.F.,.F.)
B_SPLINE_CURVE_WITH_KNOTS((3,2,2,2,3),(0.361111111111111,0.375,0.388888888888889,
0.402777777777778,0.416666666666667),.UNSPECIFIED.)
CURVE()
GEOMETRIC_REPRESENTATION_ITEM()
RATIONAL_B_SPLINE_CURVE((1.,0.923879532511287,1.,0.923879532511287,1.,0.923879532511287,
1.,0.923879532511287,1.))
REPRESENTATION_ITEM('')
);
#67=(
BOUNDED_CURVE()
B_SPLINE_CURVE(2,(#4654,#4655,#4656,#4657,#4658,#4659,#4660,#4661,#4662),
 .UNSPECIFIED.,.F.,.F.)
B_SPLINE_CURVE_WITH_KNOTS((3,2,2,2,3),(0.416666666666667,0.430555555555555,
0.444444444444444,0.458333333333333,0.472222222222222),.UNSPECIFIED.)
CURVE()
GEOMETRIC_REPRESENTATION_ITEM()
RATIONAL_B_SPLINE_CURVE((1.,0.923879532511287,1.,0.923879532511287,1.,0.923879532511287,
1.,0.923879532511287,1.))
REPRESENTATION_ITEM('')
);
#68=(
BOUNDED_CURVE()
B_SPLINE_CURVE(2,(#4664,#4665,#4666,#4667,#4668,#4669,#4670,#4671,#4672),
 .UNSPECIFIED.,.F.,.F.)
B_SPLINE_CURVE_WITH_KNOTS((3,2,2,2,3),(0.472222222222222,0.486111111111111,
0.5,0.513888888888889,0.527777777777778),.UNSPECIFIED.)
CURVE()
GEOMETRIC_REPRESENTATION_ITEM()
RATIONAL_B_SPLINE_CURVE((1.,0.923879532511287,1.,0.923879532511287,1.,0.923879532511287,
1.,0.923879532511287,1.))
REPRESENTATION_ITEM('')
);
#69=(
BOUNDED_CURVE()
B_SPLINE_CURVE(2,(#4674,#4675,#4676,#4677,#4678,#4679,#4680,#4681,#4682),
 .UNSPECIFIED.,.F.,.F.)
B_SPLINE_CURVE_WITH_KNOTS((3,2,2,2,3),(0.527777777777778,0.541666666666667,
0.555555555555556,0.569444444444444,0.583333333333333),.UNSPECIFIED.)
CURVE()
GEOMETRIC_REPRESENTATION_ITEM()
RATIONAL_B_SPLINE_CURVE((1.,0.923879532511287,1.,0.923879532511287,1.,0.923879532511287,
1.,0.923879532511287,1.))
REPRESENTATION_ITEM('')
);
#70=(
BOUNDED_CURVE()
B_SPLINE_CURVE(2,(#4684,#4685,#4686,#4687,#4688,#4689,#4690,#4691,#4692),
 .UNSPECIFIED.,.F.,.F.)
B_SPLINE_CURVE_WITH_KNOTS((3,2,2,2,3),(0.583333333333333,0.597222222222222,
0.611111111111111,0.625,0.638888888888889),.UNSPECIFIED.)
CURVE()
GEOMETRIC_REPRESENTATION_ITEM()
RATIONAL_B_SPLINE_CURVE((1.,0.923879532511287,1.,0.923879532511287,1.,0.923879532511287,
1.,0.923879532511287,1.))
REPRESENTATION_ITEM('')
);
#71=(
BOUNDED_CURVE()
B_SPLINE_CURVE(2,(#4694,#4695,#4696,#4697,#4698,#4699,#4700,#4701,#4702),
 .UNSPECIFIED.,.F.,.F.)
B_SPLINE_CURVE_WITH_KNOTS((3,2,2,2,3),(0.638888888888889,0.652777777777778,
0.666666666666667,0.680555555555556,0.694444444444444),.UNSPECIFIED.)
CURVE()
GEOMETRIC_REPRESENTATION_ITEM()
RATIONAL_B_SPLINE_CURVE((1.,0.923879532511287,1.,0.923879532511287,1.,0.923879532511287,
1.,0.923879532511287,1.))
REPRESENTATION_ITEM('')
);
#72=(
BOUNDED_CURVE()
B_SPLINE_CURVE(2,(#4704,#4705,#4706,#4707,#4708,#4709,#4710,#4711,#4712),
 .UNSPECIFIED.,.F.,.F.)
B_SPLINE_CURVE_WITH_KNOTS((3,2,2,2,3),(0.694444444444444,0.708333333333333,
0.722222222222222,0.736111111111111,0.75),.UNSPECIFIED.)
CURVE()
GEOMETRIC_REPRESENTATION_ITEM()
RATIONAL_B_SPLINE_CURVE((1.,0.923879532511287,1.,0.923879532511287,1.,0.923879532511287,
1.,0.923879532511287,1.))
REPRESENTATION_ITEM('')
);
#73=(
BOUNDED_CURVE()
B_SPLINE_CURVE(2,(#4714,#4715,#4716,#4717,#4718,#4719,#4720,#4721,#4722),
 .UNSPECIFIED.,.F.,.F.)
B_SPLINE_CURVE_WITH_KNOTS((3,2,2,2,3),(0.75,0.763888888888889,0.777777777777778,
0.791666666666667,0.805555555555556),.UNSPECIFIED.)
CURVE()
GEOMETRIC_REPRESENTATION_ITEM()
RATIONAL_B_SPLINE_CURVE((1.,0.923879532511287,1.,0.923879532511287,1.,0.923879532511287,
1.,0.923879532511287,1.))
REPRESENTATION_ITEM('')
);
#74=(
BOUNDED_CURVE()
B_SPLINE_CURVE(2,(#4724,#4725,#4726,#4727,#4728,#4729,#4730,#4731,#4732),
 .UNSPECIFIED.,.F.,.F.)
B_SPLINE_CURVE_WITH_KNOTS((3,2,2,2,3),(0.805555555555556,0.819444444444444,
0.833333333333333,0.847222222222222,0.861111111111111),.UNSPECIFIED.)
CURVE()
GEOMETRIC_REPRESENTATION_ITEM()
RATIONAL_B_SPLINE_CURVE((1.,0.923879532511287,1.,0.923879532511287,1.,0.923879532511287,
1.,0.923879532511287,1.))
REPRESENTATION_ITEM('')
);
#75=(
BOUNDED_CURVE()
B_SPLINE_CURVE(2,(#4734,#4735,#4736,#4737,#4738,#4739,#4740,#4741,#4742),
 .UNSPECIFIED.,.F.,.F.)
B_SPLINE_CURVE_WITH_KNOTS((3,2,2,2,3),(0.861111111111111,0.875,0.888888888888889,
0.902777777777778,0.916666666666667),.UNSPECIFIED.)
CURVE()
GEOMETRIC_REPRESENTATION_ITEM()
RATIONAL_B_SPLINE_CURVE((1.,0.923879532511287,1.,0.923879532511287,1.,0.923879532511287,
1.,0.923879532511287,1.))
REPRESENTATION_ITEM('')
);
#76=(
BOUNDED_CURVE()
B_SPLINE_CURVE(2,(#4744,#4745,#4746,#4747,#4748,#4749,#4750,#4751,#4752),
 .UNSPECIFIED.,.F.,.F.)
B_SPLINE_CURVE_WITH_KNOTS((3,2,2,2,3),(0.916666666666667,0.930555555555556,
0.944444444444444,0.958333333333333,0.972222222222222),.UNSPECIFIED.)
CURVE()
GEOMETRIC_REPRESENTATION_ITEM()
RATIONAL_B_SPLINE_CURVE((1.,0.923879532511287,1.,0.923879532511287,1.,0.923879532511287,
1.,0.923879532511287,1.))
REPRESENTATION_ITEM('')
);
#77=(
BOUNDED_CURVE()
B_SPLINE_CURVE(2,(#4754,#4755,#4756,#4757,#4758),.UNSPECIFIED.,.F.,.F.)
B_SPLINE_CURVE_WITH_KNOTS((3,2,3),(0.972222222222222,0.986111111111111,
1.),.UNSPECIFIED.)
CURVE()
GEOMETRIC_REPRESENTATION_ITEM()
RATIONAL_B_SPLINE_CURVE((1.,0.923879532511287,1.,0.923879532511287,1.))
REPRESENTATION_ITEM('')
);
#78=(
BOUNDED_SURFACE()
B_SPLINE_SURFACE(1,2,((#3739,#3740,#3741,#3742,#3743,#3744,#3745,#3746,
#3747,#3748,#3749,#3750,#3751,#3752,#3753,#3754,#3755,#3756,#3757,#3758,
#3759,#3760,#3761,#3762,#3763,#3764,#3765,#3766,#3767,#3768,#3769,#3770,
#3771,#3772,#3773,#3774,#3775,#3776,#3777,#3778,#3779,#3780,#3781,#3782,
#3783,#3784,#3785,#3786,#3787,#3788,#3789,#3790,#3791,#3792,#3793,#3794,
#3795,#3796,#3797,#3798,#3799,#3800,#3801,#3802,#3803,#3804,#3805,#3806,
#3807,#3808,#3809,#3810,#3811,#3812,#3813,#3814,#3815,#3816,#3817,#3818,
#3819,#3820,#3821,#3822,#3823,#3824,#3825,#3826,#3827,#3828,#3829,#3830,
#3831,#3832,#3833,#3834,#3835,#3836,#3837,#3838,#3839,#3840,#3841,#3842,
#3843,#3844,#3845,#3846,#3847,#3848,#3849,#3850,#3851,#3852,#3853,#3854,
#3855,#3856,#3857,#3858,#3859,#3860,#3861,#3862,#3863,#3864,#3865,#3866,
#3867,#3868,#3869,#3870,#3871,#3872,#3873),(#3874,#3875,#3876,#3877,#3878,
#3879,#3880,#3881,#3882,#3883,#3884,#3885,#3886,#3887,#3888,#3889,#3890,
#3891,#3892,#3893,#3894,#3895,#3896,#3897,#3898,#3899,#3900,#3901,#3902,
#3903,#3904,#3905,#3906,#3907,#3908,#3909,#3910,#3911,#3912,#3913,#3914,
#3915,#3916,#3917,#3918,#3919,#3920,#3921,#3922,#3923,#3924,#3925,#3926,
#3927,#3928,#3929,#3930,#3931,#3932,#3933,#3934,#3935,#3936,#3937,#3938,
#3939,#3940,#3941,#3942,#3943,#3944,#3945,#3946,#3947,#3948,#3949,#3950,
#3951,#3952,#3953,#3954,#3955,#3956,#3957,#3958,#3959,#3960,#3961,#3962,
#3963,#3964,#3965,#3966,#3967,#3968,#3969,#3970,#3971,#3972,#3973,#3974,
#3975,#3976,#3977,#3978,#3979,#3980,#3981,#3982,#3983,#3984,#3985,#3986,
#3987,#3988,#3989,#3990,#3991,#3992,#3993,#3994,#3995,#3996,#3997,#3998,
#3999,#4000,#4001,#4002,#4003,#4004,#4005,#4006,#4007,#4008)),
 .RULED_SURF.,.F.,.F.,.F.)
B_SPLINE_SURFACE_WITH_KNOTS((2,2),(3,2,2,2,2,2,2,2,2,2,2,2,2,2,2,2,2,2,
2,2,2,2,2,2,2,2,2,2,2,2,2,2,2,2,2,2,2,2,2,2,2,2,2,2,2,2,2,2,2,2,2,2,2,2,
2,2,2,2,2,2,2,2,2,2,2,2,2,3),(0.300145341380043,1.),(0.,0.0138888888888889,
0.0277777777777778,0.0416666666666667,0.0555555555555556,0.0694444444444445,
0.0833333333333333,0.0972222222222222,0.111111111111111,0.125,0.138888888888889,
0.152777777777778,0.166666666666667,0.180555555555555,0.194444444444445,
0.208333333333334,0.222222222222222,0.236111111111111,0.25,0.263888888888889,
0.277777777777778,0.291666666666667,0.305555555555555,0.319444444444444,
0.333333333333334,0.347222222222222,0.361111111111111,0.375,0.388888888888889,
0.402777777777778,0.416666666666667,0.430555555555555,0.444444444444444,
0.458333333333333,0.472222222222222,0.486111111111111,0.5,0.513888888888889,
0.527777777777778,0.541666666666667,0.555555555555556,0.569444444444444,
0.583333333333333,0.597222222222222,0.611111111111111,0.625,0.638888888888889,
0.652777777777778,0.666666666666667,0.680555555555556,0.694444444444444,
0.708333333333333,0.722222222222222,0.736111111111111,0.75,0.763888888888889,
0.777777777777778,0.791666666666667,0.805555555555556,0.819444444444444,
0.833333333333333,0.847222222222222,0.861111111111111,0.875,0.888888888888889,
0.902777777777778,0.916666666666667,0.927036342263274),
 .PIECEWISE_BEZIER_KNOTS.)
GEOMETRIC_REPRESENTATION_ITEM()
RATIONAL_B_SPLINE_SURFACE(((1.,0.923879532511287,1.,0.923879532511287,1.,
0.923879532511287,1.,0.923879532511287,1.,0.923879532511287,1.,0.923879532511287,
1.,0.923879532511287,1.,0.923879532511287,1.,0.923879532511287,1.,0.923879532511287,
1.,0.923879532511287,1.,0.923879532511287,1.,0.923879532511287,1.,0.923879532511287,
1.,0.923879532511287,1.,0.923879532511287,1.,0.923879532511287,1.,0.923879532511287,
1.,0.923879532511287,1.,0.923879532511287,1.,0.923879532511287,1.,0.923879532511287,
1.,0.923879532511287,1.,0.923879532511287,1.,0.923879532511287,1.,0.923879532511287,
1.,0.923879532511287,1.,0.923879532511287,1.,0.923879532511287,1.,0.923879532511287,
1.,0.923879532511287,1.,0.923879532511287,1.,0.923879532511287,1.,0.923879532511287,
1.,0.923879532511287,1.,0.923879532511287,1.,0.923879532511287,1.,0.923879532511287,
1.,0.923879532511287,1.,0.923879532511287,1.,0.923879532511287,1.,0.923879532511287,
1.,0.923879532511287,1.,0.923879532511287,1.,0.923879532511287,1.,0.923879532511287,
1.,0.923879532511287,1.,0.923879532511287,1.,0.923879532511287,1.,0.923879532511287,
1.,0.923879532511287,1.,0.923879532511287,1.,0.923879532511287,1.,0.923879532511287,
1.,0.923879532511287,1.,0.923879532511287,1.,0.923879532511287,1.,0.923879532511287,
1.,0.923879532511287,1.,0.923879532511287,1.,0.923879532511287,1.,0.923879532511287,
1.,0.923879532511287,1.,0.923879532511287,1.,0.923879532511287,1.,0.923879532511287,
1.,0.943167192103354,0.971199024689795),(1.,0.923879532511287,1.,0.923879532511287,
1.,0.923879532511287,1.,0.923879532511287,1.,0.923879532511287,1.,0.923879532511287,
1.,0.923879532511287,1.,0.923879532511287,1.,0.923879532511287,1.,0.923879532511287,
1.,0.923879532511287,1.,0.923879532511287,1.,0.923879532511287,1.,0.923879532511287,
1.,0.923879532511287,1.,0.923879532511287,1.,0.923879532511287,1.,0.923879532511287,
1.,0.923879532511287,1.,0.923879532511287,1.,0.923879532511287,1.,0.923879532511287,
1.,0.923879532511287,1.,0.923879532511287,1.,0.923879532511287,1.,0.923879532511287,
1.,0.923879532511287,1.,0.923879532511287,1.,0.923879532511287,1.,0.923879532511287,
1.,0.923879532511287,1.,0.923879532511287,1.,0.923879532511287,1.,0.923879532511287,
1.,0.923879532511287,1.,0.923879532511287,1.,0.923879532511287,1.,0.923879532511287,
1.,0.923879532511287,1.,0.923879532511287,1.,0.923879532511287,1.,0.923879532511287,
1.,0.923879532511287,1.,0.923879532511287,1.,0.923879532511287,1.,0.923879532511287,
1.,0.923879532511287,1.,0.923879532511287,1.,0.923879532511287,1.,0.923879532511287,
1.,0.923879532511287,1.,0.923879532511287,1.,0.923879532511287,1.,0.923879532511287,
1.,0.923879532511287,1.,0.923879532511287,1.,0.923879532511287,1.,0.923879532511287,
1.,0.923879532511287,1.,0.923879532511287,1.,0.923879532511287,1.,0.923879532511287,
1.,0.923879532511287,1.,0.923879532511287,1.,0.923879532511287,1.,0.923879532511287,
1.,0.943167192103354,0.971199024689795)))
REPRESENTATION_ITEM('')
SURFACE()
);
#79=(
BOUNDED_SURFACE()
B_SPLINE_SURFACE(1,2,((#4330,#4331,#4332,#4333,#4334,#4335,#4336,#4337,
#4338,#4339,#4340,#4341,#4342,#4343,#4344,#4345,#4346,#4347,#4348,#4349,
#4350,#4351,#4352,#4353,#4354,#4355,#4356,#4357,#4358,#4359,#4360,#4361,
#4362,#4363,#4364,#4365,#4366,#4367,#4368,#4369,#4370,#4371,#4372,#4373,
#4374,#4375,#4376,#4377,#4378,#4379,#4380,#4381,#4382,#4383,#4384,#4385,
#4386,#4387,#4388,#4389,#4390,#4391,#4392,#4393,#4394,#4395,#4396,#4397,
#4398,#4399,#4400,#4401,#4402,#4403,#4404,#4405,#4406,#4407,#4408,#4409,
#4410,#4411,#4412,#4413,#4414,#4415,#4416,#4417,#4418,#4419,#4420,#4421,
#4422,#4423,#4424,#4425,#4426,#4427,#4428,#4429,#4430,#4431,#4432,#4433,
#4434,#4435,#4436,#4437,#4438,#4439,#4440,#4441,#4442,#4443,#4444,#4445,
#4446,#4447,#4448,#4449,#4450,#4451,#4452,#4453,#4454,#4455,#4456,#4457,
#4458,#4459,#4460),(#4461,#4462,#4463,#4464,#4465,#4466,#4467,#4468,#4469,
#4470,#4471,#4472,#4473,#4474,#4475,#4476,#4477,#4478,#4479,#4480,#4481,
#4482,#4483,#4484,#4485,#4486,#4487,#4488,#4489,#4490,#4491,#4492,#4493,
#4494,#4495,#4496,#4497,#4498,#4499,#4500,#4501,#4502,#4503,#4504,#4505,
#4506,#4507,#4508,#4509,#4510,#4511,#4512,#4513,#4514,#4515,#4516,#4517,
#4518,#4519,#4520,#4521,#4522,#4523,#4524,#4525,#4526,#4527,#4528,#4529,
#4530,#4531,#4532,#4533,#4534,#4535,#4536,#4537,#4538,#4539,#4540,#4541,
#4542,#4543,#4544,#4545,#4546,#4547,#4548,#4549,#4550,#4551,#4552,#4553,
#4554,#4555,#4556,#4557,#4558,#4559,#4560,#4561,#4562,#4563,#4564,#4565,
#4566,#4567,#4568,#4569,#4570,#4571,#4572,#4573,#4574,#4575,#4576,#4577,
#4578,#4579,#4580,#4581,#4582,#4583,#4584,#4585,#4586,#4587,#4588,#4589,
#4590,#4591)),.RULED_SURF.,.F.,.F.,.F.)
B_SPLINE_SURFACE_WITH_KNOTS((2,2),(3,2,2,2,2,2,2,2,2,2,2,2,2,2,2,2,2,2,
2,2,2,2,2,2,2,2,2,2,2,2,2,2,2,2,2,2,2,2,2,2,2,2,2,2,2,2,2,2,2,2,2,2,2,2,
2,2,2,2,2,2,2,2,2,2,2,3),(0.,0.699854658620019),(0.,0.0138888888888889,
0.0277777777777778,0.0416666666666667,0.0555555555555556,0.0694444444444445,
0.0833333333333333,0.0972222222222222,0.111111111111111,0.125,0.138888888888889,
0.152777777777778,0.166666666666667,0.180555555555555,0.194444444444445,
0.208333333333334,0.222222222222222,0.236111111111111,0.25,0.263888888888889,
0.277777777777778,0.291666666666667,0.305555555555555,0.319444444444444,
0.333333333333334,0.347222222222222,0.361111111111111,0.375,0.388888888888889,
0.402777777777778,0.416666666666667,0.430555555555555,0.444444444444444,
0.458333333333333,0.472222222222222,0.486111111111111,0.5,0.513888888888889,
0.527777777777778,0.541666666666667,0.555555555555556,0.569444444444444,
0.583333333333333,0.597222222222222,0.611111111111111,0.625,0.638888888888889,
0.652777777777778,0.666666666666667,0.680555555555556,0.694444444444444,
0.708333333333333,0.722222222222222,0.736111111111111,0.75,0.763888888888889,
0.777777777777778,0.791666666666667,0.805555555555556,0.819444444444444,
0.833333333333333,0.847222222222222,0.861111111111111,0.875,0.888888888888889,
0.893650309365333),.PIECEWISE_BEZIER_KNOTS.)
GEOMETRIC_REPRESENTATION_ITEM()
RATIONAL_B_SPLINE_SURFACE(((1.,0.923879532511287,1.,0.923879532511287,1.,
0.923879532511287,1.,0.923879532511287,1.,0.923879532511287,1.,0.923879532511287,
1.,0.923879532511287,1.,0.923879532511287,1.,0.923879532511287,1.,0.923879532511287,
1.,0.923879532511287,1.,0.923879532511287,1.,0.923879532511287,1.,0.923879532511287,
1.,0.923879532511287,1.,0.923879532511287,1.,0.923879532511287,1.,0.923879532511287,
1.,0.923879532511287,1.,0.923879532511287,1.,0.923879532511287,1.,0.923879532511287,
1.,0.923879532511287,1.,0.923879532511287,1.,0.923879532511287,1.,0.923879532511287,
1.,0.923879532511287,1.,0.923879532511287,1.,0.923879532511287,1.,0.923879532511287,
1.,0.923879532511287,1.,0.923879532511287,1.,0.923879532511287,1.,0.923879532511287,
1.,0.923879532511287,1.,0.923879532511287,1.,0.923879532511287,1.,0.923879532511287,
1.,0.923879532511287,1.,0.923879532511287,1.,0.923879532511287,1.,0.923879532511287,
1.,0.923879532511287,1.,0.923879532511287,1.,0.923879532511287,1.,0.923879532511287,
1.,0.923879532511287,1.,0.923879532511287,1.,0.923879532511287,1.,0.923879532511287,
1.,0.923879532511287,1.,0.923879532511287,1.,0.923879532511287,1.,0.923879532511287,
1.,0.923879532511287,1.,0.923879532511287,1.,0.923879532511287,1.,0.923879532511287,
1.,0.923879532511287,1.,0.923879532511287,1.,0.923879532511287,1.,0.923879532511287,
1.,0.923879532511287,1.,0.923879532511287,1.,0.973904208214441,0.965700853808256),
(1.,0.923879532511287,1.,0.923879532511287,1.,0.923879532511287,1.,0.923879532511287,
1.,0.923879532511287,1.,0.923879532511287,1.,0.923879532511287,1.,0.923879532511287,
1.,0.923879532511287,1.,0.923879532511287,1.,0.923879532511287,1.,0.923879532511287,
1.,0.923879532511287,1.,0.923879532511287,1.,0.923879532511287,1.,0.923879532511287,
1.,0.923879532511287,1.,0.923879532511287,1.,0.923879532511287,1.,0.923879532511287,
1.,0.923879532511287,1.,0.923879532511287,1.,0.923879532511287,1.,0.923879532511287,
1.,0.923879532511287,1.,0.923879532511287,1.,0.923879532511287,1.,0.923879532511287,
1.,0.923879532511287,1.,0.923879532511287,1.,0.923879532511287,1.,0.923879532511287,
1.,0.923879532511287,1.,0.923879532511287,1.,0.923879532511287,1.,0.923879532511287,
1.,0.923879532511287,1.,0.923879532511287,1.,0.923879532511287,1.,0.923879532511287,
1.,0.923879532511287,1.,0.923879532511287,1.,0.923879532511287,1.,0.923879532511287,
1.,0.923879532511287,1.,0.923879532511287,1.,0.923879532511287,1.,0.923879532511287,
1.,0.923879532511287,1.,0.923879532511287,1.,0.923879532511287,1.,0.923879532511287,
1.,0.923879532511287,1.,0.923879532511287,1.,0.923879532511287,1.,0.923879532511287,
1.,0.923879532511287,1.,0.923879532511287,1.,0.923879532511287,1.,0.923879532511287,
1.,0.923879532511287,1.,0.923879532511287,1.,0.923879532511287,1.,0.923879532511287,
1.,0.973904208214441,0.965700853808256)))
REPRESENTATION_ITEM('')
SURFACE()
);
#80=B_SPLINE_CURVE_WITH_KNOTS('',3,(#3727,#3728,#3729,#3730,#3731,#3732,
#3733),.UNSPECIFIED.,.F.,.F.,(4,1,1,1,4),(0.,0.00307444678302857,0.00614889356605714,
0.00922334034908571,0.0122977871321143),.UNSPECIFIED.);
#81=B_SPLINE_CURVE_WITH_KNOTS('',3,(#4171,#4172,#4173,#4174),
 .UNSPECIFIED.,.F.,.F.,(4,4),(0.,1.),.UNSPECIFIED.);
#82=B_SPLINE_CURVE_WITH_KNOTS('',3,(#4176,#4177,#4178,#4179,#4180,#4181,
#4182,#4183,#4184,#4185,#4186,#4187,#4188,#4189,#4190,#4191),
 .UNSPECIFIED.,.F.,.F.,(4,1,1,1,1,1,1,1,1,1,1,1,1,4),(0.,0.125,0.1875,0.25,
0.28125,0.3125,0.34375,0.375,0.4375,0.5,0.5625,0.625,0.75,1.),
 .UNSPECIFIED.);
#83=B_SPLINE_CURVE_WITH_KNOTS('',3,(#4193,#4194,#4195,#4196,#4197,#4198,
#4199),.UNSPECIFIED.,.F.,.F.,(4,1,1,1,4),(2.71050543121376E-20,0.00238916477507144,
0.00477832955014288,0.00716749432521431,0.00955665910028575),
 .UNSPECIFIED.);
#84=B_SPLINE_CURVE_WITH_KNOTS('',3,(#4592,#4593,#4594,#4595,#4596,#4597,
#4598),.UNSPECIFIED.,.F.,.F.,(4,1,1,1,4),(0.,0.00230102286735222,0.00460204573470444,
0.00690306860205666,0.00920409146940888),.UNSPECIFIED.);
#85=B_SPLINE_CURVE_WITH_KNOTS('',3,(#4600,#4601,#4602,#4603,#4604),
 .UNSPECIFIED.,.F.,.F.,(4,1,4),(0.,0.0039500719540651,0.0079001439081302),
 .UNSPECIFIED.);
#86=TOROIDAL_SURFACE('',#2603,0.00045,0.00025);
#87=TOROIDAL_SURFACE('',#2608,0.00045,0.00025);
#88=TOROIDAL_SURFACE('',#2613,0.00045,0.00025);
#89=TOROIDAL_SURFACE('',#2618,0.00045,0.00025);
#90=TOROIDAL_SURFACE('',#2654,0.005725,0.000125);
#91=PLANE('',#2575);
#92=PLANE('',#2577);
#93=PLANE('',#2578);
#94=PLANE('',#2579);
#95=PLANE('',#2581);
#96=PLANE('',#2582);
#97=PLANE('',#2583);
#98=PLANE('',#2585);
#99=PLANE('',#2588);
#100=PLANE('',#2589);
#101=PLANE('',#2591);
#102=PLANE('',#2594);
#103=PLANE('',#2595);
#104=PLANE('',#2597);
#105=PLANE('',#2599);
#106=PLANE('',#2601);
#107=PLANE('',#2602);
#108=PLANE('',#2623);
#109=PLANE('',#2624);
#110=PLANE('',#2625);
#111=PLANE('',#2626);
#112=PLANE('',#2631);
#113=PLANE('',#2633);
#114=PLANE('',#2634);
#115=PLANE('',#2636);
#116=PLANE('',#2639);
#117=PLANE('',#2640);
#118=PLANE('',#2641);
#119=PLANE('',#2642);
#120=PLANE('',#2646);
#121=PLANE('',#2661);
#122=PLANE('',#2664);
#123=PLANE('',#2672);
#124=PLANE('',#2674);
#125=PLANE('',#2676);
#126=PLANE('',#2684);
#127=PLANE('',#2686);
#128=PLANE('',#2688);
#129=PLANE('',#2690);
#130=PLANE('',#2691);
#131=PLANE('',#2692);
#132=PLANE('',#2694);
#133=PLANE('',#2696);
#134=PLANE('',#2697);
#135=PLANE('',#2698);
#136=PLANE('',#2700);
#137=PLANE('',#2702);
#138=PLANE('',#2705);
#139=PLANE('',#2708);
#140=PLANE('',#2711);
#141=PLANE('',#2719);
#142=PLANE('',#2723);
#143=PLANE('',#2739);
#144=PLANE('',#2740);
#145=PLANE('',#2750);
#146=PLANE('',#2751);
#147=PLANE('',#2753);
#148=PLANE('',#2754);
#149=PLANE('',#2755);
#150=PLANE('',#2756);
#151=PLANE('',#2757);
#152=PLANE('',#2758);
#153=PLANE('',#2759);
#154=PLANE('',#2760);
#155=PLANE('',#2762);
#156=PLANE('',#2763);
#157=PLANE('',#2764);
#158=PLANE('',#2765);
#159=PLANE('',#2766);
#160=PLANE('',#2767);
#161=PLANE('',#2768);
#162=PLANE('',#2769);
#163=PLANE('',#2771);
#164=PLANE('',#2772);
#165=PLANE('',#2773);
#166=PLANE('',#2774);
#167=PLANE('',#2775);
#168=PLANE('',#2776);
#169=PLANE('',#2777);
#170=PLANE('',#2778);
#171=PLANE('',#2780);
#172=PLANE('',#2781);
#173=PLANE('',#2782);
#174=PLANE('',#2783);
#175=PLANE('',#2784);
#176=PLANE('',#2785);
#177=PLANE('',#2786);
#178=PLANE('',#2787);
#179=PLANE('',#2789);
#180=PLANE('',#2792);
#181=LINE('',#3493,#366);
#182=LINE('',#3497,#367);
#183=LINE('',#3502,#368);
#184=LINE('',#3506,#369);
#185=LINE('',#3511,#370);
#186=LINE('',#3515,#371);
#187=LINE('',#3520,#372);
#188=LINE('',#3524,#373);
#189=LINE('',#3529,#374);
#190=LINE('',#3533,#375);
#191=LINE('',#3538,#376);
#192=LINE('',#3542,#377);
#193=LINE('',#3547,#378);
#194=LINE('',#3551,#379);
#195=LINE('',#3556,#380);
#196=LINE('',#3560,#381);
#197=LINE('',#3565,#382);
#198=LINE('',#3569,#383);
#199=LINE('',#3574,#384);
#200=LINE('',#3578,#385);
#201=LINE('',#3580,#386);
#202=LINE('',#3582,#387);
#203=LINE('',#3583,#388);
#204=LINE('',#3587,#389);
#205=LINE('',#3589,#390);
#206=LINE('',#3591,#391);
#207=LINE('',#3593,#392);
#208=LINE('',#3595,#393);
#209=LINE('',#3597,#394);
#210=LINE('',#3598,#395);
#211=LINE('',#3602,#396);
#212=LINE('',#3604,#397);
#213=LINE('',#3606,#398);
#214=LINE('',#3608,#399);
#215=LINE('',#3610,#400);
#216=LINE('',#3611,#401);
#217=LINE('',#3615,#402);
#218=LINE('',#3617,#403);
#219=LINE('',#3619,#404);
#220=LINE('',#3623,#405);
#221=LINE('',#3625,#406);
#222=LINE('',#3627,#407);
#223=LINE('',#3628,#408);
#224=LINE('',#3632,#409);
#225=LINE('',#3634,#410);
#226=LINE('',#3636,#411);
#227=LINE('',#3640,#412);
#228=LINE('',#3642,#413);
#229=LINE('',#3650,#414);
#230=LINE('',#3655,#415);
#231=LINE('',#3657,#416);
#232=LINE('',#3659,#417);
#233=LINE('',#3662,#418);
#234=LINE('',#3663,#419);
#235=LINE('',#3665,#420);
#236=LINE('',#3668,#421);
#237=LINE('',#3669,#422);
#238=LINE('',#3707,#423);
#239=LINE('',#3709,#424);
#240=LINE('',#3711,#425);
#241=LINE('',#3713,#426);
#242=LINE('',#3715,#427);
#243=LINE('',#3717,#428);
#244=LINE('',#3721,#429);
#245=LINE('',#3723,#430);
#246=LINE('',#3736,#431);
#247=LINE('',#4009,#432);
#248=LINE('',#4760,#433);
#249=LINE('',#4762,#434);
#250=LINE('',#4766,#435);
#251=LINE('',#4768,#436);
#252=LINE('',#4769,#437);
#253=LINE('',#4770,#438);
#254=LINE('',#4772,#439);
#255=LINE('',#4776,#440);
#256=LINE('',#4780,#441);
#257=LINE('',#4782,#442);
#258=LINE('',#4783,#443);
#259=LINE('',#4785,#444);
#260=LINE('',#4786,#445);
#261=LINE('',#4787,#446);
#262=LINE('',#4789,#447);
#263=LINE('',#4790,#448);
#264=LINE('',#4792,#449);
#265=LINE('',#4793,#450);
#266=LINE('',#4795,#451);
#267=LINE('',#4796,#452);
#268=LINE('',#4797,#453);
#269=LINE('',#4799,#454);
#270=LINE('',#4800,#455);
#271=LINE('',#4801,#456);
#272=LINE('',#4802,#457);
#273=LINE('',#4803,#458);
#274=LINE('',#4865,#459);
#275=LINE('',#4868,#460);
#276=LINE('',#4870,#461);
#277=LINE('',#4872,#462);
#278=LINE('',#4876,#463);
#279=LINE('',#4879,#464);
#280=LINE('',#4880,#465);
#281=LINE('',#4882,#466);
#282=LINE('',#4884,#467);
#283=LINE('',#4886,#468);
#284=LINE('',#4892,#469);
#285=LINE('',#4895,#470);
#286=LINE('',#4897,#471);
#287=LINE('',#4899,#472);
#288=LINE('',#4901,#473);
#289=LINE('',#4904,#474);
#290=LINE('',#4906,#475);
#291=LINE('',#4908,#476);
#292=LINE('',#4911,#477);
#293=LINE('',#4913,#478);
#294=LINE('',#4988,#479);
#295=LINE('',#4991,#480);
#296=LINE('',#4993,#481);
#297=LINE('',#4995,#482);
#298=LINE('',#4997,#483);
#299=LINE('',#4999,#484);
#300=LINE('',#5001,#485);
#301=LINE('',#5004,#486);
#302=LINE('',#5006,#487);
#303=LINE('',#5008,#488);
#304=LINE('',#5010,#489);
#305=LINE('',#5012,#490);
#306=LINE('',#5014,#491);
#307=LINE('',#5015,#492);
#308=LINE('',#5017,#493);
#309=LINE('',#5019,#494);
#310=LINE('',#5021,#495);
#311=LINE('',#5023,#496);
#312=LINE('',#5027,#497);
#313=LINE('',#5030,#498);
#314=LINE('',#5032,#499);
#315=LINE('',#5034,#500);
#316=LINE('',#5036,#501);
#317=LINE('',#5038,#502);
#318=LINE('',#5040,#503);
#319=LINE('',#5043,#504);
#320=LINE('',#5045,#505);
#321=LINE('',#5047,#506);
#322=LINE('',#5049,#507);
#323=LINE('',#5051,#508);
#324=LINE('',#5053,#509);
#325=LINE('',#5054,#510);
#326=LINE('',#5056,#511);
#327=LINE('',#5058,#512);
#328=LINE('',#5060,#513);
#329=LINE('',#5062,#514);
#330=LINE('',#5066,#515);
#331=LINE('',#5069,#516);
#332=LINE('',#5071,#517);
#333=LINE('',#5073,#518);
#334=LINE('',#5075,#519);
#335=LINE('',#5077,#520);
#336=LINE('',#5079,#521);
#337=LINE('',#5082,#522);
#338=LINE('',#5084,#523);
#339=LINE('',#5086,#524);
#340=LINE('',#5088,#525);
#341=LINE('',#5090,#526);
#342=LINE('',#5092,#527);
#343=LINE('',#5093,#528);
#344=LINE('',#5095,#529);
#345=LINE('',#5097,#530);
#346=LINE('',#5099,#531);
#347=LINE('',#5101,#532);
#348=LINE('',#5105,#533);
#349=LINE('',#5108,#534);
#350=LINE('',#5110,#535);
#351=LINE('',#5112,#536);
#352=LINE('',#5114,#537);
#353=LINE('',#5116,#538);
#354=LINE('',#5118,#539);
#355=LINE('',#5121,#540);
#356=LINE('',#5123,#541);
#357=LINE('',#5125,#542);
#358=LINE('',#5127,#543);
#359=LINE('',#5129,#544);
#360=LINE('',#5131,#545);
#361=LINE('',#5132,#546);
#362=LINE('',#5134,#547);
#363=LINE('',#5136,#548);
#364=LINE('',#5138,#549);
#365=LINE('',#5140,#550);
#366=VECTOR('',#2803,1.);
#367=VECTOR('',#2806,1.);
#368=VECTOR('',#2811,1.);
#369=VECTOR('',#2814,1.);
#370=VECTOR('',#2819,1.);
#371=VECTOR('',#2822,1.);
#372=VECTOR('',#2827,1.);
#373=VECTOR('',#2830,1.);
#374=VECTOR('',#2835,1.);
#375=VECTOR('',#2838,1.);
#376=VECTOR('',#2843,1.);
#377=VECTOR('',#2846,1.);
#378=VECTOR('',#2851,1.);
#379=VECTOR('',#2854,1.);
#380=VECTOR('',#2859,1.);
#381=VECTOR('',#2862,1.);
#382=VECTOR('',#2867,1.);
#383=VECTOR('',#2870,1.);
#384=VECTOR('',#2875,1.);
#385=VECTOR('',#2878,1.);
#386=VECTOR('',#2881,1.);
#387=VECTOR('',#2882,1.);
#388=VECTOR('',#2883,1.);
#389=VECTOR('',#2888,1.);
#390=VECTOR('',#2889,1.);
#391=VECTOR('',#2892,1.);
#392=VECTOR('',#2893,1.);
#393=VECTOR('',#2896,1.);
#394=VECTOR('',#2897,1.);
#395=VECTOR('',#2898,1.);
#396=VECTOR('',#2903,1.);
#397=VECTOR('',#2904,1.);
#398=VECTOR('',#2907,1.);
#399=VECTOR('',#2908,1.);
#400=VECTOR('',#2911,1.);
#401=VECTOR('',#2912,1.);
#402=VECTOR('',#2915,1.);
#403=VECTOR('',#2918,1.);
#404=VECTOR('',#2919,1.);
#405=VECTOR('',#2924,1.);
#406=VECTOR('',#2927,1.);
#407=VECTOR('',#2930,1.);
#408=VECTOR('',#2931,1.);
#409=VECTOR('',#2934,1.);
#410=VECTOR('',#2937,1.);
#411=VECTOR('',#2938,1.);
#412=VECTOR('',#2943,1.);
#413=VECTOR('',#2946,1.);
#414=VECTOR('',#2957,1.);
#415=VECTOR('',#2960,1.);
#416=VECTOR('',#2961,1.);
#417=VECTOR('',#2964,1.);
#418=VECTOR('',#2965,1.);
#419=VECTOR('',#2966,1.);
#420=VECTOR('',#2969,1.);
#421=VECTOR('',#2970,1.);
#422=VECTOR('',#2971,1.);
#423=VECTOR('',#3014,1.);
#424=VECTOR('',#3017,1.);
#425=VECTOR('',#3020,1.);
#426=VECTOR('',#3023,1.);
#427=VECTOR('',#3026,1.);
#428=VECTOR('',#3027,1.);
#429=VECTOR('',#3032,1.);
#430=VECTOR('',#3033,1.);
#431=VECTOR('',#3038,1.);
#432=VECTOR('',#3041,1.);
#433=VECTOR('',#3042,1.);
#434=VECTOR('',#3045,1.);
#435=VECTOR('',#3052,1.);
#436=VECTOR('',#3053,1.);
#437=VECTOR('',#3054,1.);
#438=VECTOR('',#3055,1.);
#439=VECTOR('',#3056,1.);
#440=VECTOR('',#3059,1.);
#441=VECTOR('',#3062,1.);
#442=VECTOR('',#3065,1.);
#443=VECTOR('',#3066,1.);
#444=VECTOR('',#3067,1.);
#445=VECTOR('',#3068,1.);
#446=VECTOR('',#3069,1.);
#447=VECTOR('',#3070,1.);
#448=VECTOR('',#3071,1.);
#449=VECTOR('',#3074,1.);
#450=VECTOR('',#3075,1.);
#451=VECTOR('',#3078,1.);
#452=VECTOR('',#3079,1.);
#453=VECTOR('',#3080,1.);
#454=VECTOR('',#3081,1.);
#455=VECTOR('',#3082,1.);
#456=VECTOR('',#3083,1.);
#457=VECTOR('',#3084,1.);
#458=VECTOR('',#3085,1.);
#459=VECTOR('',#3180,1.);
#460=VECTOR('',#3181,1.);
#461=VECTOR('',#3182,1.);
#462=VECTOR('',#3183,1.);
#463=VECTOR('',#3188,1.);
#464=VECTOR('',#3189,1.);
#465=VECTOR('',#3190,1.);
#466=VECTOR('',#3193,1.);
#467=VECTOR('',#3194,1.);
#468=VECTOR('',#3195,1.);
#469=VECTOR('',#3206,1.);
#470=VECTOR('',#3207,1.);
#471=VECTOR('',#3208,1.);
#472=VECTOR('',#3209,1.);
#473=VECTOR('',#3212,1.);
#474=VECTOR('',#3213,1.);
#475=VECTOR('',#3214,1.);
#476=VECTOR('',#3215,1.);
#477=VECTOR('',#3220,1.);
#478=VECTOR('',#3223,1.);
#479=VECTOR('',#3330,1.);
#480=VECTOR('',#3331,1.);
#481=VECTOR('',#3332,1.);
#482=VECTOR('',#3333,1.);
#483=VECTOR('',#3334,1.);
#484=VECTOR('',#3335,1.);
#485=VECTOR('',#3338,1.);
#486=VECTOR('',#3339,1.);
#487=VECTOR('',#3340,1.);
#488=VECTOR('',#3341,1.);
#489=VECTOR('',#3342,1.);
#490=VECTOR('',#3343,1.);
#491=VECTOR('',#3346,1.);
#492=VECTOR('',#3347,1.);
#493=VECTOR('',#3350,1.);
#494=VECTOR('',#3353,1.);
#495=VECTOR('',#3356,1.);
#496=VECTOR('',#3359,1.);
#497=VECTOR('',#3366,1.);
#498=VECTOR('',#3367,1.);
#499=VECTOR('',#3368,1.);
#500=VECTOR('',#3369,1.);
#501=VECTOR('',#3370,1.);
#502=VECTOR('',#3371,1.);
#503=VECTOR('',#3374,1.);
#504=VECTOR('',#3375,1.);
#505=VECTOR('',#3376,1.);
#506=VECTOR('',#3377,1.);
#507=VECTOR('',#3378,1.);
#508=VECTOR('',#3379,1.);
#509=VECTOR('',#3382,1.);
#510=VECTOR('',#3383,1.);
#511=VECTOR('',#3386,1.);
#512=VECTOR('',#3389,1.);
#513=VECTOR('',#3392,1.);
#514=VECTOR('',#3395,1.);
#515=VECTOR('',#3402,1.);
#516=VECTOR('',#3403,1.);
#517=VECTOR('',#3404,1.);
#518=VECTOR('',#3405,1.);
#519=VECTOR('',#3406,1.);
#520=VECTOR('',#3407,1.);
#521=VECTOR('',#3410,1.);
#522=VECTOR('',#3411,1.);
#523=VECTOR('',#3412,1.);
#524=VECTOR('',#3413,1.);
#525=VECTOR('',#3414,1.);
#526=VECTOR('',#3415,1.);
#527=VECTOR('',#3418,1.);
#528=VECTOR('',#3419,1.);
#529=VECTOR('',#3422,1.);
#530=VECTOR('',#3425,1.);
#531=VECTOR('',#3428,1.);
#532=VECTOR('',#3431,1.);
#533=VECTOR('',#3438,1.);
#534=VECTOR('',#3439,1.);
#535=VECTOR('',#3440,1.);
#536=VECTOR('',#3441,1.);
#537=VECTOR('',#3442,1.);
#538=VECTOR('',#3443,1.);
#539=VECTOR('',#3446,1.);
#540=VECTOR('',#3447,1.);
#541=VECTOR('',#3448,1.);
#542=VECTOR('',#3449,1.);
#543=VECTOR('',#3450,1.);
#544=VECTOR('',#3451,1.);
#545=VECTOR('',#3454,1.);
#546=VECTOR('',#3455,1.);
#547=VECTOR('',#3458,1.);
#548=VECTOR('',#3461,1.);
#549=VECTOR('',#3464,1.);
#550=VECTOR('',#3467,1.);
#551=ORIENTED_EDGE('',*,*,#1203,.F.);
#552=ORIENTED_EDGE('',*,*,#1204,.F.);
#553=ORIENTED_EDGE('',*,*,#1205,.F.);
#554=ORIENTED_EDGE('',*,*,#1206,.F.);
#555=ORIENTED_EDGE('',*,*,#1207,.F.);
#556=ORIENTED_EDGE('',*,*,#1208,.F.);
#557=ORIENTED_EDGE('',*,*,#1209,.F.);
#558=ORIENTED_EDGE('',*,*,#1210,.F.);
#559=ORIENTED_EDGE('',*,*,#1211,.F.);
#560=ORIENTED_EDGE('',*,*,#1212,.F.);
#561=ORIENTED_EDGE('',*,*,#1213,.F.);
#562=ORIENTED_EDGE('',*,*,#1214,.F.);
#563=ORIENTED_EDGE('',*,*,#1215,.F.);
#564=ORIENTED_EDGE('',*,*,#1216,.F.);
#565=ORIENTED_EDGE('',*,*,#1217,.F.);
#566=ORIENTED_EDGE('',*,*,#1218,.F.);
#567=ORIENTED_EDGE('',*,*,#1219,.F.);
#568=ORIENTED_EDGE('',*,*,#1220,.F.);
#569=ORIENTED_EDGE('',*,*,#1221,.F.);
#570=ORIENTED_EDGE('',*,*,#1222,.F.);
#571=ORIENTED_EDGE('',*,*,#1223,.F.);
#572=ORIENTED_EDGE('',*,*,#1224,.F.);
#573=ORIENTED_EDGE('',*,*,#1225,.F.);
#574=ORIENTED_EDGE('',*,*,#1226,.F.);
#575=ORIENTED_EDGE('',*,*,#1227,.F.);
#576=ORIENTED_EDGE('',*,*,#1228,.F.);
#577=ORIENTED_EDGE('',*,*,#1229,.F.);
#578=ORIENTED_EDGE('',*,*,#1230,.F.);
#579=ORIENTED_EDGE('',*,*,#1231,.F.);
#580=ORIENTED_EDGE('',*,*,#1232,.F.);
#581=ORIENTED_EDGE('',*,*,#1233,.F.);
#582=ORIENTED_EDGE('',*,*,#1234,.F.);
#583=ORIENTED_EDGE('',*,*,#1235,.F.);
#584=ORIENTED_EDGE('',*,*,#1236,.F.);
#585=ORIENTED_EDGE('',*,*,#1237,.F.);
#586=ORIENTED_EDGE('',*,*,#1238,.F.);
#587=ORIENTED_EDGE('',*,*,#1239,.F.);
#588=ORIENTED_EDGE('',*,*,#1240,.F.);
#589=ORIENTED_EDGE('',*,*,#1241,.F.);
#590=ORIENTED_EDGE('',*,*,#1242,.F.);
#591=ORIENTED_EDGE('',*,*,#1243,.T.);
#592=ORIENTED_EDGE('',*,*,#1215,.T.);
#593=ORIENTED_EDGE('',*,*,#1244,.T.);
#594=ORIENTED_EDGE('',*,*,#1211,.T.);
#595=ORIENTED_EDGE('',*,*,#1245,.T.);
#596=ORIENTED_EDGE('',*,*,#1246,.T.);
#597=ORIENTED_EDGE('',*,*,#1245,.F.);
#598=ORIENTED_EDGE('',*,*,#1214,.T.);
#599=ORIENTED_EDGE('',*,*,#1247,.T.);
#600=ORIENTED_EDGE('',*,*,#1248,.F.);
#601=ORIENTED_EDGE('',*,*,#1249,.T.);
#602=ORIENTED_EDGE('',*,*,#1216,.T.);
#603=ORIENTED_EDGE('',*,*,#1243,.F.);
#604=ORIENTED_EDGE('',*,*,#1250,.T.);
#605=ORIENTED_EDGE('',*,*,#1251,.T.);
#606=ORIENTED_EDGE('',*,*,#1223,.T.);
#607=ORIENTED_EDGE('',*,*,#1252,.T.);
#608=ORIENTED_EDGE('',*,*,#1219,.T.);
#609=ORIENTED_EDGE('',*,*,#1253,.T.);
#610=ORIENTED_EDGE('',*,*,#1254,.T.);
#611=ORIENTED_EDGE('',*,*,#1253,.F.);
#612=ORIENTED_EDGE('',*,*,#1222,.T.);
#613=ORIENTED_EDGE('',*,*,#1255,.T.);
#614=ORIENTED_EDGE('',*,*,#1256,.F.);
#615=ORIENTED_EDGE('',*,*,#1257,.T.);
#616=ORIENTED_EDGE('',*,*,#1224,.T.);
#617=ORIENTED_EDGE('',*,*,#1251,.F.);
#618=ORIENTED_EDGE('',*,*,#1258,.T.);
#619=ORIENTED_EDGE('',*,*,#1259,.T.);
#620=ORIENTED_EDGE('',*,*,#1235,.T.);
#621=ORIENTED_EDGE('',*,*,#1260,.T.);
#622=ORIENTED_EDGE('',*,*,#1261,.T.);
#623=ORIENTED_EDGE('',*,*,#1262,.T.);
#624=ORIENTED_EDGE('',*,*,#1227,.T.);
#625=ORIENTED_EDGE('',*,*,#1263,.T.);
#626=ORIENTED_EDGE('',*,*,#1228,.T.);
#627=ORIENTED_EDGE('',*,*,#1262,.F.);
#628=ORIENTED_EDGE('',*,*,#1264,.T.);
#629=ORIENTED_EDGE('',*,*,#1265,.T.);
#630=ORIENTED_EDGE('',*,*,#1264,.F.);
#631=ORIENTED_EDGE('',*,*,#1261,.F.);
#632=ORIENTED_EDGE('',*,*,#1266,.T.);
#633=ORIENTED_EDGE('',*,*,#1260,.F.);
#634=ORIENTED_EDGE('',*,*,#1238,.T.);
#635=ORIENTED_EDGE('',*,*,#1267,.T.);
#636=ORIENTED_EDGE('',*,*,#1266,.F.);
#637=ORIENTED_EDGE('',*,*,#1268,.T.);
#638=ORIENTED_EDGE('',*,*,#1239,.T.);
#639=ORIENTED_EDGE('',*,*,#1269,.T.);
#640=ORIENTED_EDGE('',*,*,#1270,.T.);
#641=ORIENTED_EDGE('',*,*,#1271,.T.);
#642=ORIENTED_EDGE('',*,*,#1231,.T.);
#643=ORIENTED_EDGE('',*,*,#1272,.T.);
#644=ORIENTED_EDGE('',*,*,#1232,.T.);
#645=ORIENTED_EDGE('',*,*,#1271,.F.);
#646=ORIENTED_EDGE('',*,*,#1273,.T.);
#647=ORIENTED_EDGE('',*,*,#1274,.T.);
#648=ORIENTED_EDGE('',*,*,#1273,.F.);
#649=ORIENTED_EDGE('',*,*,#1270,.F.);
#650=ORIENTED_EDGE('',*,*,#1275,.T.);
#651=ORIENTED_EDGE('',*,*,#1269,.F.);
#652=ORIENTED_EDGE('',*,*,#1242,.T.);
#653=ORIENTED_EDGE('',*,*,#1276,.T.);
#654=ORIENTED_EDGE('',*,*,#1275,.F.);
#655=ORIENTED_EDGE('',*,*,#1277,.T.);
#656=ORIENTED_EDGE('',*,*,#1278,.T.);
#657=ORIENTED_EDGE('',*,*,#1279,.T.);
#658=ORIENTED_EDGE('',*,*,#1280,.T.);
#659=ORIENTED_EDGE('',*,*,#1281,.T.);
#660=ORIENTED_EDGE('',*,*,#1282,.T.);
#661=ORIENTED_EDGE('',*,*,#1283,.T.);
#662=ORIENTED_EDGE('',*,*,#1284,.F.);
#663=ORIENTED_EDGE('',*,*,#1281,.F.);
#664=ORIENTED_EDGE('',*,*,#1285,.T.);
#665=ORIENTED_EDGE('',*,*,#1286,.T.);
#666=ORIENTED_EDGE('',*,*,#1287,.F.);
#667=ORIENTED_EDGE('',*,*,#1279,.F.);
#668=ORIENTED_EDGE('',*,*,#1288,.T.);
#669=ORIENTED_EDGE('',*,*,#1289,.F.);
#670=ORIENTED_EDGE('',*,*,#1290,.F.);
#671=ORIENTED_EDGE('',*,*,#1291,.F.);
#672=ORIENTED_EDGE('',*,*,#1292,.F.);
#673=ORIENTED_EDGE('',*,*,#1293,.F.);
#674=ORIENTED_EDGE('',*,*,#1294,.F.);
#675=ORIENTED_EDGE('',*,*,#1295,.F.);
#676=ORIENTED_EDGE('',*,*,#1296,.F.);
#677=ORIENTED_EDGE('',*,*,#1297,.F.);
#678=ORIENTED_EDGE('',*,*,#1298,.F.);
#679=ORIENTED_EDGE('',*,*,#1299,.F.);
#680=ORIENTED_EDGE('',*,*,#1300,.F.);
#681=ORIENTED_EDGE('',*,*,#1301,.F.);
#682=ORIENTED_EDGE('',*,*,#1302,.F.);
#683=ORIENTED_EDGE('',*,*,#1303,.F.);
#684=ORIENTED_EDGE('',*,*,#1304,.F.);
#685=ORIENTED_EDGE('',*,*,#1305,.T.);
#686=ORIENTED_EDGE('',*,*,#1292,.T.);
#687=ORIENTED_EDGE('',*,*,#1306,.F.);
#688=ORIENTED_EDGE('',*,*,#1300,.T.);
#689=ORIENTED_EDGE('',*,*,#1307,.F.);
#690=ORIENTED_EDGE('',*,*,#1304,.T.);
#691=ORIENTED_EDGE('',*,*,#1308,.T.);
#692=ORIENTED_EDGE('',*,*,#1296,.T.);
#693=ORIENTED_EDGE('',*,*,#1309,.F.);
#694=ORIENTED_EDGE('',*,*,#1294,.T.);
#695=ORIENTED_EDGE('',*,*,#1310,.T.);
#696=ORIENTED_EDGE('',*,*,#1311,.F.);
#697=ORIENTED_EDGE('',*,*,#1312,.F.);
#698=ORIENTED_EDGE('',*,*,#1290,.T.);
#699=ORIENTED_EDGE('',*,*,#1313,.T.);
#700=ORIENTED_EDGE('',*,*,#1314,.F.);
#701=ORIENTED_EDGE('',*,*,#1315,.F.);
#702=ORIENTED_EDGE('',*,*,#1316,.T.);
#703=ORIENTED_EDGE('',*,*,#1317,.T.);
#704=ORIENTED_EDGE('',*,*,#1318,.F.);
#705=ORIENTED_EDGE('',*,*,#1315,.T.);
#706=ORIENTED_EDGE('',*,*,#1319,.T.);
#707=ORIENTED_EDGE('',*,*,#1320,.T.);
#708=ORIENTED_EDGE('',*,*,#1321,.T.);
#709=ORIENTED_EDGE('',*,*,#1322,.T.);
#710=ORIENTED_EDGE('',*,*,#1323,.T.);
#711=ORIENTED_EDGE('',*,*,#1324,.T.);
#712=ORIENTED_EDGE('',*,*,#1325,.T.);
#713=ORIENTED_EDGE('',*,*,#1326,.T.);
#714=ORIENTED_EDGE('',*,*,#1327,.T.);
#715=ORIENTED_EDGE('',*,*,#1328,.T.);
#716=ORIENTED_EDGE('',*,*,#1329,.T.);
#717=ORIENTED_EDGE('',*,*,#1330,.T.);
#718=ORIENTED_EDGE('',*,*,#1331,.T.);
#719=ORIENTED_EDGE('',*,*,#1332,.T.);
#720=ORIENTED_EDGE('',*,*,#1333,.T.);
#721=ORIENTED_EDGE('',*,*,#1334,.T.);
#722=ORIENTED_EDGE('',*,*,#1335,.T.);
#723=ORIENTED_EDGE('',*,*,#1336,.T.);
#724=ORIENTED_EDGE('',*,*,#1337,.F.);
#725=ORIENTED_EDGE('',*,*,#1338,.F.);
#726=ORIENTED_EDGE('',*,*,#1339,.T.);
#727=ORIENTED_EDGE('',*,*,#1340,.T.);
#728=ORIENTED_EDGE('',*,*,#1341,.T.);
#729=ORIENTED_EDGE('',*,*,#1342,.T.);
#730=ORIENTED_EDGE('',*,*,#1343,.T.);
#731=ORIENTED_EDGE('',*,*,#1344,.T.);
#732=ORIENTED_EDGE('',*,*,#1345,.T.);
#733=ORIENTED_EDGE('',*,*,#1346,.T.);
#734=ORIENTED_EDGE('',*,*,#1347,.T.);
#735=ORIENTED_EDGE('',*,*,#1348,.T.);
#736=ORIENTED_EDGE('',*,*,#1349,.T.);
#737=ORIENTED_EDGE('',*,*,#1350,.T.);
#738=ORIENTED_EDGE('',*,*,#1351,.T.);
#739=ORIENTED_EDGE('',*,*,#1352,.T.);
#740=ORIENTED_EDGE('',*,*,#1353,.T.);
#741=ORIENTED_EDGE('',*,*,#1354,.T.);
#742=ORIENTED_EDGE('',*,*,#1355,.T.);
#743=ORIENTED_EDGE('',*,*,#1356,.T.);
#744=ORIENTED_EDGE('',*,*,#1357,.F.);
#745=ORIENTED_EDGE('',*,*,#1338,.T.);
#746=ORIENTED_EDGE('',*,*,#1316,.F.);
#747=ORIENTED_EDGE('',*,*,#1318,.T.);
#748=ORIENTED_EDGE('',*,*,#1357,.T.);
#749=ORIENTED_EDGE('',*,*,#1358,.T.);
#750=ORIENTED_EDGE('',*,*,#1337,.T.);
#751=ORIENTED_EDGE('',*,*,#1359,.T.);
#752=ORIENTED_EDGE('',*,*,#1339,.F.);
#753=ORIENTED_EDGE('',*,*,#1360,.F.);
#754=ORIENTED_EDGE('',*,*,#1208,.T.);
#755=ORIENTED_EDGE('',*,*,#1361,.F.);
#756=ORIENTED_EDGE('',*,*,#1212,.T.);
#757=ORIENTED_EDGE('',*,*,#1244,.F.);
#758=ORIENTED_EDGE('',*,*,#1218,.T.);
#759=ORIENTED_EDGE('',*,*,#1362,.F.);
#760=ORIENTED_EDGE('',*,*,#1220,.T.);
#761=ORIENTED_EDGE('',*,*,#1252,.F.);
#762=ORIENTED_EDGE('',*,*,#1226,.T.);
#763=ORIENTED_EDGE('',*,*,#1363,.F.);
#764=ORIENTED_EDGE('',*,*,#1364,.F.);
#765=ORIENTED_EDGE('',*,*,#1365,.F.);
#766=ORIENTED_EDGE('',*,*,#1366,.F.);
#767=ORIENTED_EDGE('',*,*,#1367,.F.);
#768=ORIENTED_EDGE('',*,*,#1368,.F.);
#769=ORIENTED_EDGE('',*,*,#1369,.T.);
#770=ORIENTED_EDGE('',*,*,#1206,.T.);
#771=ORIENTED_EDGE('',*,*,#1370,.T.);
#772=ORIENTED_EDGE('',*,*,#1371,.T.);
#773=ORIENTED_EDGE('',*,*,#1314,.T.);
#774=ORIENTED_EDGE('',*,*,#1372,.T.);
#775=ORIENTED_EDGE('',*,*,#1311,.T.);
#776=ORIENTED_EDGE('',*,*,#1373,.T.);
#777=ORIENTED_EDGE('',*,*,#1374,.T.);
#778=ORIENTED_EDGE('',*,*,#1240,.T.);
#779=ORIENTED_EDGE('',*,*,#1268,.F.);
#780=ORIENTED_EDGE('',*,*,#1234,.T.);
#781=ORIENTED_EDGE('',*,*,#1375,.T.);
#782=ORIENTED_EDGE('',*,*,#1236,.T.);
#783=ORIENTED_EDGE('',*,*,#1259,.F.);
#784=ORIENTED_EDGE('',*,*,#1230,.T.);
#785=ORIENTED_EDGE('',*,*,#1376,.T.);
#786=ORIENTED_EDGE('',*,*,#1210,.T.);
#787=ORIENTED_EDGE('',*,*,#1377,.F.);
#788=ORIENTED_EDGE('',*,*,#1204,.T.);
#789=ORIENTED_EDGE('',*,*,#1378,.F.);
#790=ORIENTED_EDGE('',*,*,#1288,.F.);
#791=ORIENTED_EDGE('',*,*,#1282,.F.);
#792=ORIENTED_EDGE('',*,*,#1284,.T.);
#793=ORIENTED_EDGE('',*,*,#1379,.F.);
#794=ORIENTED_EDGE('',*,*,#1373,.F.);
#795=ORIENTED_EDGE('',*,*,#1310,.F.);
#796=ORIENTED_EDGE('',*,*,#1293,.T.);
#797=ORIENTED_EDGE('',*,*,#1308,.F.);
#798=ORIENTED_EDGE('',*,*,#1295,.T.);
#799=ORIENTED_EDGE('',*,*,#1309,.T.);
#800=ORIENTED_EDGE('',*,*,#1372,.F.);
#801=ORIENTED_EDGE('',*,*,#1313,.F.);
#802=ORIENTED_EDGE('',*,*,#1289,.T.);
#803=ORIENTED_EDGE('',*,*,#1305,.F.);
#804=ORIENTED_EDGE('',*,*,#1291,.T.);
#805=ORIENTED_EDGE('',*,*,#1312,.T.);
#806=ORIENTED_EDGE('',*,*,#1371,.F.);
#807=ORIENTED_EDGE('',*,*,#1380,.T.);
#808=ORIENTED_EDGE('',*,*,#1381,.T.);
#809=ORIENTED_EDGE('',*,*,#1368,.T.);
#810=ORIENTED_EDGE('',*,*,#1382,.T.);
#811=ORIENTED_EDGE('',*,*,#1297,.T.);
#812=ORIENTED_EDGE('',*,*,#1306,.T.);
#813=ORIENTED_EDGE('',*,*,#1299,.T.);
#814=ORIENTED_EDGE('',*,*,#1383,.F.);
#815=ORIENTED_EDGE('',*,*,#1366,.T.);
#816=ORIENTED_EDGE('',*,*,#1384,.T.);
#817=ORIENTED_EDGE('',*,*,#1301,.T.);
#818=ORIENTED_EDGE('',*,*,#1307,.T.);
#819=ORIENTED_EDGE('',*,*,#1303,.T.);
#820=ORIENTED_EDGE('',*,*,#1385,.F.);
#821=ORIENTED_EDGE('',*,*,#1364,.T.);
#822=ORIENTED_EDGE('',*,*,#1377,.T.);
#823=ORIENTED_EDGE('',*,*,#1209,.T.);
#824=ORIENTED_EDGE('',*,*,#1360,.T.);
#825=ORIENTED_EDGE('',*,*,#1381,.F.);
#826=ORIENTED_EDGE('',*,*,#1386,.F.);
#827=ORIENTED_EDGE('',*,*,#1380,.F.);
#828=ORIENTED_EDGE('',*,*,#1370,.F.);
#829=ORIENTED_EDGE('',*,*,#1205,.T.);
#830=ORIENTED_EDGE('',*,*,#1385,.T.);
#831=ORIENTED_EDGE('',*,*,#1302,.T.);
#832=ORIENTED_EDGE('',*,*,#1384,.F.);
#833=ORIENTED_EDGE('',*,*,#1365,.T.);
#834=ORIENTED_EDGE('',*,*,#1383,.T.);
#835=ORIENTED_EDGE('',*,*,#1298,.T.);
#836=ORIENTED_EDGE('',*,*,#1382,.F.);
#837=ORIENTED_EDGE('',*,*,#1367,.T.);
#838=ORIENTED_EDGE('',*,*,#1361,.T.);
#839=ORIENTED_EDGE('',*,*,#1207,.T.);
#840=ORIENTED_EDGE('',*,*,#1376,.F.);
#841=ORIENTED_EDGE('',*,*,#1203,.T.);
#842=ORIENTED_EDGE('',*,*,#1369,.F.);
#843=ORIENTED_EDGE('',*,*,#1229,.T.);
#844=ORIENTED_EDGE('',*,*,#1263,.F.);
#845=ORIENTED_EDGE('',*,*,#1265,.F.);
#846=ORIENTED_EDGE('',*,*,#1267,.F.);
#847=ORIENTED_EDGE('',*,*,#1237,.T.);
#848=ORIENTED_EDGE('',*,*,#1375,.F.);
#849=ORIENTED_EDGE('',*,*,#1233,.T.);
#850=ORIENTED_EDGE('',*,*,#1272,.F.);
#851=ORIENTED_EDGE('',*,*,#1274,.F.);
#852=ORIENTED_EDGE('',*,*,#1276,.F.);
#853=ORIENTED_EDGE('',*,*,#1241,.T.);
#854=ORIENTED_EDGE('',*,*,#1374,.F.);
#855=ORIENTED_EDGE('',*,*,#1379,.T.);
#856=ORIENTED_EDGE('',*,*,#1283,.F.);
#857=ORIENTED_EDGE('',*,*,#1387,.F.);
#858=ORIENTED_EDGE('',*,*,#1286,.F.);
#859=ORIENTED_EDGE('',*,*,#1378,.T.);
#860=ORIENTED_EDGE('',*,*,#1363,.T.);
#861=ORIENTED_EDGE('',*,*,#1225,.T.);
#862=ORIENTED_EDGE('',*,*,#1257,.F.);
#863=ORIENTED_EDGE('',*,*,#1388,.F.);
#864=ORIENTED_EDGE('',*,*,#1255,.F.);
#865=ORIENTED_EDGE('',*,*,#1221,.T.);
#866=ORIENTED_EDGE('',*,*,#1362,.T.);
#867=ORIENTED_EDGE('',*,*,#1217,.T.);
#868=ORIENTED_EDGE('',*,*,#1249,.F.);
#869=ORIENTED_EDGE('',*,*,#1389,.F.);
#870=ORIENTED_EDGE('',*,*,#1247,.F.);
#871=ORIENTED_EDGE('',*,*,#1213,.T.);
#872=ORIENTED_EDGE('',*,*,#1390,.F.);
#873=ORIENTED_EDGE('',*,*,#1391,.F.);
#874=ORIENTED_EDGE('',*,*,#1321,.F.);
#875=ORIENTED_EDGE('',*,*,#1320,.F.);
#876=ORIENTED_EDGE('',*,*,#1319,.F.);
#877=ORIENTED_EDGE('',*,*,#1317,.F.);
#878=ORIENTED_EDGE('',*,*,#1358,.F.);
#879=ORIENTED_EDGE('',*,*,#1356,.F.);
#880=ORIENTED_EDGE('',*,*,#1355,.F.);
#881=ORIENTED_EDGE('',*,*,#1354,.F.);
#882=ORIENTED_EDGE('',*,*,#1353,.F.);
#883=ORIENTED_EDGE('',*,*,#1352,.F.);
#884=ORIENTED_EDGE('',*,*,#1351,.F.);
#885=ORIENTED_EDGE('',*,*,#1350,.F.);
#886=ORIENTED_EDGE('',*,*,#1349,.F.);
#887=ORIENTED_EDGE('',*,*,#1348,.F.);
#888=ORIENTED_EDGE('',*,*,#1347,.F.);
#889=ORIENTED_EDGE('',*,*,#1346,.F.);
#890=ORIENTED_EDGE('',*,*,#1345,.F.);
#891=ORIENTED_EDGE('',*,*,#1344,.F.);
#892=ORIENTED_EDGE('',*,*,#1343,.F.);
#893=ORIENTED_EDGE('',*,*,#1342,.F.);
#894=ORIENTED_EDGE('',*,*,#1341,.F.);
#895=ORIENTED_EDGE('',*,*,#1392,.T.);
#896=ORIENTED_EDGE('',*,*,#1334,.F.);
#897=ORIENTED_EDGE('',*,*,#1333,.F.);
#898=ORIENTED_EDGE('',*,*,#1332,.F.);
#899=ORIENTED_EDGE('',*,*,#1331,.F.);
#900=ORIENTED_EDGE('',*,*,#1330,.F.);
#901=ORIENTED_EDGE('',*,*,#1329,.F.);
#902=ORIENTED_EDGE('',*,*,#1328,.F.);
#903=ORIENTED_EDGE('',*,*,#1327,.F.);
#904=ORIENTED_EDGE('',*,*,#1326,.F.);
#905=ORIENTED_EDGE('',*,*,#1325,.F.);
#906=ORIENTED_EDGE('',*,*,#1324,.F.);
#907=ORIENTED_EDGE('',*,*,#1323,.F.);
#908=ORIENTED_EDGE('',*,*,#1322,.F.);
#909=ORIENTED_EDGE('',*,*,#1386,.T.);
#910=ORIENTED_EDGE('',*,*,#1392,.F.);
#911=ORIENTED_EDGE('',*,*,#1340,.F.);
#912=ORIENTED_EDGE('',*,*,#1359,.F.);
#913=ORIENTED_EDGE('',*,*,#1336,.F.);
#914=ORIENTED_EDGE('',*,*,#1335,.F.);
#915=ORIENTED_EDGE('',*,*,#1280,.F.);
#916=ORIENTED_EDGE('',*,*,#1287,.T.);
#917=ORIENTED_EDGE('',*,*,#1387,.T.);
#918=ORIENTED_EDGE('',*,*,#1285,.F.);
#919=ORIENTED_EDGE('',*,*,#1390,.T.);
#920=ORIENTED_EDGE('',*,*,#1278,.F.);
#921=ORIENTED_EDGE('',*,*,#1391,.T.);
#922=ORIENTED_EDGE('',*,*,#1277,.F.);
#923=ORIENTED_EDGE('',*,*,#1254,.F.);
#924=ORIENTED_EDGE('',*,*,#1256,.T.);
#925=ORIENTED_EDGE('',*,*,#1388,.T.);
#926=ORIENTED_EDGE('',*,*,#1258,.F.);
#927=ORIENTED_EDGE('',*,*,#1246,.F.);
#928=ORIENTED_EDGE('',*,*,#1248,.T.);
#929=ORIENTED_EDGE('',*,*,#1389,.T.);
#930=ORIENTED_EDGE('',*,*,#1250,.F.);
#931=ORIENTED_EDGE('',*,*,#1393,.T.);
#932=ORIENTED_EDGE('',*,*,#1394,.F.);
#933=ORIENTED_EDGE('',*,*,#1395,.T.);
#934=ORIENTED_EDGE('',*,*,#1396,.T.);
#935=ORIENTED_EDGE('',*,*,#1394,.T.);
#936=ORIENTED_EDGE('',*,*,#1395,.F.);
#937=ORIENTED_EDGE('',*,*,#1393,.F.);
#938=ORIENTED_EDGE('',*,*,#1397,.T.);
#939=ORIENTED_EDGE('',*,*,#1396,.F.);
#940=ORIENTED_EDGE('',*,*,#1397,.F.);
#941=ORIENTED_EDGE('',*,*,#1398,.T.);
#942=ORIENTED_EDGE('',*,*,#1399,.F.);
#943=ORIENTED_EDGE('',*,*,#1400,.T.);
#944=ORIENTED_EDGE('',*,*,#1401,.T.);
#945=ORIENTED_EDGE('',*,*,#1399,.T.);
#946=ORIENTED_EDGE('',*,*,#1400,.F.);
#947=ORIENTED_EDGE('',*,*,#1398,.F.);
#948=ORIENTED_EDGE('',*,*,#1402,.T.);
#949=ORIENTED_EDGE('',*,*,#1401,.F.);
#950=ORIENTED_EDGE('',*,*,#1402,.F.);
#951=ORIENTED_EDGE('',*,*,#1403,.F.);
#952=ORIENTED_EDGE('',*,*,#1404,.T.);
#953=ORIENTED_EDGE('',*,*,#1405,.T.);
#954=ORIENTED_EDGE('',*,*,#1406,.F.);
#955=ORIENTED_EDGE('',*,*,#1407,.F.);
#956=ORIENTED_EDGE('',*,*,#1408,.T.);
#957=ORIENTED_EDGE('',*,*,#1409,.T.);
#958=ORIENTED_EDGE('',*,*,#1410,.T.);
#959=ORIENTED_EDGE('',*,*,#1411,.F.);
#960=ORIENTED_EDGE('',*,*,#1405,.F.);
#961=ORIENTED_EDGE('',*,*,#1412,.F.);
#962=ORIENTED_EDGE('',*,*,#1413,.T.);
#963=ORIENTED_EDGE('',*,*,#1407,.T.);
#964=ORIENTED_EDGE('',*,*,#1414,.T.);
#965=ORIENTED_EDGE('',*,*,#1415,.F.);
#966=ORIENTED_EDGE('',*,*,#1414,.F.);
#967=ORIENTED_EDGE('',*,*,#1406,.T.);
#968=ORIENTED_EDGE('',*,*,#1411,.T.);
#969=ORIENTED_EDGE('',*,*,#1416,.F.);
#970=ORIENTED_EDGE('',*,*,#1417,.F.);
#971=ORIENTED_EDGE('',*,*,#1412,.T.);
#972=ORIENTED_EDGE('',*,*,#1408,.F.);
#973=ORIENTED_EDGE('',*,*,#1413,.F.);
#974=ORIENTED_EDGE('',*,*,#1418,.T.);
#975=ORIENTED_EDGE('',*,*,#1419,.F.);
#976=ORIENTED_EDGE('',*,*,#1420,.F.);
#977=ORIENTED_EDGE('',*,*,#1421,.F.);
#978=ORIENTED_EDGE('',*,*,#1422,.T.);
#979=ORIENTED_EDGE('',*,*,#1423,.T.);
#980=ORIENTED_EDGE('',*,*,#1424,.T.);
#981=ORIENTED_EDGE('',*,*,#1425,.F.);
#982=ORIENTED_EDGE('',*,*,#1426,.F.);
#983=ORIENTED_EDGE('',*,*,#1424,.F.);
#984=ORIENTED_EDGE('',*,*,#1427,.T.);
#985=ORIENTED_EDGE('',*,*,#1419,.T.);
#986=ORIENTED_EDGE('',*,*,#1421,.T.);
#987=ORIENTED_EDGE('',*,*,#1428,.F.);
#988=ORIENTED_EDGE('',*,*,#1422,.F.);
#989=ORIENTED_EDGE('',*,*,#1429,.F.);
#990=ORIENTED_EDGE('',*,*,#1430,.F.);
#991=ORIENTED_EDGE('',*,*,#1431,.T.);
#992=ORIENTED_EDGE('',*,*,#1432,.T.);
#993=ORIENTED_EDGE('',*,*,#1433,.F.);
#994=ORIENTED_EDGE('',*,*,#1434,.T.);
#995=ORIENTED_EDGE('',*,*,#1435,.F.);
#996=ORIENTED_EDGE('',*,*,#1436,.F.);
#997=ORIENTED_EDGE('',*,*,#1420,.T.);
#998=ORIENTED_EDGE('',*,*,#1427,.F.);
#999=ORIENTED_EDGE('',*,*,#1423,.F.);
#1000=ORIENTED_EDGE('',*,*,#1428,.T.);
#1001=ORIENTED_EDGE('',*,*,#1431,.F.);
#1002=ORIENTED_EDGE('',*,*,#1435,.T.);
#1003=ORIENTED_EDGE('',*,*,#1433,.T.);
#1004=ORIENTED_EDGE('',*,*,#1434,.F.);
#1005=ORIENTED_EDGE('',*,*,#1425,.T.);
#1006=ORIENTED_EDGE('',*,*,#1426,.T.);
#1007=ORIENTED_EDGE('',*,*,#1418,.F.);
#1008=ORIENTED_EDGE('',*,*,#1429,.T.);
#1009=ORIENTED_EDGE('',*,*,#1417,.T.);
#1010=ORIENTED_EDGE('',*,*,#1415,.T.);
#1011=ORIENTED_EDGE('',*,*,#1416,.T.);
#1012=ORIENTED_EDGE('',*,*,#1410,.F.);
#1013=ORIENTED_EDGE('',*,*,#1432,.F.);
#1014=ORIENTED_EDGE('',*,*,#1430,.T.);
#1015=ORIENTED_EDGE('',*,*,#1436,.T.);
#1016=ORIENTED_EDGE('',*,*,#1404,.F.);
#1017=ORIENTED_EDGE('',*,*,#1409,.F.);
#1018=ORIENTED_EDGE('',*,*,#1403,.T.);
#1019=ORIENTED_EDGE('',*,*,#1437,.T.);
#1020=ORIENTED_EDGE('',*,*,#1438,.F.);
#1021=ORIENTED_EDGE('',*,*,#1439,.T.);
#1022=ORIENTED_EDGE('',*,*,#1440,.F.);
#1023=ORIENTED_EDGE('',*,*,#1441,.T.);
#1024=ORIENTED_EDGE('',*,*,#1442,.F.);
#1025=ORIENTED_EDGE('',*,*,#1438,.T.);
#1026=ORIENTED_EDGE('',*,*,#1441,.F.);
#1027=ORIENTED_EDGE('',*,*,#1439,.F.);
#1028=ORIENTED_EDGE('',*,*,#1442,.T.);
#1029=ORIENTED_EDGE('',*,*,#1437,.F.);
#1030=ORIENTED_EDGE('',*,*,#1440,.T.);
#1031=ORIENTED_EDGE('',*,*,#1443,.T.);
#1032=ORIENTED_EDGE('',*,*,#1444,.T.);
#1033=ORIENTED_EDGE('',*,*,#1445,.F.);
#1034=ORIENTED_EDGE('',*,*,#1446,.T.);
#1035=ORIENTED_EDGE('',*,*,#1444,.F.);
#1036=ORIENTED_EDGE('',*,*,#1447,.F.);
#1037=ORIENTED_EDGE('',*,*,#1443,.F.);
#1038=ORIENTED_EDGE('',*,*,#1446,.F.);
#1039=ORIENTED_EDGE('',*,*,#1445,.T.);
#1040=ORIENTED_EDGE('',*,*,#1447,.T.);
#1041=ORIENTED_EDGE('',*,*,#1448,.T.);
#1042=ORIENTED_EDGE('',*,*,#1449,.T.);
#1043=ORIENTED_EDGE('',*,*,#1450,.F.);
#1044=ORIENTED_EDGE('',*,*,#1451,.T.);
#1045=ORIENTED_EDGE('',*,*,#1448,.F.);
#1046=ORIENTED_EDGE('',*,*,#1451,.F.);
#1047=ORIENTED_EDGE('',*,*,#1449,.F.);
#1048=ORIENTED_EDGE('',*,*,#1452,.F.);
#1049=ORIENTED_EDGE('',*,*,#1450,.T.);
#1050=ORIENTED_EDGE('',*,*,#1452,.T.);
#1051=ORIENTED_EDGE('',*,*,#1453,.F.);
#1052=ORIENTED_EDGE('',*,*,#1454,.F.);
#1053=ORIENTED_EDGE('',*,*,#1455,.F.);
#1054=ORIENTED_EDGE('',*,*,#1456,.F.);
#1055=ORIENTED_EDGE('',*,*,#1457,.F.);
#1056=ORIENTED_EDGE('',*,*,#1458,.F.);
#1057=ORIENTED_EDGE('',*,*,#1459,.T.);
#1058=ORIENTED_EDGE('',*,*,#1460,.T.);
#1059=ORIENTED_EDGE('',*,*,#1461,.T.);
#1060=ORIENTED_EDGE('',*,*,#1462,.T.);
#1061=ORIENTED_EDGE('',*,*,#1463,.T.);
#1062=ORIENTED_EDGE('',*,*,#1464,.T.);
#1063=ORIENTED_EDGE('',*,*,#1454,.T.);
#1064=ORIENTED_EDGE('',*,*,#1465,.F.);
#1065=ORIENTED_EDGE('',*,*,#1464,.F.);
#1066=ORIENTED_EDGE('',*,*,#1466,.T.);
#1067=ORIENTED_EDGE('',*,*,#1455,.T.);
#1068=ORIENTED_EDGE('',*,*,#1466,.F.);
#1069=ORIENTED_EDGE('',*,*,#1463,.F.);
#1070=ORIENTED_EDGE('',*,*,#1467,.T.);
#1071=ORIENTED_EDGE('',*,*,#1456,.T.);
#1072=ORIENTED_EDGE('',*,*,#1467,.F.);
#1073=ORIENTED_EDGE('',*,*,#1462,.F.);
#1074=ORIENTED_EDGE('',*,*,#1468,.T.);
#1075=ORIENTED_EDGE('',*,*,#1457,.T.);
#1076=ORIENTED_EDGE('',*,*,#1468,.F.);
#1077=ORIENTED_EDGE('',*,*,#1461,.F.);
#1078=ORIENTED_EDGE('',*,*,#1469,.T.);
#1079=ORIENTED_EDGE('',*,*,#1458,.T.);
#1080=ORIENTED_EDGE('',*,*,#1469,.F.);
#1081=ORIENTED_EDGE('',*,*,#1460,.F.);
#1082=ORIENTED_EDGE('',*,*,#1470,.T.);
#1083=ORIENTED_EDGE('',*,*,#1453,.T.);
#1084=ORIENTED_EDGE('',*,*,#1470,.F.);
#1085=ORIENTED_EDGE('',*,*,#1459,.F.);
#1086=ORIENTED_EDGE('',*,*,#1465,.T.);
#1087=ORIENTED_EDGE('',*,*,#1471,.F.);
#1088=ORIENTED_EDGE('',*,*,#1472,.F.);
#1089=ORIENTED_EDGE('',*,*,#1473,.F.);
#1090=ORIENTED_EDGE('',*,*,#1474,.F.);
#1091=ORIENTED_EDGE('',*,*,#1475,.F.);
#1092=ORIENTED_EDGE('',*,*,#1476,.F.);
#1093=ORIENTED_EDGE('',*,*,#1477,.T.);
#1094=ORIENTED_EDGE('',*,*,#1478,.T.);
#1095=ORIENTED_EDGE('',*,*,#1479,.T.);
#1096=ORIENTED_EDGE('',*,*,#1480,.T.);
#1097=ORIENTED_EDGE('',*,*,#1481,.T.);
#1098=ORIENTED_EDGE('',*,*,#1482,.T.);
#1099=ORIENTED_EDGE('',*,*,#1472,.T.);
#1100=ORIENTED_EDGE('',*,*,#1483,.F.);
#1101=ORIENTED_EDGE('',*,*,#1482,.F.);
#1102=ORIENTED_EDGE('',*,*,#1484,.T.);
#1103=ORIENTED_EDGE('',*,*,#1473,.T.);
#1104=ORIENTED_EDGE('',*,*,#1484,.F.);
#1105=ORIENTED_EDGE('',*,*,#1481,.F.);
#1106=ORIENTED_EDGE('',*,*,#1485,.T.);
#1107=ORIENTED_EDGE('',*,*,#1474,.T.);
#1108=ORIENTED_EDGE('',*,*,#1485,.F.);
#1109=ORIENTED_EDGE('',*,*,#1480,.F.);
#1110=ORIENTED_EDGE('',*,*,#1486,.T.);
#1111=ORIENTED_EDGE('',*,*,#1475,.T.);
#1112=ORIENTED_EDGE('',*,*,#1486,.F.);
#1113=ORIENTED_EDGE('',*,*,#1479,.F.);
#1114=ORIENTED_EDGE('',*,*,#1487,.T.);
#1115=ORIENTED_EDGE('',*,*,#1476,.T.);
#1116=ORIENTED_EDGE('',*,*,#1487,.F.);
#1117=ORIENTED_EDGE('',*,*,#1478,.F.);
#1118=ORIENTED_EDGE('',*,*,#1488,.T.);
#1119=ORIENTED_EDGE('',*,*,#1471,.T.);
#1120=ORIENTED_EDGE('',*,*,#1488,.F.);
#1121=ORIENTED_EDGE('',*,*,#1477,.F.);
#1122=ORIENTED_EDGE('',*,*,#1483,.T.);
#1123=ORIENTED_EDGE('',*,*,#1489,.T.);
#1124=ORIENTED_EDGE('',*,*,#1490,.T.);
#1125=ORIENTED_EDGE('',*,*,#1491,.T.);
#1126=ORIENTED_EDGE('',*,*,#1492,.T.);
#1127=ORIENTED_EDGE('',*,*,#1493,.T.);
#1128=ORIENTED_EDGE('',*,*,#1494,.T.);
#1129=ORIENTED_EDGE('',*,*,#1495,.F.);
#1130=ORIENTED_EDGE('',*,*,#1496,.F.);
#1131=ORIENTED_EDGE('',*,*,#1497,.F.);
#1132=ORIENTED_EDGE('',*,*,#1498,.F.);
#1133=ORIENTED_EDGE('',*,*,#1499,.F.);
#1134=ORIENTED_EDGE('',*,*,#1500,.F.);
#1135=ORIENTED_EDGE('',*,*,#1494,.F.);
#1136=ORIENTED_EDGE('',*,*,#1501,.F.);
#1137=ORIENTED_EDGE('',*,*,#1496,.T.);
#1138=ORIENTED_EDGE('',*,*,#1502,.T.);
#1139=ORIENTED_EDGE('',*,*,#1493,.F.);
#1140=ORIENTED_EDGE('',*,*,#1503,.F.);
#1141=ORIENTED_EDGE('',*,*,#1497,.T.);
#1142=ORIENTED_EDGE('',*,*,#1501,.T.);
#1143=ORIENTED_EDGE('',*,*,#1492,.F.);
#1144=ORIENTED_EDGE('',*,*,#1504,.F.);
#1145=ORIENTED_EDGE('',*,*,#1498,.T.);
#1146=ORIENTED_EDGE('',*,*,#1503,.T.);
#1147=ORIENTED_EDGE('',*,*,#1491,.F.);
#1148=ORIENTED_EDGE('',*,*,#1505,.F.);
#1149=ORIENTED_EDGE('',*,*,#1499,.T.);
#1150=ORIENTED_EDGE('',*,*,#1504,.T.);
#1151=ORIENTED_EDGE('',*,*,#1490,.F.);
#1152=ORIENTED_EDGE('',*,*,#1506,.F.);
#1153=ORIENTED_EDGE('',*,*,#1500,.T.);
#1154=ORIENTED_EDGE('',*,*,#1505,.T.);
#1155=ORIENTED_EDGE('',*,*,#1489,.F.);
#1156=ORIENTED_EDGE('',*,*,#1502,.F.);
#1157=ORIENTED_EDGE('',*,*,#1495,.T.);
#1158=ORIENTED_EDGE('',*,*,#1506,.T.);
#1159=ORIENTED_EDGE('',*,*,#1507,.T.);
#1160=ORIENTED_EDGE('',*,*,#1508,.T.);
#1161=ORIENTED_EDGE('',*,*,#1509,.T.);
#1162=ORIENTED_EDGE('',*,*,#1510,.T.);
#1163=ORIENTED_EDGE('',*,*,#1511,.T.);
#1164=ORIENTED_EDGE('',*,*,#1512,.T.);
#1165=ORIENTED_EDGE('',*,*,#1513,.F.);
#1166=ORIENTED_EDGE('',*,*,#1514,.F.);
#1167=ORIENTED_EDGE('',*,*,#1515,.F.);
#1168=ORIENTED_EDGE('',*,*,#1516,.F.);
#1169=ORIENTED_EDGE('',*,*,#1517,.F.);
#1170=ORIENTED_EDGE('',*,*,#1518,.F.);
#1171=ORIENTED_EDGE('',*,*,#1512,.F.);
#1172=ORIENTED_EDGE('',*,*,#1519,.F.);
#1173=ORIENTED_EDGE('',*,*,#1514,.T.);
#1174=ORIENTED_EDGE('',*,*,#1520,.T.);
#1175=ORIENTED_EDGE('',*,*,#1511,.F.);
#1176=ORIENTED_EDGE('',*,*,#1521,.F.);
#1177=ORIENTED_EDGE('',*,*,#1515,.T.);
#1178=ORIENTED_EDGE('',*,*,#1519,.T.);
#1179=ORIENTED_EDGE('',*,*,#1510,.F.);
#1180=ORIENTED_EDGE('',*,*,#1522,.F.);
#1181=ORIENTED_EDGE('',*,*,#1516,.T.);
#1182=ORIENTED_EDGE('',*,*,#1521,.T.);
#1183=ORIENTED_EDGE('',*,*,#1509,.F.);
#1184=ORIENTED_EDGE('',*,*,#1523,.F.);
#1185=ORIENTED_EDGE('',*,*,#1517,.T.);
#1186=ORIENTED_EDGE('',*,*,#1522,.T.);
#1187=ORIENTED_EDGE('',*,*,#1508,.F.);
#1188=ORIENTED_EDGE('',*,*,#1524,.F.);
#1189=ORIENTED_EDGE('',*,*,#1518,.T.);
#1190=ORIENTED_EDGE('',*,*,#1523,.T.);
#1191=ORIENTED_EDGE('',*,*,#1507,.F.);
#1192=ORIENTED_EDGE('',*,*,#1520,.F.);
#1193=ORIENTED_EDGE('',*,*,#1513,.T.);
#1194=ORIENTED_EDGE('',*,*,#1524,.T.);
#1195=ORIENTED_EDGE('',*,*,#1525,.T.);
#1196=ORIENTED_EDGE('',*,*,#1526,.F.);
#1197=ORIENTED_EDGE('',*,*,#1527,.F.);
#1198=ORIENTED_EDGE('',*,*,#1528,.T.);
#1199=ORIENTED_EDGE('',*,*,#1526,.T.);
#1200=ORIENTED_EDGE('',*,*,#1528,.F.);
#1201=ORIENTED_EDGE('',*,*,#1525,.F.);
#1202=ORIENTED_EDGE('',*,*,#1527,.T.);
#1203=EDGE_CURVE('',#1529,#1530,#1769,.T.);
#1204=EDGE_CURVE('',#1531,#1529,#181,.T.);
#1205=EDGE_CURVE('',#1532,#1531,#1770,.T.);
#1206=EDGE_CURVE('',#1530,#1532,#182,.T.);
#1207=EDGE_CURVE('',#1533,#1534,#1771,.T.);
#1208=EDGE_CURVE('',#1535,#1533,#183,.T.);
#1209=EDGE_CURVE('',#1536,#1535,#1772,.T.);
#1210=EDGE_CURVE('',#1534,#1536,#184,.T.);
#1211=EDGE_CURVE('',#1537,#1538,#1773,.T.);
#1212=EDGE_CURVE('',#1539,#1537,#185,.T.);
#1213=EDGE_CURVE('',#1540,#1539,#1774,.T.);
#1214=EDGE_CURVE('',#1538,#1540,#186,.T.);
#1215=EDGE_CURVE('',#1541,#1542,#1775,.T.);
#1216=EDGE_CURVE('',#1543,#1541,#187,.T.);
#1217=EDGE_CURVE('',#1544,#1543,#1776,.T.);
#1218=EDGE_CURVE('',#1542,#1544,#188,.T.);
#1219=EDGE_CURVE('',#1545,#1546,#1777,.T.);
#1220=EDGE_CURVE('',#1547,#1545,#189,.T.);
#1221=EDGE_CURVE('',#1548,#1547,#1778,.T.);
#1222=EDGE_CURVE('',#1546,#1548,#190,.T.);
#1223=EDGE_CURVE('',#1549,#1550,#1779,.T.);
#1224=EDGE_CURVE('',#1551,#1549,#191,.T.);
#1225=EDGE_CURVE('',#1552,#1551,#1780,.T.);
#1226=EDGE_CURVE('',#1550,#1552,#192,.T.);
#1227=EDGE_CURVE('',#1553,#1554,#1781,.T.);
#1228=EDGE_CURVE('',#1555,#1553,#193,.T.);
#1229=EDGE_CURVE('',#1556,#1555,#1782,.T.);
#1230=EDGE_CURVE('',#1554,#1556,#194,.T.);
#1231=EDGE_CURVE('',#1557,#1558,#1783,.T.);
#1232=EDGE_CURVE('',#1559,#1557,#195,.T.);
#1233=EDGE_CURVE('',#1560,#1559,#1784,.T.);
#1234=EDGE_CURVE('',#1558,#1560,#196,.T.);
#1235=EDGE_CURVE('',#1561,#1562,#1785,.T.);
#1236=EDGE_CURVE('',#1563,#1561,#197,.T.);
#1237=EDGE_CURVE('',#1564,#1563,#1786,.T.);
#1238=EDGE_CURVE('',#1562,#1564,#198,.T.);
#1239=EDGE_CURVE('',#1565,#1566,#1787,.T.);
#1240=EDGE_CURVE('',#1567,#1565,#199,.T.);
#1241=EDGE_CURVE('',#1568,#1567,#1788,.T.);
#1242=EDGE_CURVE('',#1566,#1568,#200,.T.);
#1243=EDGE_CURVE('',#1569,#1541,#201,.T.);
#1244=EDGE_CURVE('',#1542,#1537,#202,.T.);
#1245=EDGE_CURVE('',#1538,#1570,#203,.T.);
#1246=EDGE_CURVE('',#1570,#1569,#1789,.T.);
#1247=EDGE_CURVE('',#1540,#1571,#204,.T.);
#1248=EDGE_CURVE('',#1570,#1571,#205,.T.);
#1249=EDGE_CURVE('',#1572,#1543,#206,.T.);
#1250=EDGE_CURVE('',#1569,#1572,#207,.T.);
#1251=EDGE_CURVE('',#1573,#1549,#208,.T.);
#1252=EDGE_CURVE('',#1550,#1545,#209,.T.);
#1253=EDGE_CURVE('',#1546,#1574,#210,.T.);
#1254=EDGE_CURVE('',#1574,#1573,#1790,.T.);
#1255=EDGE_CURVE('',#1548,#1575,#211,.T.);
#1256=EDGE_CURVE('',#1574,#1575,#212,.T.);
#1257=EDGE_CURVE('',#1576,#1551,#213,.T.);
#1258=EDGE_CURVE('',#1573,#1576,#214,.T.);
#1259=EDGE_CURVE('',#1554,#1561,#215,.T.);
#1260=EDGE_CURVE('',#1562,#1577,#216,.T.);
#1261=EDGE_CURVE('',#1577,#1578,#1791,.T.);
#1262=EDGE_CURVE('',#1578,#1553,#217,.T.);
#1263=EDGE_CURVE('',#1579,#1555,#218,.T.);
#1264=EDGE_CURVE('',#1578,#1579,#219,.T.);
#1265=EDGE_CURVE('',#1580,#1579,#1792,.T.);
#1266=EDGE_CURVE('',#1577,#1580,#220,.T.);
#1267=EDGE_CURVE('',#1564,#1580,#221,.T.);
#1268=EDGE_CURVE('',#1558,#1565,#222,.T.);
#1269=EDGE_CURVE('',#1566,#1581,#223,.T.);
#1270=EDGE_CURVE('',#1581,#1582,#1793,.T.);
#1271=EDGE_CURVE('',#1582,#1557,#224,.T.);
#1272=EDGE_CURVE('',#1583,#1559,#225,.T.);
#1273=EDGE_CURVE('',#1582,#1583,#226,.T.);
#1274=EDGE_CURVE('',#1584,#1583,#1794,.T.);
#1275=EDGE_CURVE('',#1581,#1584,#227,.T.);
#1276=EDGE_CURVE('',#1568,#1584,#228,.T.);
#1277=EDGE_CURVE('',#1585,#1585,#1795,.T.);
#1278=EDGE_CURVE('',#1586,#1586,#1796,.T.);
#1279=EDGE_CURVE('',#1587,#1588,#229,.T.);
#1280=EDGE_CURVE('',#1588,#1589,#1797,.T.);
#1281=EDGE_CURVE('',#1589,#1590,#230,.T.);
#1282=EDGE_CURVE('',#1590,#1587,#231,.T.);
#1283=EDGE_CURVE('',#1591,#1592,#232,.T.);
#1284=EDGE_CURVE('',#1590,#1592,#233,.T.);
#1285=EDGE_CURVE('',#1589,#1591,#234,.T.);
#1286=EDGE_CURVE('',#1593,#1594,#235,.T.);
#1287=EDGE_CURVE('',#1588,#1594,#236,.T.);
#1288=EDGE_CURVE('',#1587,#1593,#237,.T.);
#1289=EDGE_CURVE('',#1595,#1596,#1798,.T.);
#1290=EDGE_CURVE('',#1597,#1595,#1799,.T.);
#1291=EDGE_CURVE('',#1598,#1597,#1800,.T.);
#1292=EDGE_CURVE('',#1596,#1598,#1801,.T.);
#1293=EDGE_CURVE('',#1599,#1600,#1802,.T.);
#1294=EDGE_CURVE('',#1601,#1599,#1803,.T.);
#1295=EDGE_CURVE('',#1602,#1601,#1804,.T.);
#1296=EDGE_CURVE('',#1600,#1602,#1805,.T.);
#1297=EDGE_CURVE('',#1603,#1604,#1806,.T.);
#1298=EDGE_CURVE('',#1605,#1603,#1807,.T.);
#1299=EDGE_CURVE('',#1606,#1605,#1808,.T.);
#1300=EDGE_CURVE('',#1604,#1606,#1809,.T.);
#1301=EDGE_CURVE('',#1607,#1608,#1810,.T.);
#1302=EDGE_CURVE('',#1609,#1607,#1811,.T.);
#1303=EDGE_CURVE('',#1610,#1609,#1812,.T.);
#1304=EDGE_CURVE('',#1608,#1610,#1813,.T.);
#1305=EDGE_CURVE('',#1598,#1596,#238,.T.);
#1306=EDGE_CURVE('',#1604,#1606,#239,.T.);
#1307=EDGE_CURVE('',#1608,#1610,#240,.T.);
#1308=EDGE_CURVE('',#1602,#1600,#241,.T.);
#1309=EDGE_CURVE('',#1601,#1611,#242,.T.);
#1310=EDGE_CURVE('',#1599,#1612,#243,.T.);
#1311=EDGE_CURVE('',#1611,#1612,#1814,.T.);
#1312=EDGE_CURVE('',#1597,#1613,#244,.T.);
#1313=EDGE_CURVE('',#1595,#1614,#245,.T.);
#1314=EDGE_CURVE('',#1613,#1614,#1815,.T.);
#1315=EDGE_CURVE('',#1615,#1616,#80,.T.);
#1316=EDGE_CURVE('',#1615,#1617,#246,.T.);
#1317=EDGE_CURVE('',#1617,#1616,#1816,.T.);
#1318=EDGE_CURVE('',#1615,#1618,#247,.T.);
#1319=EDGE_CURVE('',#1616,#1619,#45,.T.);
#1320=EDGE_CURVE('',#1619,#1620,#46,.T.);
#1321=EDGE_CURVE('',#1620,#1621,#47,.T.);
#1322=EDGE_CURVE('',#1621,#1622,#48,.T.);
#1323=EDGE_CURVE('',#1622,#1623,#49,.T.);
#1324=EDGE_CURVE('',#1623,#1624,#50,.T.);
#1325=EDGE_CURVE('',#1624,#1625,#51,.T.);
#1326=EDGE_CURVE('',#1625,#1626,#52,.T.);
#1327=EDGE_CURVE('',#1626,#1627,#53,.T.);
#1328=EDGE_CURVE('',#1627,#1628,#54,.T.);
#1329=EDGE_CURVE('',#1628,#1629,#55,.T.);
#1330=EDGE_CURVE('',#1629,#1630,#56,.T.);
#1331=EDGE_CURVE('',#1630,#1631,#57,.T.);
#1332=EDGE_CURVE('',#1631,#1632,#58,.T.);
#1333=EDGE_CURVE('',#1632,#1633,#59,.T.);
#1334=EDGE_CURVE('',#1633,#1634,#60,.T.);
#1335=EDGE_CURVE('',#1634,#1635,#81,.F.);
#1336=EDGE_CURVE('',#1635,#1636,#82,.F.);
#1337=EDGE_CURVE('',#1637,#1636,#83,.T.);
#1338=EDGE_CURVE('',#1618,#1637,#61,.T.);
#1339=EDGE_CURVE('',#1637,#1638,#84,.T.);
#1340=EDGE_CURVE('',#1638,#1639,#85,.T.);
#1341=EDGE_CURVE('',#1639,#1640,#62,.T.);
#1342=EDGE_CURVE('',#1640,#1641,#63,.T.);
#1343=EDGE_CURVE('',#1641,#1642,#64,.T.);
#1344=EDGE_CURVE('',#1642,#1643,#65,.T.);
#1345=EDGE_CURVE('',#1643,#1644,#66,.T.);
#1346=EDGE_CURVE('',#1644,#1645,#67,.T.);
#1347=EDGE_CURVE('',#1645,#1646,#68,.T.);
#1348=EDGE_CURVE('',#1646,#1647,#69,.T.);
#1349=EDGE_CURVE('',#1647,#1648,#70,.T.);
#1350=EDGE_CURVE('',#1648,#1649,#71,.T.);
#1351=EDGE_CURVE('',#1649,#1650,#72,.T.);
#1352=EDGE_CURVE('',#1650,#1651,#73,.T.);
#1353=EDGE_CURVE('',#1651,#1652,#74,.T.);
#1354=EDGE_CURVE('',#1652,#1653,#75,.T.);
#1355=EDGE_CURVE('',#1653,#1654,#76,.T.);
#1356=EDGE_CURVE('',#1654,#1655,#77,.T.);
#1357=EDGE_CURVE('',#1618,#1655,#248,.T.);
#1358=EDGE_CURVE('',#1655,#1617,#249,.T.);
#1359=EDGE_CURVE('',#1636,#1638,#1817,.T.);
#1360=EDGE_CURVE('',#1535,#1656,#250,.T.);
#1361=EDGE_CURVE('',#1539,#1533,#251,.T.);
#1362=EDGE_CURVE('',#1547,#1544,#252,.T.);
#1363=EDGE_CURVE('',#1657,#1552,#253,.T.);
#1364=EDGE_CURVE('',#1658,#1657,#254,.T.);
#1365=EDGE_CURVE('',#1659,#1658,#1818,.T.);
#1366=EDGE_CURVE('',#1660,#1659,#255,.T.);
#1367=EDGE_CURVE('',#1661,#1660,#1819,.T.);
#1368=EDGE_CURVE('',#1656,#1661,#256,.T.);
#1369=EDGE_CURVE('',#1556,#1530,#257,.T.);
#1370=EDGE_CURVE('',#1532,#1662,#258,.T.);
#1371=EDGE_CURVE('',#1662,#1613,#259,.T.);
#1372=EDGE_CURVE('',#1614,#1611,#260,.T.);
#1373=EDGE_CURVE('',#1612,#1663,#261,.T.);
#1374=EDGE_CURVE('',#1663,#1567,#262,.T.);
#1375=EDGE_CURVE('',#1560,#1563,#263,.T.);
#1376=EDGE_CURVE('',#1529,#1534,#264,.T.);
#1377=EDGE_CURVE('',#1531,#1536,#265,.T.);
#1378=EDGE_CURVE('',#1593,#1657,#266,.T.);
#1379=EDGE_CURVE('',#1663,#1592,#267,.T.);
#1380=EDGE_CURVE('',#1662,#1664,#268,.T.);
#1381=EDGE_CURVE('',#1664,#1656,#269,.T.);
#1382=EDGE_CURVE('',#1661,#1603,#270,.T.);
#1383=EDGE_CURVE('',#1660,#1605,#271,.T.);
#1384=EDGE_CURVE('',#1659,#1607,#272,.T.);
#1385=EDGE_CURVE('',#1658,#1609,#273,.T.);
#1386=EDGE_CURVE('',#1664,#1664,#1820,.T.);
#1387=EDGE_CURVE('',#1594,#1591,#1821,.T.);
#1388=EDGE_CURVE('',#1575,#1576,#1822,.T.);
#1389=EDGE_CURVE('',#1571,#1572,#1823,.T.);
#1390=EDGE_CURVE('',#1665,#1665,#1824,.T.);
#1391=EDGE_CURVE('',#1666,#1666,#1825,.T.);
#1392=EDGE_CURVE('',#1639,#1634,#1826,.T.);
#1393=EDGE_CURVE('',#1667,#1667,#1827,.T.);
#1394=EDGE_CURVE('',#1668,#1668,#1828,.T.);
#1395=EDGE_CURVE('',#1669,#1669,#1829,.T.);
#1396=EDGE_CURVE('',#1670,#1670,#1830,.T.);
#1397=EDGE_CURVE('',#1671,#1671,#1831,.T.);
#1398=EDGE_CURVE('',#1672,#1672,#1832,.T.);
#1399=EDGE_CURVE('',#1673,#1673,#1833,.T.);
#1400=EDGE_CURVE('',#1674,#1674,#1834,.T.);
#1401=EDGE_CURVE('',#1675,#1675,#1835,.T.);
#1402=EDGE_CURVE('',#1676,#1676,#1836,.T.);
#1403=EDGE_CURVE('',#1677,#1677,#1837,.T.);
#1404=EDGE_CURVE('',#1678,#1678,#1838,.T.);
#1405=EDGE_CURVE('',#1679,#1680,#274,.T.);
#1406=EDGE_CURVE('',#1681,#1680,#275,.T.);
#1407=EDGE_CURVE('',#1682,#1681,#276,.T.);
#1408=EDGE_CURVE('',#1682,#1679,#277,.T.);
#1409=EDGE_CURVE('',#1683,#1683,#1839,.T.);
#1410=EDGE_CURVE('',#1684,#1685,#278,.T.);
#1411=EDGE_CURVE('',#1680,#1685,#279,.T.);
#1412=EDGE_CURVE('',#1684,#1679,#280,.T.);
#1413=EDGE_CURVE('',#1686,#1682,#281,.T.);
#1414=EDGE_CURVE('',#1681,#1687,#282,.T.);
#1415=EDGE_CURVE('',#1686,#1687,#283,.T.);
#1416=EDGE_CURVE('',#1687,#1685,#12,.T.);
#1417=EDGE_CURVE('',#1684,#1686,#13,.T.);
#1418=EDGE_CURVE('',#1688,#1689,#284,.T.);
#1419=EDGE_CURVE('',#1690,#1689,#285,.T.);
#1420=EDGE_CURVE('',#1691,#1690,#286,.T.);
#1421=EDGE_CURVE('',#1688,#1691,#287,.T.);
#1422=EDGE_CURVE('',#1692,#1693,#288,.T.);
#1423=EDGE_CURVE('',#1693,#1694,#289,.T.);
#1424=EDGE_CURVE('',#1694,#1695,#290,.T.);
#1425=EDGE_CURVE('',#1692,#1695,#291,.T.);
#1426=EDGE_CURVE('',#1695,#1689,#14,.T.);
#1427=EDGE_CURVE('',#1694,#1690,#292,.T.);
#1428=EDGE_CURVE('',#1693,#1691,#293,.T.);
#1429=EDGE_CURVE('',#1688,#1692,#15,.T.);
#1430=EDGE_CURVE('',#1696,#1696,#1840,.T.);
#1431=EDGE_CURVE('',#1697,#1697,#1841,.T.);
#1432=EDGE_CURVE('',#1698,#1698,#1842,.T.);
#1433=EDGE_CURVE('',#1699,#1699,#1843,.T.);
#1434=EDGE_CURVE('',#1700,#1700,#1844,.T.);
#1435=EDGE_CURVE('',#1701,#1701,#1845,.T.);
#1436=EDGE_CURVE('',#1702,#1702,#1846,.T.);
#1437=EDGE_CURVE('',#1703,#1703,#1847,.T.);
#1438=EDGE_CURVE('',#1704,#1704,#1848,.T.);
#1439=EDGE_CURVE('',#1705,#1705,#1849,.T.);
#1440=EDGE_CURVE('',#1706,#1706,#1850,.T.);
#1441=EDGE_CURVE('',#1707,#1707,#1851,.T.);
#1442=EDGE_CURVE('',#1708,#1708,#1852,.T.);
#1443=EDGE_CURVE('',#1709,#1710,#1853,.T.);
#1444=EDGE_CURVE('',#1710,#1709,#16,.T.);
#1445=EDGE_CURVE('',#1711,#1711,#1854,.T.);
#1446=EDGE_CURVE('',#1710,#1709,#1855,.T.);
#1447=EDGE_CURVE('',#1712,#1712,#1856,.T.);
#1448=EDGE_CURVE('',#1713,#1714,#1857,.T.);
#1449=EDGE_CURVE('',#1714,#1713,#1858,.T.);
#1450=EDGE_CURVE('',#1715,#1715,#1859,.T.);
#1451=EDGE_CURVE('',#1713,#1714,#17,.T.);
#1452=EDGE_CURVE('',#1716,#1716,#1860,.T.);
#1453=EDGE_CURVE('',#1717,#1718,#294,.T.);
#1454=EDGE_CURVE('',#1719,#1717,#295,.T.);
#1455=EDGE_CURVE('',#1720,#1719,#296,.T.);
#1456=EDGE_CURVE('',#1721,#1720,#297,.T.);
#1457=EDGE_CURVE('',#1722,#1721,#298,.T.);
#1458=EDGE_CURVE('',#1718,#1722,#299,.T.);
#1459=EDGE_CURVE('',#1723,#1724,#300,.T.);
#1460=EDGE_CURVE('',#1724,#1725,#301,.T.);
#1461=EDGE_CURVE('',#1725,#1726,#302,.T.);
#1462=EDGE_CURVE('',#1726,#1727,#303,.T.);
#1463=EDGE_CURVE('',#1727,#1728,#304,.T.);
#1464=EDGE_CURVE('',#1728,#1723,#305,.T.);
#1465=EDGE_CURVE('',#1723,#1717,#306,.T.);
#1466=EDGE_CURVE('',#1728,#1719,#307,.T.);
#1467=EDGE_CURVE('',#1727,#1720,#308,.T.);
#1468=EDGE_CURVE('',#1726,#1721,#309,.T.);
#1469=EDGE_CURVE('',#1725,#1722,#310,.T.);
#1470=EDGE_CURVE('',#1724,#1718,#311,.T.);
#1471=EDGE_CURVE('',#1729,#1730,#312,.T.);
#1472=EDGE_CURVE('',#1731,#1729,#313,.T.);
#1473=EDGE_CURVE('',#1732,#1731,#314,.T.);
#1474=EDGE_CURVE('',#1733,#1732,#315,.T.);
#1475=EDGE_CURVE('',#1734,#1733,#316,.T.);
#1476=EDGE_CURVE('',#1730,#1734,#317,.T.);
#1477=EDGE_CURVE('',#1735,#1736,#318,.T.);
#1478=EDGE_CURVE('',#1736,#1737,#319,.T.);
#1479=EDGE_CURVE('',#1737,#1738,#320,.T.);
#1480=EDGE_CURVE('',#1738,#1739,#321,.T.);
#1481=EDGE_CURVE('',#1739,#1740,#322,.T.);
#1482=EDGE_CURVE('',#1740,#1735,#323,.T.);
#1483=EDGE_CURVE('',#1735,#1729,#324,.T.);
#1484=EDGE_CURVE('',#1740,#1731,#325,.T.);
#1485=EDGE_CURVE('',#1739,#1732,#326,.T.);
#1486=EDGE_CURVE('',#1738,#1733,#327,.T.);
#1487=EDGE_CURVE('',#1737,#1734,#328,.T.);
#1488=EDGE_CURVE('',#1736,#1730,#329,.T.);
#1489=EDGE_CURVE('',#1741,#1742,#330,.T.);
#1490=EDGE_CURVE('',#1742,#1743,#331,.T.);
#1491=EDGE_CURVE('',#1743,#1744,#332,.T.);
#1492=EDGE_CURVE('',#1744,#1745,#333,.T.);
#1493=EDGE_CURVE('',#1745,#1746,#334,.T.);
#1494=EDGE_CURVE('',#1746,#1741,#335,.T.);
#1495=EDGE_CURVE('',#1747,#1748,#336,.T.);
#1496=EDGE_CURVE('',#1749,#1747,#337,.T.);
#1497=EDGE_CURVE('',#1750,#1749,#338,.T.);
#1498=EDGE_CURVE('',#1751,#1750,#339,.T.);
#1499=EDGE_CURVE('',#1752,#1751,#340,.T.);
#1500=EDGE_CURVE('',#1748,#1752,#341,.T.);
#1501=EDGE_CURVE('',#1749,#1746,#342,.T.);
#1502=EDGE_CURVE('',#1747,#1741,#343,.T.);
#1503=EDGE_CURVE('',#1750,#1745,#344,.T.);
#1504=EDGE_CURVE('',#1751,#1744,#345,.T.);
#1505=EDGE_CURVE('',#1752,#1743,#346,.T.);
#1506=EDGE_CURVE('',#1748,#1742,#347,.T.);
#1507=EDGE_CURVE('',#1753,#1754,#348,.T.);
#1508=EDGE_CURVE('',#1754,#1755,#349,.T.);
#1509=EDGE_CURVE('',#1755,#1756,#350,.T.);
#1510=EDGE_CURVE('',#1756,#1757,#351,.T.);
#1511=EDGE_CURVE('',#1757,#1758,#352,.T.);
#1512=EDGE_CURVE('',#1758,#1753,#353,.T.);
#1513=EDGE_CURVE('',#1759,#1760,#354,.T.);
#1514=EDGE_CURVE('',#1761,#1759,#355,.T.);
#1515=EDGE_CURVE('',#1762,#1761,#356,.T.);
#1516=EDGE_CURVE('',#1763,#1762,#357,.T.);
#1517=EDGE_CURVE('',#1764,#1763,#358,.T.);
#1518=EDGE_CURVE('',#1760,#1764,#359,.T.);
#1519=EDGE_CURVE('',#1761,#1758,#360,.T.);
#1520=EDGE_CURVE('',#1759,#1753,#361,.T.);
#1521=EDGE_CURVE('',#1762,#1757,#362,.T.);
#1522=EDGE_CURVE('',#1763,#1756,#363,.T.);
#1523=EDGE_CURVE('',#1764,#1755,#364,.T.);
#1524=EDGE_CURVE('',#1760,#1754,#365,.T.);
#1525=EDGE_CURVE('',#1765,#1765,#1861,.T.);
#1526=EDGE_CURVE('',#1766,#1766,#1862,.T.);
#1527=EDGE_CURVE('',#1767,#1767,#1863,.T.);
#1528=EDGE_CURVE('',#1768,#1768,#1864,.T.);
#1529=VERTEX_POINT('',#3491);
#1530=VERTEX_POINT('',#3492);
#1531=VERTEX_POINT('',#3494);
#1532=VERTEX_POINT('',#3496);
#1533=VERTEX_POINT('',#3500);
#1534=VERTEX_POINT('',#3501);
#1535=VERTEX_POINT('',#3503);
#1536=VERTEX_POINT('',#3505);
#1537=VERTEX_POINT('',#3509);
#1538=VERTEX_POINT('',#3510);
#1539=VERTEX_POINT('',#3512);
#1540=VERTEX_POINT('',#3514);
#1541=VERTEX_POINT('',#3518);
#1542=VERTEX_POINT('',#3519);
#1543=VERTEX_POINT('',#3521);
#1544=VERTEX_POINT('',#3523);
#1545=VERTEX_POINT('',#3527);
#1546=VERTEX_POINT('',#3528);
#1547=VERTEX_POINT('',#3530);
#1548=VERTEX_POINT('',#3532);
#1549=VERTEX_POINT('',#3536);
#1550=VERTEX_POINT('',#3537);
#1551=VERTEX_POINT('',#3539);
#1552=VERTEX_POINT('',#3541);
#1553=VERTEX_POINT('',#3545);
#1554=VERTEX_POINT('',#3546);
#1555=VERTEX_POINT('',#3548);
#1556=VERTEX_POINT('',#3550);
#1557=VERTEX_POINT('',#3554);
#1558=VERTEX_POINT('',#3555);
#1559=VERTEX_POINT('',#3557);
#1560=VERTEX_POINT('',#3559);
#1561=VERTEX_POINT('',#3563);
#1562=VERTEX_POINT('',#3564);
#1563=VERTEX_POINT('',#3566);
#1564=VERTEX_POINT('',#3568);
#1565=VERTEX_POINT('',#3572);
#1566=VERTEX_POINT('',#3573);
#1567=VERTEX_POINT('',#3575);
#1568=VERTEX_POINT('',#3577);
#1569=VERTEX_POINT('',#3581);
#1570=VERTEX_POINT('',#3584);
#1571=VERTEX_POINT('',#3588);
#1572=VERTEX_POINT('',#3592);
#1573=VERTEX_POINT('',#3596);
#1574=VERTEX_POINT('',#3599);
#1575=VERTEX_POINT('',#3603);
#1576=VERTEX_POINT('',#3607);
#1577=VERTEX_POINT('',#3612);
#1578=VERTEX_POINT('',#3614);
#1579=VERTEX_POINT('',#3618);
#1580=VERTEX_POINT('',#3622);
#1581=VERTEX_POINT('',#3629);
#1582=VERTEX_POINT('',#3631);
#1583=VERTEX_POINT('',#3635);
#1584=VERTEX_POINT('',#3639);
#1585=VERTEX_POINT('',#3645);
#1586=VERTEX_POINT('',#3648);
#1587=VERTEX_POINT('',#3651);
#1588=VERTEX_POINT('',#3652);
#1589=VERTEX_POINT('',#3654);
#1590=VERTEX_POINT('',#3656);
#1591=VERTEX_POINT('',#3660);
#1592=VERTEX_POINT('',#3661);
#1593=VERTEX_POINT('',#3666);
#1594=VERTEX_POINT('',#3667);
#1595=VERTEX_POINT('',#3672);
#1596=VERTEX_POINT('',#3673);
#1597=VERTEX_POINT('',#3675);
#1598=VERTEX_POINT('',#3677);
#1599=VERTEX_POINT('',#3681);
#1600=VERTEX_POINT('',#3682);
#1601=VERTEX_POINT('',#3684);
#1602=VERTEX_POINT('',#3686);
#1603=VERTEX_POINT('',#3690);
#1604=VERTEX_POINT('',#3691);
#1605=VERTEX_POINT('',#3693);
#1606=VERTEX_POINT('',#3695);
#1607=VERTEX_POINT('',#3699);
#1608=VERTEX_POINT('',#3700);
#1609=VERTEX_POINT('',#3702);
#1610=VERTEX_POINT('',#3704);
#1611=VERTEX_POINT('',#3716);
#1612=VERTEX_POINT('',#3718);
#1613=VERTEX_POINT('',#3722);
#1614=VERTEX_POINT('',#3724);
#1615=VERTEX_POINT('',#3734);
#1616=VERTEX_POINT('',#3735);
#1617=VERTEX_POINT('',#3737);
#1618=VERTEX_POINT('',#4010);
#1619=VERTEX_POINT('',#4020);
#1620=VERTEX_POINT('',#4030);
#1621=VERTEX_POINT('',#4040);
#1622=VERTEX_POINT('',#4050);
#1623=VERTEX_POINT('',#4060);
#1624=VERTEX_POINT('',#4070);
#1625=VERTEX_POINT('',#4080);
#1626=VERTEX_POINT('',#4090);
#1627=VERTEX_POINT('',#4100);
#1628=VERTEX_POINT('',#4110);
#1629=VERTEX_POINT('',#4120);
#1630=VERTEX_POINT('',#4130);
#1631=VERTEX_POINT('',#4140);
#1632=VERTEX_POINT('',#4150);
#1633=VERTEX_POINT('',#4160);
#1634=VERTEX_POINT('',#4170);
#1635=VERTEX_POINT('',#4175);
#1636=VERTEX_POINT('',#4192);
#1637=VERTEX_POINT('',#4200);
#1638=VERTEX_POINT('',#4599);
#1639=VERTEX_POINT('',#4605);
#1640=VERTEX_POINT('',#4613);
#1641=VERTEX_POINT('',#4623);
#1642=VERTEX_POINT('',#4633);
#1643=VERTEX_POINT('',#4643);
#1644=VERTEX_POINT('',#4653);
#1645=VERTEX_POINT('',#4663);
#1646=VERTEX_POINT('',#4673);
#1647=VERTEX_POINT('',#4683);
#1648=VERTEX_POINT('',#4693);
#1649=VERTEX_POINT('',#4703);
#1650=VERTEX_POINT('',#4713);
#1651=VERTEX_POINT('',#4723);
#1652=VERTEX_POINT('',#4733);
#1653=VERTEX_POINT('',#4743);
#1654=VERTEX_POINT('',#4753);
#1655=VERTEX_POINT('',#4759);
#1656=VERTEX_POINT('',#4767);
#1657=VERTEX_POINT('',#4771);
#1658=VERTEX_POINT('',#4773);
#1659=VERTEX_POINT('',#4775);
#1660=VERTEX_POINT('',#4777);
#1661=VERTEX_POINT('',#4779);
#1662=VERTEX_POINT('',#4784);
#1663=VERTEX_POINT('',#4788);
#1664=VERTEX_POINT('',#4798);
#1665=VERTEX_POINT('',#4813);
#1666=VERTEX_POINT('',#4815);
#1667=VERTEX_POINT('',#4827);
#1668=VERTEX_POINT('',#4829);
#1669=VERTEX_POINT('',#4832);
#1670=VERTEX_POINT('',#4834);
#1671=VERTEX_POINT('',#4838);
#1672=VERTEX_POINT('',#4843);
#1673=VERTEX_POINT('',#4846);
#1674=VERTEX_POINT('',#4849);
#1675=VERTEX_POINT('',#4851);
#1676=VERTEX_POINT('',#4855);
#1677=VERTEX_POINT('',#4860);
#1678=VERTEX_POINT('',#4863);
#1679=VERTEX_POINT('',#4866);
#1680=VERTEX_POINT('',#4867);
#1681=VERTEX_POINT('',#4869);
#1682=VERTEX_POINT('',#4871);
#1683=VERTEX_POINT('',#4874);
#1684=VERTEX_POINT('',#4877);
#1685=VERTEX_POINT('',#4878);
#1686=VERTEX_POINT('',#4883);
#1687=VERTEX_POINT('',#4885);
#1688=VERTEX_POINT('',#4893);
#1689=VERTEX_POINT('',#4894);
#1690=VERTEX_POINT('',#4896);
#1691=VERTEX_POINT('',#4898);
#1692=VERTEX_POINT('',#4902);
#1693=VERTEX_POINT('',#4903);
#1694=VERTEX_POINT('',#4905);
#1695=VERTEX_POINT('',#4907);
#1696=VERTEX_POINT('',#4917);
#1697=VERTEX_POINT('',#4919);
#1698=VERTEX_POINT('',#4922);
#1699=VERTEX_POINT('',#4924);
#1700=VERTEX_POINT('',#4927);
#1701=VERTEX_POINT('',#4929);
#1702=VERTEX_POINT('',#4932);
#1703=VERTEX_POINT('',#4941);
#1704=VERTEX_POINT('',#4943);
#1705=VERTEX_POINT('',#4945);
#1706=VERTEX_POINT('',#4948);
#1707=VERTEX_POINT('',#4950);
#1708=VERTEX_POINT('',#4952);
#1709=VERTEX_POINT('',#4959);
#1710=VERTEX_POINT('',#4960);
#1711=VERTEX_POINT('',#4963);
#1712=VERTEX_POINT('',#4967);
#1713=VERTEX_POINT('',#4974);
#1714=VERTEX_POINT('',#4975);
#1715=VERTEX_POINT('',#4979);
#1716=VERTEX_POINT('',#4983);
#1717=VERTEX_POINT('',#4989);
#1718=VERTEX_POINT('',#4990);
#1719=VERTEX_POINT('',#4992);
#1720=VERTEX_POINT('',#4994);
#1721=VERTEX_POINT('',#4996);
#1722=VERTEX_POINT('',#4998);
#1723=VERTEX_POINT('',#5002);
#1724=VERTEX_POINT('',#5003);
#1725=VERTEX_POINT('',#5005);
#1726=VERTEX_POINT('',#5007);
#1727=VERTEX_POINT('',#5009);
#1728=VERTEX_POINT('',#5011);
#1729=VERTEX_POINT('',#5028);
#1730=VERTEX_POINT('',#5029);
#1731=VERTEX_POINT('',#5031);
#1732=VERTEX_POINT('',#5033);
#1733=VERTEX_POINT('',#5035);
#1734=VERTEX_POINT('',#5037);
#1735=VERTEX_POINT('',#5041);
#1736=VERTEX_POINT('',#5042);
#1737=VERTEX_POINT('',#5044);
#1738=VERTEX_POINT('',#5046);
#1739=VERTEX_POINT('',#5048);
#1740=VERTEX_POINT('',#5050);
#1741=VERTEX_POINT('',#5067);
#1742=VERTEX_POINT('',#5068);
#1743=VERTEX_POINT('',#5070);
#1744=VERTEX_POINT('',#5072);
#1745=VERTEX_POINT('',#5074);
#1746=VERTEX_POINT('',#5076);
#1747=VERTEX_POINT('',#5080);
#1748=VERTEX_POINT('',#5081);
#1749=VERTEX_POINT('',#5083);
#1750=VERTEX_POINT('',#5085);
#1751=VERTEX_POINT('',#5087);
#1752=VERTEX_POINT('',#5089);
#1753=VERTEX_POINT('',#5106);
#1754=VERTEX_POINT('',#5107);
#1755=VERTEX_POINT('',#5109);
#1756=VERTEX_POINT('',#5111);
#1757=VERTEX_POINT('',#5113);
#1758=VERTEX_POINT('',#5115);
#1759=VERTEX_POINT('',#5119);
#1760=VERTEX_POINT('',#5120);
#1761=VERTEX_POINT('',#5122);
#1762=VERTEX_POINT('',#5124);
#1763=VERTEX_POINT('',#5126);
#1764=VERTEX_POINT('',#5128);
#1765=VERTEX_POINT('',#5145);
#1766=VERTEX_POINT('',#5147);
#1767=VERTEX_POINT('',#5150);
#1768=VERTEX_POINT('',#5152);
#1769=CIRCLE('',#2546,0.0007);
#1770=CIRCLE('',#2547,0.0007);
#1771=CIRCLE('',#2549,0.0007);
#1772=CIRCLE('',#2550,0.0007);
#1773=CIRCLE('',#2552,0.000125);
#1774=CIRCLE('',#2553,0.000125);
#1775=CIRCLE('',#2555,0.000125);
#1776=CIRCLE('',#2556,0.000125);
#1777=CIRCLE('',#2558,0.000125);
#1778=CIRCLE('',#2559,0.000125);
#1779=CIRCLE('',#2561,0.000125);
#1780=CIRCLE('',#2562,0.000125);
#1781=CIRCLE('',#2564,0.000125);
#1782=CIRCLE('',#2565,0.000125);
#1783=CIRCLE('',#2567,0.000125);
#1784=CIRCLE('',#2568,0.000125);
#1785=CIRCLE('',#2570,0.000125);
#1786=CIRCLE('',#2571,0.000125);
#1787=CIRCLE('',#2573,0.000125);
#1788=CIRCLE('',#2574,0.000125);
#1789=CIRCLE('',#2576,0.000787846202409766);
#1790=CIRCLE('',#2580,0.000787846202409767);
#1791=CIRCLE('',#2584,0.000787846202409767);
#1792=CIRCLE('',#2587,0.000787846202409767);
#1793=CIRCLE('',#2590,0.000787846202409767);
#1794=CIRCLE('',#2593,0.000787846202409767);
#1795=CIRCLE('',#2596,0.000875);
#1796=CIRCLE('',#2598,0.000875);
#1797=CIRCLE('',#2600,0.004625);
#1798=CIRCLE('',#2604,0.00025);
#1799=CIRCLE('',#2605,0.0007);
#1800=CIRCLE('',#2606,0.00025);
#1801=CIRCLE('',#2607,0.00045);
#1802=CIRCLE('',#2609,0.00025);
#1803=CIRCLE('',#2610,0.0007);
#1804=CIRCLE('',#2611,0.00025);
#1805=CIRCLE('',#2612,0.00045);
#1806=CIRCLE('',#2614,0.00025);
#1807=CIRCLE('',#2615,0.0007);
#1808=CIRCLE('',#2616,0.00025);
#1809=CIRCLE('',#2617,0.00045);
#1810=CIRCLE('',#2619,0.00025);
#1811=CIRCLE('',#2620,0.0007);
#1812=CIRCLE('',#2621,0.00025);
#1813=CIRCLE('',#2622,0.00045);
#1814=CIRCLE('',#2628,0.0007);
#1815=CIRCLE('',#2630,0.0007);
#1816=CIRCLE('',#2632,0.00585);
#1817=CIRCLE('',#2635,0.005725);
#1818=CIRCLE('',#2637,0.0007);
#1819=CIRCLE('',#2638,0.0007);
#1820=CIRCLE('',#2643,0.00585);
#1821=CIRCLE('',#2647,0.004625);
#1822=CIRCLE('',#2648,0.000787846202409767);
#1823=CIRCLE('',#2649,0.000787846202409766);
#1824=CIRCLE('',#2650,0.000875);
#1825=CIRCLE('',#2651,0.000875);
#1826=CIRCLE('',#2653,0.00585);
#1827=CIRCLE('',#2662,0.00103);
#1828=CIRCLE('',#2663,0.00236);
#1829=CIRCLE('',#2665,0.00236);
#1830=CIRCLE('',#2666,0.00109);
#1831=CIRCLE('',#2669,0.00103);
#1832=CIRCLE('',#2673,0.000685);
#1833=CIRCLE('',#2675,0.00103);
#1834=CIRCLE('',#2677,0.00103);
#1835=CIRCLE('',#2678,0.000745);
#1836=CIRCLE('',#2681,0.000685);
#1837=CIRCLE('',#2685,0.00095);
#1838=CIRCLE('',#2687,0.00095);
#1839=CIRCLE('',#2689,0.00095);
#1840=CIRCLE('',#2703,0.00236);
#1841=CIRCLE('',#2704,0.00405);
#1842=CIRCLE('',#2706,0.00236);
#1843=CIRCLE('',#2707,0.0048);
#1844=CIRCLE('',#2709,0.0048);
#1845=CIRCLE('',#2710,0.00405);
#1846=CIRCLE('',#2712,0.00095);
#1847=CIRCLE('',#2720,0.000635);
#1848=CIRCLE('',#2721,0.003935);
#1849=CIRCLE('',#2722,0.0014);
#1850=CIRCLE('',#2724,0.000635);
#1851=CIRCLE('',#2725,0.003935);
#1852=CIRCLE('',#2726,0.0014);
#1853=CIRCLE('',#2732,0.00035);
#1854=CIRCLE('',#2734,0.00035);
#1855=CIRCLE('',#2736,0.00035);
#1856=CIRCLE('',#2737,0.00035);
#1857=CIRCLE('',#2743,0.00035);
#1858=CIRCLE('',#2744,0.00035);
#1859=CIRCLE('',#2746,0.00035);
#1860=CIRCLE('',#2749,0.00035);
#1861=CIRCLE('',#2790,0.0006);
#1862=CIRCLE('',#2791,0.0011);
#1863=CIRCLE('',#2793,0.0006);
#1864=CIRCLE('',#2794,0.0011);
#1865=EDGE_LOOP('',(#551,#552,#553,#554));
#1866=EDGE_LOOP('',(#555,#556,#557,#558));
#1867=EDGE_LOOP('',(#559,#560,#561,#562));
#1868=EDGE_LOOP('',(#563,#564,#565,#566));
#1869=EDGE_LOOP('',(#567,#568,#569,#570));
#1870=EDGE_LOOP('',(#571,#572,#573,#574));
#1871=EDGE_LOOP('',(#575,#576,#577,#578));
#1872=EDGE_LOOP('',(#579,#580,#581,#582));
#1873=EDGE_LOOP('',(#583,#584,#585,#586));
#1874=EDGE_LOOP('',(#587,#588,#589,#590));
#1875=EDGE_LOOP('',(#591,#592,#593,#594,#595,#596));
#1876=EDGE_LOOP('',(#597,#598,#599,#600));
#1877=EDGE_LOOP('',(#601,#602,#603,#604));
#1878=EDGE_LOOP('',(#605,#606,#607,#608,#609,#610));
#1879=EDGE_LOOP('',(#611,#612,#613,#614));
#1880=EDGE_LOOP('',(#615,#616,#617,#618));
#1881=EDGE_LOOP('',(#619,#620,#621,#622,#623,#624));
#1882=EDGE_LOOP('',(#625,#626,#627,#628));
#1883=EDGE_LOOP('',(#629,#630,#631,#632));
#1884=EDGE_LOOP('',(#633,#634,#635,#636));
#1885=EDGE_LOOP('',(#637,#638,#639,#640,#641,#642));
#1886=EDGE_LOOP('',(#643,#644,#645,#646));
#1887=EDGE_LOOP('',(#647,#648,#649,#650));
#1888=EDGE_LOOP('',(#651,#652,#653,#654));
#1889=EDGE_LOOP('',(#655));
#1890=EDGE_LOOP('',(#656));
#1891=EDGE_LOOP('',(#657,#658,#659,#660));
#1892=EDGE_LOOP('',(#661,#662,#663,#664));
#1893=EDGE_LOOP('',(#665,#666,#667,#668));
#1894=EDGE_LOOP('',(#669,#670,#671,#672));
#1895=EDGE_LOOP('',(#673,#674,#675,#676));
#1896=EDGE_LOOP('',(#677,#678,#679,#680));
#1897=EDGE_LOOP('',(#681,#682,#683,#684));
#1898=EDGE_LOOP('',(#685,#686));
#1899=EDGE_LOOP('',(#687,#688));
#1900=EDGE_LOOP('',(#689,#690));
#1901=EDGE_LOOP('',(#691,#692));
#1902=EDGE_LOOP('',(#693,#694,#695,#696));
#1903=EDGE_LOOP('',(#697,#698,#699,#700));
#1904=EDGE_LOOP('',(#701,#702,#703));
#1905=EDGE_LOOP('',(#704,#705,#706,#707,#708,#709,#710,#711,#712,#713,#714,
#715,#716,#717,#718,#719,#720,#721,#722,#723,#724,#725));
#1906=EDGE_LOOP('',(#726,#727,#728,#729,#730,#731,#732,#733,#734,#735,#736,
#737,#738,#739,#740,#741,#742,#743,#744,#745));
#1907=EDGE_LOOP('',(#746,#747,#748,#749));
#1908=EDGE_LOOP('',(#750,#751,#752));
#1909=EDGE_LOOP('',(#753,#754,#755,#756,#757,#758,#759,#760,#761,#762,#763,
#764,#765,#766,#767,#768));
#1910=EDGE_LOOP('',(#769,#770,#771,#772,#773,#774,#775,#776,#777,#778,#779,
#780,#781,#782,#783,#784));
#1911=EDGE_LOOP('',(#785,#786,#787,#788));
#1912=EDGE_LOOP('',(#789,#790,#791,#792,#793,#794,#795,#796,#797,#798,#799,
#800,#801,#802,#803,#804,#805,#806,#807,#808,#809,#810,#811,#812,#813,#814,
#815,#816,#817,#818,#819,#820,#821));
#1913=EDGE_LOOP('',(#822,#823,#824,#825,#826,#827,#828,#829));
#1914=EDGE_LOOP('',(#830,#831,#832,#833));
#1915=EDGE_LOOP('',(#834,#835,#836,#837));
#1916=EDGE_LOOP('',(#838,#839,#840,#841,#842,#843,#844,#845,#846,#847,#848,
#849,#850,#851,#852,#853,#854,#855,#856,#857,#858,#859,#860,#861,#862,#863,
#864,#865,#866,#867,#868,#869,#870,#871));
#1917=EDGE_LOOP('',(#872));
#1918=EDGE_LOOP('',(#873));
#1919=EDGE_LOOP('',(#874,#875,#876,#877,#878,#879,#880,#881,#882,#883,#884,
#885,#886,#887,#888,#889,#890,#891,#892,#893,#894,#895,#896,#897,#898,#899,
#900,#901,#902,#903,#904,#905,#906,#907,#908));
#1920=EDGE_LOOP('',(#909));
#1921=EDGE_LOOP('',(#910,#911,#912,#913,#914));
#1922=EDGE_LOOP('',(#915,#916,#917,#918));
#1923=EDGE_LOOP('',(#919));
#1924=EDGE_LOOP('',(#920));
#1925=EDGE_LOOP('',(#921));
#1926=EDGE_LOOP('',(#922));
#1927=EDGE_LOOP('',(#923,#924,#925,#926));
#1928=EDGE_LOOP('',(#927,#928,#929,#930));
#1929=EDGE_LOOP('',(#931));
#1930=EDGE_LOOP('',(#932));
#1931=EDGE_LOOP('',(#933));
#1932=EDGE_LOOP('',(#934));
#1933=EDGE_LOOP('',(#935));
#1934=EDGE_LOOP('',(#936));
#1935=EDGE_LOOP('',(#937));
#1936=EDGE_LOOP('',(#938));
#1937=EDGE_LOOP('',(#939));
#1938=EDGE_LOOP('',(#940));
#1939=EDGE_LOOP('',(#941));
#1940=EDGE_LOOP('',(#942));
#1941=EDGE_LOOP('',(#943));
#1942=EDGE_LOOP('',(#944));
#1943=EDGE_LOOP('',(#945));
#1944=EDGE_LOOP('',(#946));
#1945=EDGE_LOOP('',(#947));
#1946=EDGE_LOOP('',(#948));
#1947=EDGE_LOOP('',(#949));
#1948=EDGE_LOOP('',(#950));
#1949=EDGE_LOOP('',(#951));
#1950=EDGE_LOOP('',(#952));
#1951=EDGE_LOOP('',(#953,#954,#955,#956));
#1952=EDGE_LOOP('',(#957));
#1953=EDGE_LOOP('',(#958,#959,#960,#961));
#1954=EDGE_LOOP('',(#962,#963,#964,#965));
#1955=EDGE_LOOP('',(#966,#967,#968,#969));
#1956=EDGE_LOOP('',(#970,#971,#972,#973));
#1957=EDGE_LOOP('',(#974,#975,#976,#977));
#1958=EDGE_LOOP('',(#978,#979,#980,#981));
#1959=EDGE_LOOP('',(#982,#983,#984,#985));
#1960=EDGE_LOOP('',(#986,#987,#988,#989));
#1961=EDGE_LOOP('',(#990));
#1962=EDGE_LOOP('',(#991));
#1963=EDGE_LOOP('',(#992));
#1964=EDGE_LOOP('',(#993));
#1965=EDGE_LOOP('',(#994));
#1966=EDGE_LOOP('',(#995));
#1967=EDGE_LOOP('',(#996));
#1968=EDGE_LOOP('',(#997,#998,#999,#1000));
#1969=EDGE_LOOP('',(#1001));
#1970=EDGE_LOOP('',(#1002));
#1971=EDGE_LOOP('',(#1003));
#1972=EDGE_LOOP('',(#1004));
#1973=EDGE_LOOP('',(#1005,#1006,#1007,#1008));
#1974=EDGE_LOOP('',(#1009,#1010,#1011,#1012));
#1975=EDGE_LOOP('',(#1013));
#1976=EDGE_LOOP('',(#1014));
#1977=EDGE_LOOP('',(#1015));
#1978=EDGE_LOOP('',(#1016));
#1979=EDGE_LOOP('',(#1017));
#1980=EDGE_LOOP('',(#1018));
#1981=EDGE_LOOP('',(#1019));
#1982=EDGE_LOOP('',(#1020));
#1983=EDGE_LOOP('',(#1021));
#1984=EDGE_LOOP('',(#1022));
#1985=EDGE_LOOP('',(#1023));
#1986=EDGE_LOOP('',(#1024));
#1987=EDGE_LOOP('',(#1025));
#1988=EDGE_LOOP('',(#1026));
#1989=EDGE_LOOP('',(#1027));
#1990=EDGE_LOOP('',(#1028));
#1991=EDGE_LOOP('',(#1029));
#1992=EDGE_LOOP('',(#1030));
#1993=EDGE_LOOP('',(#1031,#1032));
#1994=EDGE_LOOP('',(#1033));
#1995=EDGE_LOOP('',(#1034,#1035));
#1996=EDGE_LOOP('',(#1036));
#1997=EDGE_LOOP('',(#1037,#1038));
#1998=EDGE_LOOP('',(#1039));
#1999=EDGE_LOOP('',(#1040));
#2000=EDGE_LOOP('',(#1041,#1042));
#2001=EDGE_LOOP('',(#1043));
#2002=EDGE_LOOP('',(#1044,#1045));
#2003=EDGE_LOOP('',(#1046,#1047));
#2004=EDGE_LOOP('',(#1048));
#2005=EDGE_LOOP('',(#1049));
#2006=EDGE_LOOP('',(#1050));
#2007=EDGE_LOOP('',(#1051,#1052,#1053,#1054,#1055,#1056));
#2008=EDGE_LOOP('',(#1057,#1058,#1059,#1060,#1061,#1062));
#2009=EDGE_LOOP('',(#1063,#1064,#1065,#1066));
#2010=EDGE_LOOP('',(#1067,#1068,#1069,#1070));
#2011=EDGE_LOOP('',(#1071,#1072,#1073,#1074));
#2012=EDGE_LOOP('',(#1075,#1076,#1077,#1078));
#2013=EDGE_LOOP('',(#1079,#1080,#1081,#1082));
#2014=EDGE_LOOP('',(#1083,#1084,#1085,#1086));
#2015=EDGE_LOOP('',(#1087,#1088,#1089,#1090,#1091,#1092));
#2016=EDGE_LOOP('',(#1093,#1094,#1095,#1096,#1097,#1098));
#2017=EDGE_LOOP('',(#1099,#1100,#1101,#1102));
#2018=EDGE_LOOP('',(#1103,#1104,#1105,#1106));
#2019=EDGE_LOOP('',(#1107,#1108,#1109,#1110));
#2020=EDGE_LOOP('',(#1111,#1112,#1113,#1114));
#2021=EDGE_LOOP('',(#1115,#1116,#1117,#1118));
#2022=EDGE_LOOP('',(#1119,#1120,#1121,#1122));
#2023=EDGE_LOOP('',(#1123,#1124,#1125,#1126,#1127,#1128));
#2024=EDGE_LOOP('',(#1129,#1130,#1131,#1132,#1133,#1134));
#2025=EDGE_LOOP('',(#1135,#1136,#1137,#1138));
#2026=EDGE_LOOP('',(#1139,#1140,#1141,#1142));
#2027=EDGE_LOOP('',(#1143,#1144,#1145,#1146));
#2028=EDGE_LOOP('',(#1147,#1148,#1149,#1150));
#2029=EDGE_LOOP('',(#1151,#1152,#1153,#1154));
#2030=EDGE_LOOP('',(#1155,#1156,#1157,#1158));
#2031=EDGE_LOOP('',(#1159,#1160,#1161,#1162,#1163,#1164));
#2032=EDGE_LOOP('',(#1165,#1166,#1167,#1168,#1169,#1170));
#2033=EDGE_LOOP('',(#1171,#1172,#1173,#1174));
#2034=EDGE_LOOP('',(#1175,#1176,#1177,#1178));
#2035=EDGE_LOOP('',(#1179,#1180,#1181,#1182));
#2036=EDGE_LOOP('',(#1183,#1184,#1185,#1186));
#2037=EDGE_LOOP('',(#1187,#1188,#1189,#1190));
#2038=EDGE_LOOP('',(#1191,#1192,#1193,#1194));
#2039=EDGE_LOOP('',(#1195));
#2040=EDGE_LOOP('',(#1196));
#2041=EDGE_LOOP('',(#1197));
#2042=EDGE_LOOP('',(#1198));
#2043=EDGE_LOOP('',(#1199));
#2044=EDGE_LOOP('',(#1200));
#2045=EDGE_LOOP('',(#1201));
#2046=EDGE_LOOP('',(#1202));
#2047=FACE_BOUND('',#1865,.T.);
#2048=FACE_BOUND('',#1866,.T.);
#2049=FACE_BOUND('',#1867,.T.);
#2050=FACE_BOUND('',#1868,.T.);
#2051=FACE_BOUND('',#1869,.T.);
#2052=FACE_BOUND('',#1870,.T.);
#2053=FACE_BOUND('',#1871,.T.);
#2054=FACE_BOUND('',#1872,.T.);
#2055=FACE_BOUND('',#1873,.T.);
#2056=FACE_BOUND('',#1874,.T.);
#2057=FACE_BOUND('',#1875,.T.);
#2058=FACE_BOUND('',#1876,.T.);
#2059=FACE_BOUND('',#1877,.T.);
#2060=FACE_BOUND('',#1878,.T.);
#2061=FACE_BOUND('',#1879,.T.);
#2062=FACE_BOUND('',#1880,.T.);
#2063=FACE_BOUND('',#1881,.T.);
#2064=FACE_BOUND('',#1882,.T.);
#2065=FACE_BOUND('',#1883,.T.);
#2066=FACE_BOUND('',#1884,.T.);
#2067=FACE_BOUND('',#1885,.T.);
#2068=FACE_BOUND('',#1886,.T.);
#2069=FACE_BOUND('',#1887,.T.);
#2070=FACE_BOUND('',#1888,.T.);
#2071=FACE_BOUND('',#1889,.T.);
#2072=FACE_BOUND('',#1890,.T.);
#2073=FACE_BOUND('',#1891,.T.);
#2074=FACE_BOUND('',#1892,.T.);
#2075=FACE_BOUND('',#1893,.T.);
#2076=FACE_BOUND('',#1894,.T.);
#2077=FACE_BOUND('',#1895,.T.);
#2078=FACE_BOUND('',#1896,.T.);
#2079=FACE_BOUND('',#1897,.T.);
#2080=FACE_BOUND('',#1898,.T.);
#2081=FACE_BOUND('',#1899,.T.);
#2082=FACE_BOUND('',#1900,.T.);
#2083=FACE_BOUND('',#1901,.T.);
#2084=FACE_BOUND('',#1902,.T.);
#2085=FACE_BOUND('',#1903,.T.);
#2086=FACE_BOUND('',#1904,.T.);
#2087=FACE_BOUND('',#1905,.T.);
#2088=FACE_BOUND('',#1906,.T.);
#2089=FACE_BOUND('',#1907,.T.);
#2090=FACE_BOUND('',#1908,.T.);
#2091=FACE_BOUND('',#1909,.T.);
#2092=FACE_BOUND('',#1910,.T.);
#2093=FACE_BOUND('',#1911,.T.);
#2094=FACE_BOUND('',#1912,.T.);
#2095=FACE_BOUND('',#1913,.T.);
#2096=FACE_BOUND('',#1914,.T.);
#2097=FACE_BOUND('',#1915,.T.);
#2098=FACE_BOUND('',#1916,.T.);
#2099=FACE_BOUND('',#1917,.T.);
#2100=FACE_BOUND('',#1918,.T.);
#2101=FACE_BOUND('',#1919,.T.);
#2102=FACE_BOUND('',#1920,.T.);
#2103=FACE_BOUND('',#1921,.T.);
#2104=FACE_BOUND('',#1922,.T.);
#2105=FACE_BOUND('',#1923,.T.);
#2106=FACE_BOUND('',#1924,.T.);
#2107=FACE_BOUND('',#1925,.T.);
#2108=FACE_BOUND('',#1926,.T.);
#2109=FACE_BOUND('',#1927,.T.);
#2110=FACE_BOUND('',#1928,.T.);
#2111=FACE_BOUND('',#1929,.T.);
#2112=FACE_BOUND('',#1930,.T.);
#2113=FACE_BOUND('',#1931,.T.);
#2114=FACE_BOUND('',#1932,.T.);
#2115=FACE_BOUND('',#1933,.T.);
#2116=FACE_BOUND('',#1934,.T.);
#2117=FACE_BOUND('',#1935,.T.);
#2118=FACE_BOUND('',#1936,.T.);
#2119=FACE_BOUND('',#1937,.T.);
#2120=FACE_BOUND('',#1938,.T.);
#2121=FACE_BOUND('',#1939,.T.);
#2122=FACE_BOUND('',#1940,.T.);
#2123=FACE_BOUND('',#1941,.T.);
#2124=FACE_BOUND('',#1942,.T.);
#2125=FACE_BOUND('',#1943,.T.);
#2126=FACE_BOUND('',#1944,.T.);
#2127=FACE_BOUND('',#1945,.T.);
#2128=FACE_BOUND('',#1946,.T.);
#2129=FACE_BOUND('',#1947,.T.);
#2130=FACE_BOUND('',#1948,.T.);
#2131=FACE_BOUND('',#1949,.T.);
#2132=FACE_BOUND('',#1950,.T.);
#2133=FACE_BOUND('',#1951,.T.);
#2134=FACE_BOUND('',#1952,.T.);
#2135=FACE_BOUND('',#1953,.T.);
#2136=FACE_BOUND('',#1954,.T.);
#2137=FACE_BOUND('',#1955,.T.);
#2138=FACE_BOUND('',#1956,.T.);
#2139=FACE_BOUND('',#1957,.T.);
#2140=FACE_BOUND('',#1958,.T.);
#2141=FACE_BOUND('',#1959,.T.);
#2142=FACE_BOUND('',#1960,.T.);
#2143=FACE_BOUND('',#1961,.T.);
#2144=FACE_BOUND('',#1962,.T.);
#2145=FACE_BOUND('',#1963,.T.);
#2146=FACE_BOUND('',#1964,.T.);
#2147=FACE_BOUND('',#1965,.T.);
#2148=FACE_BOUND('',#1966,.T.);
#2149=FACE_BOUND('',#1967,.T.);
#2150=FACE_BOUND('',#1968,.T.);
#2151=FACE_BOUND('',#1969,.T.);
#2152=FACE_BOUND('',#1970,.T.);
#2153=FACE_BOUND('',#1971,.T.);
#2154=FACE_BOUND('',#1972,.T.);
#2155=FACE_BOUND('',#1973,.T.);
#2156=FACE_BOUND('',#1974,.T.);
#2157=FACE_BOUND('',#1975,.T.);
#2158=FACE_BOUND('',#1976,.T.);
#2159=FACE_BOUND('',#1977,.T.);
#2160=FACE_BOUND('',#1978,.T.);
#2161=FACE_BOUND('',#1979,.T.);
#2162=FACE_BOUND('',#1980,.T.);
#2163=FACE_BOUND('',#1981,.T.);
#2164=FACE_BOUND('',#1982,.T.);
#2165=FACE_BOUND('',#1983,.T.);
#2166=FACE_BOUND('',#1984,.T.);
#2167=FACE_BOUND('',#1985,.T.);
#2168=FACE_BOUND('',#1986,.T.);
#2169=FACE_BOUND('',#1987,.T.);
#2170=FACE_BOUND('',#1988,.T.);
#2171=FACE_BOUND('',#1989,.T.);
#2172=FACE_BOUND('',#1990,.T.);
#2173=FACE_BOUND('',#1991,.T.);
#2174=FACE_BOUND('',#1992,.T.);
#2175=FACE_BOUND('',#1993,.T.);
#2176=FACE_BOUND('',#1994,.T.);
#2177=FACE_BOUND('',#1995,.T.);
#2178=FACE_BOUND('',#1996,.T.);
#2179=FACE_BOUND('',#1997,.T.);
#2180=FACE_BOUND('',#1998,.T.);
#2181=FACE_BOUND('',#1999,.T.);
#2182=FACE_BOUND('',#2000,.T.);
#2183=FACE_BOUND('',#2001,.T.);
#2184=FACE_BOUND('',#2002,.T.);
#2185=FACE_BOUND('',#2003,.T.);
#2186=FACE_BOUND('',#2004,.T.);
#2187=FACE_BOUND('',#2005,.T.);
#2188=FACE_BOUND('',#2006,.T.);
#2189=FACE_BOUND('',#2007,.T.);
#2190=FACE_BOUND('',#2008,.T.);
#2191=FACE_BOUND('',#2009,.T.);
#2192=FACE_BOUND('',#2010,.T.);
#2193=FACE_BOUND('',#2011,.T.);
#2194=FACE_BOUND('',#2012,.T.);
#2195=FACE_BOUND('',#2013,.T.);
#2196=FACE_BOUND('',#2014,.T.);
#2197=FACE_BOUND('',#2015,.T.);
#2198=FACE_BOUND('',#2016,.T.);
#2199=FACE_BOUND('',#2017,.T.);
#2200=FACE_BOUND('',#2018,.T.);
#2201=FACE_BOUND('',#2019,.T.);
#2202=FACE_BOUND('',#2020,.T.);
#2203=FACE_BOUND('',#2021,.T.);
#2204=FACE_BOUND('',#2022,.T.);
#2205=FACE_BOUND('',#2023,.T.);
#2206=FACE_BOUND('',#2024,.T.);
#2207=FACE_BOUND('',#2025,.T.);
#2208=FACE_BOUND('',#2026,.T.);
#2209=FACE_BOUND('',#2027,.T.);
#2210=FACE_BOUND('',#2028,.T.);
#2211=FACE_BOUND('',#2029,.T.);
#2212=FACE_BOUND('',#2030,.T.);
#2213=FACE_BOUND('',#2031,.T.);
#2214=FACE_BOUND('',#2032,.T.);
#2215=FACE_BOUND('',#2033,.T.);
#2216=FACE_BOUND('',#2034,.T.);
#2217=FACE_BOUND('',#2035,.T.);
#2218=FACE_BOUND('',#2036,.T.);
#2219=FACE_BOUND('',#2037,.T.);
#2220=FACE_BOUND('',#2038,.T.);
#2221=FACE_BOUND('',#2039,.T.);
#2222=FACE_BOUND('',#2040,.T.);
#2223=FACE_BOUND('',#2041,.T.);
#2224=FACE_BOUND('',#2042,.T.);
#2225=FACE_BOUND('',#2043,.T.);
#2226=FACE_BOUND('',#2044,.T.);
#2227=FACE_BOUND('',#2045,.T.);
#2228=FACE_BOUND('',#2046,.T.);
#2229=CYLINDRICAL_SURFACE('',#2545,0.0007);
#2230=CYLINDRICAL_SURFACE('',#2548,0.0007);
#2231=CYLINDRICAL_SURFACE('',#2551,0.000125);
#2232=CYLINDRICAL_SURFACE('',#2554,0.000125);
#2233=CYLINDRICAL_SURFACE('',#2557,0.000125);
#2234=CYLINDRICAL_SURFACE('',#2560,0.000125);
#2235=CYLINDRICAL_SURFACE('',#2563,0.000125);
#2236=CYLINDRICAL_SURFACE('',#2566,0.000125);
#2237=CYLINDRICAL_SURFACE('',#2569,0.000125);
#2238=CYLINDRICAL_SURFACE('',#2572,0.000125);
#2239=CYLINDRICAL_SURFACE('',#2586,0.000787846202409767);
#2240=CYLINDRICAL_SURFACE('',#2592,0.000787846202409767);
#2241=CYLINDRICAL_SURFACE('',#2627,0.0007);
#2242=CYLINDRICAL_SURFACE('',#2629,0.0007);
#2243=CYLINDRICAL_SURFACE('',#2644,0.0007);
#2244=CYLINDRICAL_SURFACE('',#2645,0.0007);
#2245=CYLINDRICAL_SURFACE('',#2652,0.00585);
#2246=CYLINDRICAL_SURFACE('',#2655,0.004625);
#2247=CYLINDRICAL_SURFACE('',#2656,0.000875);
#2248=CYLINDRICAL_SURFACE('',#2657,0.000875);
#2249=CYLINDRICAL_SURFACE('',#2658,0.000787846202409767);
#2250=CYLINDRICAL_SURFACE('',#2659,0.000787846202409766);
#2251=CYLINDRICAL_SURFACE('',#2667,0.00236);
#2252=CYLINDRICAL_SURFACE('',#2668,0.00103);
#2253=CYLINDRICAL_SURFACE('',#2679,0.00103);
#2254=CYLINDRICAL_SURFACE('',#2680,0.000685);
#2255=CYLINDRICAL_SURFACE('',#2713,0.00405);
#2256=CYLINDRICAL_SURFACE('',#2714,0.0048);
#2257=CYLINDRICAL_SURFACE('',#2715,0.00236);
#2258=CYLINDRICAL_SURFACE('',#2716,0.00095);
#2259=CYLINDRICAL_SURFACE('',#2717,0.00095);
#2260=CYLINDRICAL_SURFACE('',#2727,0.003935);
#2261=CYLINDRICAL_SURFACE('',#2728,0.0014);
#2262=CYLINDRICAL_SURFACE('',#2729,0.000635);
#2263=CYLINDRICAL_SURFACE('',#2731,0.00035);
#2264=CYLINDRICAL_SURFACE('',#2735,0.00035);
#2265=CYLINDRICAL_SURFACE('',#2745,0.00035);
#2266=CYLINDRICAL_SURFACE('',#2748,0.00035);
#2267=CYLINDRICAL_SURFACE('',#2795,0.0011);
#2268=CYLINDRICAL_SURFACE('',#2796,0.0006);
#2269=ADVANCED_FACE('',(#2047),#2229,.T.);
#2270=ADVANCED_FACE('',(#2048),#2230,.T.);
#2271=ADVANCED_FACE('',(#2049),#2231,.T.);
#2272=ADVANCED_FACE('',(#2050),#2232,.T.);
#2273=ADVANCED_FACE('',(#2051),#2233,.T.);
#2274=ADVANCED_FACE('',(#2052),#2234,.T.);
#2275=ADVANCED_FACE('',(#2053),#2235,.T.);
#2276=ADVANCED_FACE('',(#2054),#2236,.T.);
#2277=ADVANCED_FACE('',(#2055),#2237,.T.);
#2278=ADVANCED_FACE('',(#2056),#2238,.T.);
#2279=ADVANCED_FACE('',(#2057),#91,.T.);
#2280=ADVANCED_FACE('',(#2058),#92,.F.);
#2281=ADVANCED_FACE('',(#2059),#93,.F.);
#2282=ADVANCED_FACE('',(#2060),#94,.T.);
#2283=ADVANCED_FACE('',(#2061),#95,.F.);
#2284=ADVANCED_FACE('',(#2062),#96,.F.);
#2285=ADVANCED_FACE('',(#2063),#97,.T.);
#2286=ADVANCED_FACE('',(#2064),#98,.F.);
#2287=ADVANCED_FACE('',(#2065),#2239,.T.);
#2288=ADVANCED_FACE('',(#2066),#99,.F.);
#2289=ADVANCED_FACE('',(#2067),#100,.T.);
#2290=ADVANCED_FACE('',(#2068),#101,.F.);
#2291=ADVANCED_FACE('',(#2069),#2240,.T.);
#2292=ADVANCED_FACE('',(#2070),#102,.F.);
#2293=ADVANCED_FACE('',(#2071),#103,.T.);
#2294=ADVANCED_FACE('',(#2072),#104,.T.);
#2295=ADVANCED_FACE('',(#2073),#105,.F.);
#2296=ADVANCED_FACE('',(#2074),#106,.F.);
#2297=ADVANCED_FACE('',(#2075),#107,.F.);
#2298=ADVANCED_FACE('',(#2076),#86,.T.);
#2299=ADVANCED_FACE('',(#2077),#87,.T.);
#2300=ADVANCED_FACE('',(#2078),#88,.T.);
#2301=ADVANCED_FACE('',(#2079),#89,.T.);
#2302=ADVANCED_FACE('',(#2080),#108,.F.);
#2303=ADVANCED_FACE('',(#2081),#109,.F.);
#2304=ADVANCED_FACE('',(#2082),#110,.F.);
#2305=ADVANCED_FACE('',(#2083),#111,.F.);
#2306=ADVANCED_FACE('',(#2084),#2241,.T.);
#2307=ADVANCED_FACE('',(#2085),#2242,.T.);
#2308=ADVANCED_FACE('',(#2086),#112,.T.);
#2309=ADVANCED_FACE('',(#2087),#78,.F.);
#2310=ADVANCED_FACE('',(#2088),#79,.F.);
#2311=ADVANCED_FACE('',(#2089),#113,.T.);
#2312=ADVANCED_FACE('',(#2090),#114,.T.);
#2313=ADVANCED_FACE('',(#2091),#115,.T.);
#2314=ADVANCED_FACE('',(#2092),#116,.F.);
#2315=ADVANCED_FACE('',(#2093),#117,.F.);
#2316=ADVANCED_FACE('',(#2094),#118,.F.);
#2317=ADVANCED_FACE('',(#2095),#119,.F.);
#2318=ADVANCED_FACE('',(#2096),#2243,.T.);
#2319=ADVANCED_FACE('',(#2097),#2244,.T.);
#2320=ADVANCED_FACE('',(#2098,#2099,#2100),#120,.F.);
#2321=ADVANCED_FACE('',(#2101,#2102),#2245,.T.);
#2322=ADVANCED_FACE('',(#2103),#90,.T.);
#2323=ADVANCED_FACE('',(#2104),#2246,.F.);
#2324=ADVANCED_FACE('',(#2105,#2106),#2247,.F.);
#2325=ADVANCED_FACE('',(#2107,#2108),#2248,.F.);
#2326=ADVANCED_FACE('',(#2109),#2249,.T.);
#2327=ADVANCED_FACE('',(#2110),#2250,.T.);
#2328=ADVANCED_FACE('',(#2111,#2112),#121,.F.);
#2329=ADVANCED_FACE('',(#2113,#2114),#122,.T.);
#2330=ADVANCED_FACE('',(#2115,#2116),#2251,.T.);
#2331=ADVANCED_FACE('',(#2117,#2118),#2252,.F.);
#2332=ADVANCED_FACE('',(#2119,#2120),#18,.F.);
#2333=ADVANCED_FACE('',(#2121),#123,.T.);
#2334=ADVANCED_FACE('',(#2122),#124,.F.);
#2335=ADVANCED_FACE('',(#2123,#2124),#125,.T.);
#2336=ADVANCED_FACE('',(#2125,#2126),#2253,.T.);
#2337=ADVANCED_FACE('',(#2127,#2128),#2254,.F.);
#2338=ADVANCED_FACE('',(#2129,#2130),#19,.F.);
#2339=ADVANCED_FACE('',(#2131),#126,.T.);
#2340=ADVANCED_FACE('',(#2132),#127,.T.);
#2341=ADVANCED_FACE('',(#2133,#2134),#128,.F.);
#2342=ADVANCED_FACE('',(#2135),#129,.T.);
#2343=ADVANCED_FACE('',(#2136),#130,.F.);
#2344=ADVANCED_FACE('',(#2137),#131,.F.);
#2345=ADVANCED_FACE('',(#2138),#132,.F.);
#2346=ADVANCED_FACE('',(#2139),#133,.T.);
#2347=ADVANCED_FACE('',(#2140),#134,.F.);
#2348=ADVANCED_FACE('',(#2141),#135,.F.);
#2349=ADVANCED_FACE('',(#2142),#136,.F.);
#2350=ADVANCED_FACE('',(#2143,#2144),#137,.T.);
#2351=ADVANCED_FACE('',(#2145,#2146),#138,.F.);
#2352=ADVANCED_FACE('',(#2147,#2148),#139,.T.);
#2353=ADVANCED_FACE('',(#2149,#2150),#140,.F.);
#2354=ADVANCED_FACE('',(#2151,#2152),#2255,.F.);
#2355=ADVANCED_FACE('',(#2153,#2154,#2155,#2156),#2256,.T.);
#2356=ADVANCED_FACE('',(#2157,#2158),#2257,.F.);
#2357=ADVANCED_FACE('',(#2159,#2160),#2258,.T.);
#2358=ADVANCED_FACE('',(#2161,#2162),#2259,.T.);
#2359=ADVANCED_FACE('',(#2163,#2164,#2165),#141,.F.);
#2360=ADVANCED_FACE('',(#2166,#2167,#2168),#142,.T.);
#2361=ADVANCED_FACE('',(#2169,#2170),#2260,.T.);
#2362=ADVANCED_FACE('',(#2171,#2172),#2261,.F.);
#2363=ADVANCED_FACE('',(#2173,#2174),#2262,.F.);
#2364=ADVANCED_FACE('',(#2175,#2176),#2263,.T.);
#2365=ADVANCED_FACE('',(#2177,#2178),#2264,.T.);
#2366=ADVANCED_FACE('',(#2179),#10,.T.);
#2367=ADVANCED_FACE('',(#2180),#143,.F.);
#2368=ADVANCED_FACE('',(#2181),#144,.F.);
#2369=ADVANCED_FACE('',(#2182),#11,.T.);
#2370=ADVANCED_FACE('',(#2183,#2184),#2265,.T.);
#2371=ADVANCED_FACE('',(#2185,#2186),#2266,.T.);
#2372=ADVANCED_FACE('',(#2187),#145,.F.);
#2373=ADVANCED_FACE('',(#2188),#146,.F.);
#2374=ADVANCED_FACE('',(#2189),#147,.T.);
#2375=ADVANCED_FACE('',(#2190),#148,.F.);
#2376=ADVANCED_FACE('',(#2191),#149,.F.);
#2377=ADVANCED_FACE('',(#2192),#150,.F.);
#2378=ADVANCED_FACE('',(#2193),#151,.F.);
#2379=ADVANCED_FACE('',(#2194),#152,.F.);
#2380=ADVANCED_FACE('',(#2195),#153,.F.);
#2381=ADVANCED_FACE('',(#2196),#154,.F.);
#2382=ADVANCED_FACE('',(#2197),#155,.F.);
#2383=ADVANCED_FACE('',(#2198),#156,.T.);
#2384=ADVANCED_FACE('',(#2199),#157,.F.);
#2385=ADVANCED_FACE('',(#2200),#158,.F.);
#2386=ADVANCED_FACE('',(#2201),#159,.F.);
#2387=ADVANCED_FACE('',(#2202),#160,.F.);
#2388=ADVANCED_FACE('',(#2203),#161,.F.);
#2389=ADVANCED_FACE('',(#2204),#162,.F.);
#2390=ADVANCED_FACE('',(#2205),#163,.F.);
#2391=ADVANCED_FACE('',(#2206),#164,.T.);
#2392=ADVANCED_FACE('',(#2207),#165,.F.);
#2393=ADVANCED_FACE('',(#2208),#166,.F.);
#2394=ADVANCED_FACE('',(#2209),#167,.F.);
#2395=ADVANCED_FACE('',(#2210),#168,.F.);
#2396=ADVANCED_FACE('',(#2211),#169,.F.);
#2397=ADVANCED_FACE('',(#2212),#170,.F.);
#2398=ADVANCED_FACE('',(#2213),#171,.T.);
#2399=ADVANCED_FACE('',(#2214),#172,.F.);
#2400=ADVANCED_FACE('',(#2215),#173,.F.);
#2401=ADVANCED_FACE('',(#2216),#174,.F.);
#2402=ADVANCED_FACE('',(#2217),#175,.F.);
#2403=ADVANCED_FACE('',(#2218),#176,.F.);
#2404=ADVANCED_FACE('',(#2219),#177,.F.);
#2405=ADVANCED_FACE('',(#2220),#178,.F.);
#2406=ADVANCED_FACE('',(#2221,#2222),#179,.F.);
#2407=ADVANCED_FACE('',(#2223,#2224),#180,.T.);
#2408=ADVANCED_FACE('',(#2225,#2226),#2267,.T.);
#2409=ADVANCED_FACE('',(#2227,#2228),#2268,.F.);
#2410=CLOSED_SHELL('',(#2269,#2270,#2271,#2272,#2273,#2274,#2275,#2276,
#2277,#2278,#2279,#2280,#2281,#2282,#2283,#2284,#2285,#2286,#2287,#2288,
#2289,#2290,#2291,#2292,#2293,#2294,#2295,#2296,#2297,#2298,#2299,#2300,
#2301,#2302,#2303,#2304,#2305,#2306,#2307,#2308,#2309,#2310,#2311,#2312,
#2313,#2314,#2315,#2316,#2317,#2318,#2319,#2320,#2321,#2322,#2323,#2324,
#2325,#2326,#2327));
#2411=CLOSED_SHELL('',(#2328,#2329,#2330,#2331,#2332));
#2412=CLOSED_SHELL('',(#2333,#2334,#2335,#2336,#2337,#2338));
#2413=CLOSED_SHELL('',(#2339,#2340,#2341,#2342,#2343,#2344,#2345,#2346,
#2347,#2348,#2349,#2350,#2351,#2352,#2353,#2354,#2355,#2356,#2357,#2358));
#2414=CLOSED_SHELL('',(#2359,#2360,#2361,#2362,#2363));
#2415=CLOSED_SHELL('',(#2364,#2365,#2366,#2367,#2368));
#2416=CLOSED_SHELL('',(#2369,#2370,#2371,#2372,#2373));
#2417=CLOSED_SHELL('',(#2374,#2375,#2376,#2377,#2378,#2379,#2380,#2381));
#2418=CLOSED_SHELL('',(#2382,#2383,#2384,#2385,#2386,#2387,#2388,#2389));
#2419=CLOSED_SHELL('',(#2390,#2391,#2392,#2393,#2394,#2395,#2396,#2397));
#2420=CLOSED_SHELL('',(#2398,#2399,#2400,#2401,#2402,#2403,#2404,#2405));
#2421=CLOSED_SHELL('',(#2406,#2407,#2408,#2409));
#2422=STYLED_ITEM('',(#2434),#2508);
#2423=STYLED_ITEM('',(#2435),#2509);
#2424=STYLED_ITEM('',(#2436),#2510);
#2425=STYLED_ITEM('',(#2437),#2511);
#2426=STYLED_ITEM('',(#2438),#2512);
#2427=STYLED_ITEM('',(#2439),#2513);
#2428=STYLED_ITEM('',(#2440),#2514);
#2429=STYLED_ITEM('',(#2441),#2515);
#2430=STYLED_ITEM('',(#2442),#2516);
#2431=STYLED_ITEM('',(#2443),#2517);
#2432=STYLED_ITEM('',(#2444),#2518);
#2433=STYLED_ITEM('',(#2445),#2519);
#2434=PRESENTATION_STYLE_ASSIGNMENT((#2446));
#2435=PRESENTATION_STYLE_ASSIGNMENT((#2447));
#2436=PRESENTATION_STYLE_ASSIGNMENT((#2448));
#2437=PRESENTATION_STYLE_ASSIGNMENT((#2449));
#2438=PRESENTATION_STYLE_ASSIGNMENT((#2450));
#2439=PRESENTATION_STYLE_ASSIGNMENT((#2451));
#2440=PRESENTATION_STYLE_ASSIGNMENT((#2452));
#2441=PRESENTATION_STYLE_ASSIGNMENT((#2453));
#2442=PRESENTATION_STYLE_ASSIGNMENT((#2454));
#2443=PRESENTATION_STYLE_ASSIGNMENT((#2455));
#2444=PRESENTATION_STYLE_ASSIGNMENT((#2456));
#2445=PRESENTATION_STYLE_ASSIGNMENT((#2457));
#2446=SURFACE_STYLE_USAGE(.BOTH.,#2458);
#2447=SURFACE_STYLE_USAGE(.BOTH.,#2459);
#2448=SURFACE_STYLE_USAGE(.BOTH.,#2460);
#2449=SURFACE_STYLE_USAGE(.BOTH.,#2461);
#2450=SURFACE_STYLE_USAGE(.BOTH.,#2462);
#2451=SURFACE_STYLE_USAGE(.BOTH.,#2463);
#2452=SURFACE_STYLE_USAGE(.BOTH.,#2464);
#2453=SURFACE_STYLE_USAGE(.BOTH.,#2465);
#2454=SURFACE_STYLE_USAGE(.BOTH.,#2466);
#2455=SURFACE_STYLE_USAGE(.BOTH.,#2467);
#2456=SURFACE_STYLE_USAGE(.BOTH.,#2468);
#2457=SURFACE_STYLE_USAGE(.BOTH.,#2469);
#2458=SURFACE_SIDE_STYLE('',(#2470));
#2459=SURFACE_SIDE_STYLE('',(#2471));
#2460=SURFACE_SIDE_STYLE('',(#2472));
#2461=SURFACE_SIDE_STYLE('',(#2473));
#2462=SURFACE_SIDE_STYLE('',(#2474));
#2463=SURFACE_SIDE_STYLE('',(#2475));
#2464=SURFACE_SIDE_STYLE('',(#2476));
#2465=SURFACE_SIDE_STYLE('',(#2477));
#2466=SURFACE_SIDE_STYLE('',(#2478));
#2467=SURFACE_SIDE_STYLE('',(#2479));
#2468=SURFACE_SIDE_STYLE('',(#2480));
#2469=SURFACE_SIDE_STYLE('',(#2481));
#2470=SURFACE_STYLE_FILL_AREA(#2482);
#2471=SURFACE_STYLE_FILL_AREA(#2483);
#2472=SURFACE_STYLE_FILL_AREA(#2484);
#2473=SURFACE_STYLE_FILL_AREA(#2485);
#2474=SURFACE_STYLE_FILL_AREA(#2486);
#2475=SURFACE_STYLE_FILL_AREA(#2487);
#2476=SURFACE_STYLE_FILL_AREA(#2488);
#2477=SURFACE_STYLE_FILL_AREA(#2489);
#2478=SURFACE_STYLE_FILL_AREA(#2490);
#2479=SURFACE_STYLE_FILL_AREA(#2491);
#2480=SURFACE_STYLE_FILL_AREA(#2492);
#2481=SURFACE_STYLE_FILL_AREA(#2493);
#2482=FILL_AREA_STYLE('',(#2494));
#2483=FILL_AREA_STYLE('',(#2495));
#2484=FILL_AREA_STYLE('',(#2496));
#2485=FILL_AREA_STYLE('',(#2497));
#2486=FILL_AREA_STYLE('',(#2498));
#2487=FILL_AREA_STYLE('',(#2499));
#2488=FILL_AREA_STYLE('',(#2500));
#2489=FILL_AREA_STYLE('',(#2501));
#2490=FILL_AREA_STYLE('',(#2502));
#2491=FILL_AREA_STYLE('',(#2503));
#2492=FILL_AREA_STYLE('',(#2504));
#2493=FILL_AREA_STYLE('',(#2505));
#2494=FILL_AREA_STYLE_COLOUR('',#2506);
#2495=FILL_AREA_STYLE_COLOUR('',#20);
#2496=FILL_AREA_STYLE_COLOUR('',#2507);
#2497=FILL_AREA_STYLE_COLOUR('',#2507);
#2498=FILL_AREA_STYLE_COLOUR('',#2507);
#2499=FILL_AREA_STYLE_COLOUR('',#2507);
#2500=FILL_AREA_STYLE_COLOUR('',#2507);
#2501=FILL_AREA_STYLE_COLOUR('',#2507);
#2502=FILL_AREA_STYLE_COLOUR('',#2507);
#2503=FILL_AREA_STYLE_COLOUR('',#2507);
#2504=FILL_AREA_STYLE_COLOUR('',#2507);
#2505=FILL_AREA_STYLE_COLOUR('',#20);
#2506=COLOUR_RGB('',0.843137254901961,0.815686274509804,0.752941176470588);
#2507=COLOUR_RGB('',0.827450980392157,0.83921568627451,0.827450980392157);
#2508=MANIFOLD_SOLID_BREP('73100-0131',#2410);
#2509=MANIFOLD_SOLID_BREP('73100-0131',#2411);
#2510=MANIFOLD_SOLID_BREP('73100-0131',#2412);
#2511=MANIFOLD_SOLID_BREP('73100-0131',#2413);
#2512=MANIFOLD_SOLID_BREP('73100-0131',#2414);
#2513=MANIFOLD_SOLID_BREP('73100-0131',#2415);
#2514=MANIFOLD_SOLID_BREP('73100-0131',#2416);
#2515=MANIFOLD_SOLID_BREP('73100-0131',#2417);
#2516=MANIFOLD_SOLID_BREP('73100-0131',#2418);
#2517=MANIFOLD_SOLID_BREP('73100-0131',#2419);
#2518=MANIFOLD_SOLID_BREP('73100-0131',#2420);
#2519=MANIFOLD_SOLID_BREP('73100-0131',#2421);
#2520=SHAPE_DEFINITION_REPRESENTATION(#5227,#2532);
#2521=SHAPE_DEFINITION_REPRESENTATION(#5228,#2533);
#2522=SHAPE_DEFINITION_REPRESENTATION(#5229,#2534);
#2523=SHAPE_DEFINITION_REPRESENTATION(#5230,#2535);
#2524=SHAPE_DEFINITION_REPRESENTATION(#5231,#2536);
#2525=SHAPE_DEFINITION_REPRESENTATION(#5232,#2537);
#2526=SHAPE_DEFINITION_REPRESENTATION(#5233,#2538);
#2527=SHAPE_DEFINITION_REPRESENTATION(#5234,#2539);
#2528=SHAPE_DEFINITION_REPRESENTATION(#5235,#2540);
#2529=SHAPE_DEFINITION_REPRESENTATION(#5236,#2541);
#2530=SHAPE_DEFINITION_REPRESENTATION(#5237,#2542);
#2531=SHAPE_DEFINITION_REPRESENTATION(#5238,#2543);
#2532=SHAPE_REPRESENTATION('73100-0131',(#2544),#5167);
#2533=SHAPE_REPRESENTATION('73100-0131',(#2660),#5168);
#2534=SHAPE_REPRESENTATION('73100-0131',(#2671),#5169);
#2535=SHAPE_REPRESENTATION('73100-0131',(#2683),#5170);
#2536=SHAPE_REPRESENTATION('73100-0131',(#2718),#5171);
#2537=SHAPE_REPRESENTATION('73100-0131',(#2730),#5172);
#2538=SHAPE_REPRESENTATION('73100-0131',(#2741),#5173);
#2539=SHAPE_REPRESENTATION('73100-0131',(#2752),#5174);
#2540=SHAPE_REPRESENTATION('73100-0131',(#2761),#5175);
#2541=SHAPE_REPRESENTATION('73100-0131',(#2770),#5176);
#2542=SHAPE_REPRESENTATION('73100-0131',(#2779),#5177);
#2543=SHAPE_REPRESENTATION('73100-0131',(#2788),#5178);
#2544=AXIS2_PLACEMENT_3D('',#3488,#2797,#2798);
#2545=AXIS2_PLACEMENT_3D('',#3489,#2799,#2800);
#2546=AXIS2_PLACEMENT_3D('',#3490,#2801,#2802);
#2547=AXIS2_PLACEMENT_3D('',#3495,#2804,#2805);
#2548=AXIS2_PLACEMENT_3D('',#3498,#2807,#2808);
#2549=AXIS2_PLACEMENT_3D('',#3499,#2809,#2810);
#2550=AXIS2_PLACEMENT_3D('',#3504,#2812,#2813);
#2551=AXIS2_PLACEMENT_3D('',#3507,#2815,#2816);
#2552=AXIS2_PLACEMENT_3D('',#3508,#2817,#2818);
#2553=AXIS2_PLACEMENT_3D('',#3513,#2820,#2821);
#2554=AXIS2_PLACEMENT_3D('',#3516,#2823,#2824);
#2555=AXIS2_PLACEMENT_3D('',#3517,#2825,#2826);
#2556=AXIS2_PLACEMENT_3D('',#3522,#2828,#2829);
#2557=AXIS2_PLACEMENT_3D('',#3525,#2831,#2832);
#2558=AXIS2_PLACEMENT_3D('',#3526,#2833,#2834);
#2559=AXIS2_PLACEMENT_3D('',#3531,#2836,#2837);
#2560=AXIS2_PLACEMENT_3D('',#3534,#2839,#2840);
#2561=AXIS2_PLACEMENT_3D('',#3535,#2841,#2842);
#2562=AXIS2_PLACEMENT_3D('',#3540,#2844,#2845);
#2563=AXIS2_PLACEMENT_3D('',#3543,#2847,#2848);
#2564=AXIS2_PLACEMENT_3D('',#3544,#2849,#2850);
#2565=AXIS2_PLACEMENT_3D('',#3549,#2852,#2853);
#2566=AXIS2_PLACEMENT_3D('',#3552,#2855,#2856);
#2567=AXIS2_PLACEMENT_3D('',#3553,#2857,#2858);
#2568=AXIS2_PLACEMENT_3D('',#3558,#2860,#2861);
#2569=AXIS2_PLACEMENT_3D('',#3561,#2863,#2864);
#2570=AXIS2_PLACEMENT_3D('',#3562,#2865,#2866);
#2571=AXIS2_PLACEMENT_3D('',#3567,#2868,#2869);
#2572=AXIS2_PLACEMENT_3D('',#3570,#2871,#2872);
#2573=AXIS2_PLACEMENT_3D('',#3571,#2873,#2874);
#2574=AXIS2_PLACEMENT_3D('',#3576,#2876,#2877);
#2575=AXIS2_PLACEMENT_3D('',#3579,#2879,#2880);
#2576=AXIS2_PLACEMENT_3D('',#3585,#2884,#2885);
#2577=AXIS2_PLACEMENT_3D('',#3586,#2886,#2887);
#2578=AXIS2_PLACEMENT_3D('',#3590,#2890,#2891);
#2579=AXIS2_PLACEMENT_3D('',#3594,#2894,#2895);
#2580=AXIS2_PLACEMENT_3D('',#3600,#2899,#2900);
#2581=AXIS2_PLACEMENT_3D('',#3601,#2901,#2902);
#2582=AXIS2_PLACEMENT_3D('',#3605,#2905,#2906);
#2583=AXIS2_PLACEMENT_3D('',#3609,#2909,#2910);
#2584=AXIS2_PLACEMENT_3D('',#3613,#2913,#2914);
#2585=AXIS2_PLACEMENT_3D('',#3616,#2916,#2917);
#2586=AXIS2_PLACEMENT_3D('',#3620,#2920,#2921);
#2587=AXIS2_PLACEMENT_3D('',#3621,#2922,#2923);
#2588=AXIS2_PLACEMENT_3D('',#3624,#2925,#2926);
#2589=AXIS2_PLACEMENT_3D('',#3626,#2928,#2929);
#2590=AXIS2_PLACEMENT_3D('',#3630,#2932,#2933);
#2591=AXIS2_PLACEMENT_3D('',#3633,#2935,#2936);
#2592=AXIS2_PLACEMENT_3D('',#3637,#2939,#2940);
#2593=AXIS2_PLACEMENT_3D('',#3638,#2941,#2942);
#2594=AXIS2_PLACEMENT_3D('',#3641,#2944,#2945);
#2595=AXIS2_PLACEMENT_3D('',#3643,#2947,#2948);
#2596=AXIS2_PLACEMENT_3D('',#3644,#2949,#2950);
#2597=AXIS2_PLACEMENT_3D('',#3646,#2951,#2952);
#2598=AXIS2_PLACEMENT_3D('',#3647,#2953,#2954);
#2599=AXIS2_PLACEMENT_3D('',#3649,#2955,#2956);
#2600=AXIS2_PLACEMENT_3D('',#3653,#2958,#2959);
#2601=AXIS2_PLACEMENT_3D('',#3658,#2962,#2963);
#2602=AXIS2_PLACEMENT_3D('',#3664,#2967,#2968);
#2603=AXIS2_PLACEMENT_3D('',#3670,#2972,#2973);
#2604=AXIS2_PLACEMENT_3D('',#3671,#2974,#2975);
#2605=AXIS2_PLACEMENT_3D('',#3674,#2976,#2977);
#2606=AXIS2_PLACEMENT_3D('',#3676,#2978,#2979);
#2607=AXIS2_PLACEMENT_3D('',#3678,#2980,#2981);
#2608=AXIS2_PLACEMENT_3D('',#3679,#2982,#2983);
#2609=AXIS2_PLACEMENT_3D('',#3680,#2984,#2985);
#2610=AXIS2_PLACEMENT_3D('',#3683,#2986,#2987);
#2611=AXIS2_PLACEMENT_3D('',#3685,#2988,#2989);
#2612=AXIS2_PLACEMENT_3D('',#3687,#2990,#2991);
#2613=AXIS2_PLACEMENT_3D('',#3688,#2992,#2993);
#2614=AXIS2_PLACEMENT_3D('',#3689,#2994,#2995);
#2615=AXIS2_PLACEMENT_3D('',#3692,#2996,#2997);
#2616=AXIS2_PLACEMENT_3D('',#3694,#2998,#2999);
#2617=AXIS2_PLACEMENT_3D('',#3696,#3000,#3001);
#2618=AXIS2_PLACEMENT_3D('',#3697,#3002,#3003);
#2619=AXIS2_PLACEMENT_3D('',#3698,#3004,#3005);
#2620=AXIS2_PLACEMENT_3D('',#3701,#3006,#3007);
#2621=AXIS2_PLACEMENT_3D('',#3703,#3008,#3009);
#2622=AXIS2_PLACEMENT_3D('',#3705,#3010,#3011);
#2623=AXIS2_PLACEMENT_3D('',#3706,#3012,#3013);
#2624=AXIS2_PLACEMENT_3D('',#3708,#3015,#3016);
#2625=AXIS2_PLACEMENT_3D('',#3710,#3018,#3019);
#2626=AXIS2_PLACEMENT_3D('',#3712,#3021,#3022);
#2627=AXIS2_PLACEMENT_3D('',#3714,#3024,#3025);
#2628=AXIS2_PLACEMENT_3D('',#3719,#3028,#3029);
#2629=AXIS2_PLACEMENT_3D('',#3720,#3030,#3031);
#2630=AXIS2_PLACEMENT_3D('',#3725,#3034,#3035);
#2631=AXIS2_PLACEMENT_3D('',#3726,#3036,#3037);
#2632=AXIS2_PLACEMENT_3D('',#3738,#3039,#3040);
#2633=AXIS2_PLACEMENT_3D('',#4761,#3043,#3044);
#2634=AXIS2_PLACEMENT_3D('',#4763,#3046,#3047);
#2635=AXIS2_PLACEMENT_3D('',#4764,#3048,#3049);
#2636=AXIS2_PLACEMENT_3D('',#4765,#3050,#3051);
#2637=AXIS2_PLACEMENT_3D('',#4774,#3057,#3058);
#2638=AXIS2_PLACEMENT_3D('',#4778,#3060,#3061);
#2639=AXIS2_PLACEMENT_3D('',#4781,#3063,#3064);
#2640=AXIS2_PLACEMENT_3D('',#4791,#3072,#3073);
#2641=AXIS2_PLACEMENT_3D('',#4794,#3076,#3077);
#2642=AXIS2_PLACEMENT_3D('',#4804,#3086,#3087);
#2643=AXIS2_PLACEMENT_3D('',#4805,#3088,#3089);
#2644=AXIS2_PLACEMENT_3D('',#4806,#3090,#3091);
#2645=AXIS2_PLACEMENT_3D('',#4807,#3092,#3093);
#2646=AXIS2_PLACEMENT_3D('',#4808,#3094,#3095);
#2647=AXIS2_PLACEMENT_3D('',#4809,#3096,#3097);
#2648=AXIS2_PLACEMENT_3D('',#4810,#3098,#3099);
#2649=AXIS2_PLACEMENT_3D('',#4811,#3100,#3101);
#2650=AXIS2_PLACEMENT_3D('',#4812,#3102,#3103);
#2651=AXIS2_PLACEMENT_3D('',#4814,#3104,#3105);
#2652=AXIS2_PLACEMENT_3D('',#4816,#3106,#3107);
#2653=AXIS2_PLACEMENT_3D('',#4817,#3108,#3109);
#2654=AXIS2_PLACEMENT_3D('',#4818,#3110,#3111);
#2655=AXIS2_PLACEMENT_3D('',#4819,#3112,#3113);
#2656=AXIS2_PLACEMENT_3D('',#4820,#3114,#3115);
#2657=AXIS2_PLACEMENT_3D('',#4821,#3116,#3117);
#2658=AXIS2_PLACEMENT_3D('',#4822,#3118,#3119);
#2659=AXIS2_PLACEMENT_3D('',#4823,#3120,#3121);
#2660=AXIS2_PLACEMENT_3D('',#4824,#3122,#3123);
#2661=AXIS2_PLACEMENT_3D('',#4825,#3124,#3125);
#2662=AXIS2_PLACEMENT_3D('',#4826,#3126,#3127);
#2663=AXIS2_PLACEMENT_3D('',#4828,#3128,#3129);
#2664=AXIS2_PLACEMENT_3D('',#4830,#3130,#3131);
#2665=AXIS2_PLACEMENT_3D('',#4831,#3132,#3133);
#2666=AXIS2_PLACEMENT_3D('',#4833,#3134,#3135);
#2667=AXIS2_PLACEMENT_3D('',#4835,#3136,#3137);
#2668=AXIS2_PLACEMENT_3D('',#4836,#3138,#3139);
#2669=AXIS2_PLACEMENT_3D('',#4837,#3140,#3141);
#2670=AXIS2_PLACEMENT_3D('',#4839,#3142,#3143);
#2671=AXIS2_PLACEMENT_3D('',#4840,#3144,#3145);
#2672=AXIS2_PLACEMENT_3D('',#4841,#3146,#3147);
#2673=AXIS2_PLACEMENT_3D('',#4842,#3148,#3149);
#2674=AXIS2_PLACEMENT_3D('',#4844,#3150,#3151);
#2675=AXIS2_PLACEMENT_3D('',#4845,#3152,#3153);
#2676=AXIS2_PLACEMENT_3D('',#4847,#3154,#3155);
#2677=AXIS2_PLACEMENT_3D('',#4848,#3156,#3157);
#2678=AXIS2_PLACEMENT_3D('',#4850,#3158,#3159);
#2679=AXIS2_PLACEMENT_3D('',#4852,#3160,#3161);
#2680=AXIS2_PLACEMENT_3D('',#4853,#3162,#3163);
#2681=AXIS2_PLACEMENT_3D('',#4854,#3164,#3165);
#2682=AXIS2_PLACEMENT_3D('',#4856,#3166,#3167);
#2683=AXIS2_PLACEMENT_3D('',#4857,#3168,#3169);
#2684=AXIS2_PLACEMENT_3D('',#4858,#3170,#3171);
#2685=AXIS2_PLACEMENT_3D('',#4859,#3172,#3173);
#2686=AXIS2_PLACEMENT_3D('',#4861,#3174,#3175);
#2687=AXIS2_PLACEMENT_3D('',#4862,#3176,#3177);
#2688=AXIS2_PLACEMENT_3D('',#4864,#3178,#3179);
#2689=AXIS2_PLACEMENT_3D('',#4873,#3184,#3185);
#2690=AXIS2_PLACEMENT_3D('',#4875,#3186,#3187);
#2691=AXIS2_PLACEMENT_3D('',#4881,#3191,#3192);
#2692=AXIS2_PLACEMENT_3D('',#4887,#3196,#3197);
#2693=AXIS2_PLACEMENT_3D('',#4888,#3198,#3199);
#2694=AXIS2_PLACEMENT_3D('',#4889,#3200,#3201);
#2695=AXIS2_PLACEMENT_3D('',#4890,#3202,#3203);
#2696=AXIS2_PLACEMENT_3D('',#4891,#3204,#3205);
#2697=AXIS2_PLACEMENT_3D('',#4900,#3210,#3211);
#2698=AXIS2_PLACEMENT_3D('',#4909,#3216,#3217);
#2699=AXIS2_PLACEMENT_3D('',#4910,#3218,#3219);
#2700=AXIS2_PLACEMENT_3D('',#4912,#3221,#3222);
#2701=AXIS2_PLACEMENT_3D('',#4914,#3224,#3225);
#2702=AXIS2_PLACEMENT_3D('',#4915,#3226,#3227);
#2703=AXIS2_PLACEMENT_3D('',#4916,#3228,#3229);
#2704=AXIS2_PLACEMENT_3D('',#4918,#3230,#3231);
#2705=AXIS2_PLACEMENT_3D('',#4920,#3232,#3233);
#2706=AXIS2_PLACEMENT_3D('',#4921,#3234,#3235);
#2707=AXIS2_PLACEMENT_3D('',#4923,#3236,#3237);
#2708=AXIS2_PLACEMENT_3D('',#4925,#3238,#3239);
#2709=AXIS2_PLACEMENT_3D('',#4926,#3240,#3241);
#2710=AXIS2_PLACEMENT_3D('',#4928,#3242,#3243);
#2711=AXIS2_PLACEMENT_3D('',#4930,#3244,#3245);
#2712=AXIS2_PLACEMENT_3D('',#4931,#3246,#3247);
#2713=AXIS2_PLACEMENT_3D('',#4933,#3248,#3249);
#2714=AXIS2_PLACEMENT_3D('',#4934,#3250,#3251);
#2715=AXIS2_PLACEMENT_3D('',#4935,#3252,#3253);
#2716=AXIS2_PLACEMENT_3D('',#4936,#3254,#3255);
#2717=AXIS2_PLACEMENT_3D('',#4937,#3256,#3257);
#2718=AXIS2_PLACEMENT_3D('',#4938,#3258,#3259);
#2719=AXIS2_PLACEMENT_3D('',#4939,#3260,#3261);
#2720=AXIS2_PLACEMENT_3D('',#4940,#3262,#3263);
#2721=AXIS2_PLACEMENT_3D('',#4942,#3264,#3265);
#2722=AXIS2_PLACEMENT_3D('',#4944,#3266,#3267);
#2723=AXIS2_PLACEMENT_3D('',#4946,#3268,#3269);
#2724=AXIS2_PLACEMENT_3D('',#4947,#3270,#3271);
#2725=AXIS2_PLACEMENT_3D('',#4949,#3272,#3273);
#2726=AXIS2_PLACEMENT_3D('',#4951,#3274,#3275);
#2727=AXIS2_PLACEMENT_3D('',#4953,#3276,#3277);
#2728=AXIS2_PLACEMENT_3D('',#4954,#3278,#3279);
#2729=AXIS2_PLACEMENT_3D('',#4955,#3280,#3281);
#2730=AXIS2_PLACEMENT_3D('',#4956,#3282,#3283);
#2731=AXIS2_PLACEMENT_3D('',#4957,#3284,#3285);
#2732=AXIS2_PLACEMENT_3D('',#4958,#3286,#3287);
#2733=AXIS2_PLACEMENT_3D('',#4961,#3288,#3289);
#2734=AXIS2_PLACEMENT_3D('',#4962,#3290,#3291);
#2735=AXIS2_PLACEMENT_3D('',#4964,#3292,#3293);
#2736=AXIS2_PLACEMENT_3D('',#4965,#3294,#3295);
#2737=AXIS2_PLACEMENT_3D('',#4966,#3296,#3297);
#2738=AXIS2_PLACEMENT_3D('',#4968,#3298,#3299);
#2739=AXIS2_PLACEMENT_3D('',#4969,#3300,#3301);
#2740=AXIS2_PLACEMENT_3D('',#4970,#3302,#3303);
#2741=AXIS2_PLACEMENT_3D('',#4971,#3304,#3305);
#2742=AXIS2_PLACEMENT_3D('',#4972,#3306,#3307);
#2743=AXIS2_PLACEMENT_3D('',#4973,#3308,#3309);
#2744=AXIS2_PLACEMENT_3D('',#4976,#3310,#3311);
#2745=AXIS2_PLACEMENT_3D('',#4977,#3312,#3313);
#2746=AXIS2_PLACEMENT_3D('',#4978,#3314,#3315);
#2747=AXIS2_PLACEMENT_3D('',#4980,#3316,#3317);
#2748=AXIS2_PLACEMENT_3D('',#4981,#3318,#3319);
#2749=AXIS2_PLACEMENT_3D('',#4982,#3320,#3321);
#2750=AXIS2_PLACEMENT_3D('',#4984,#3322,#3323);
#2751=AXIS2_PLACEMENT_3D('',#4985,#3324,#3325);
#2752=AXIS2_PLACEMENT_3D('',#4986,#3326,#3327);
#2753=AXIS2_PLACEMENT_3D('',#4987,#3328,#3329);
#2754=AXIS2_PLACEMENT_3D('',#5000,#3336,#3337);
#2755=AXIS2_PLACEMENT_3D('',#5013,#3344,#3345);
#2756=AXIS2_PLACEMENT_3D('',#5016,#3348,#3349);
#2757=AXIS2_PLACEMENT_3D('',#5018,#3351,#3352);
#2758=AXIS2_PLACEMENT_3D('',#5020,#3354,#3355);
#2759=AXIS2_PLACEMENT_3D('',#5022,#3357,#3358);
#2760=AXIS2_PLACEMENT_3D('',#5024,#3360,#3361);
#2761=AXIS2_PLACEMENT_3D('',#5025,#3362,#3363);
#2762=AXIS2_PLACEMENT_3D('',#5026,#3364,#3365);
#2763=AXIS2_PLACEMENT_3D('',#5039,#3372,#3373);
#2764=AXIS2_PLACEMENT_3D('',#5052,#3380,#3381);
#2765=AXIS2_PLACEMENT_3D('',#5055,#3384,#3385);
#2766=AXIS2_PLACEMENT_3D('',#5057,#3387,#3388);
#2767=AXIS2_PLACEMENT_3D('',#5059,#3390,#3391);
#2768=AXIS2_PLACEMENT_3D('',#5061,#3393,#3394);
#2769=AXIS2_PLACEMENT_3D('',#5063,#3396,#3397);
#2770=AXIS2_PLACEMENT_3D('',#5064,#3398,#3399);
#2771=AXIS2_PLACEMENT_3D('',#5065,#3400,#3401);
#2772=AXIS2_PLACEMENT_3D('',#5078,#3408,#3409);
#2773=AXIS2_PLACEMENT_3D('',#5091,#3416,#3417);
#2774=AXIS2_PLACEMENT_3D('',#5094,#3420,#3421);
#2775=AXIS2_PLACEMENT_3D('',#5096,#3423,#3424);
#2776=AXIS2_PLACEMENT_3D('',#5098,#3426,#3427);
#2777=AXIS2_PLACEMENT_3D('',#5100,#3429,#3430);
#2778=AXIS2_PLACEMENT_3D('',#5102,#3432,#3433);
#2779=AXIS2_PLACEMENT_3D('',#5103,#3434,#3435);
#2780=AXIS2_PLACEMENT_3D('',#5104,#3436,#3437);
#2781=AXIS2_PLACEMENT_3D('',#5117,#3444,#3445);
#2782=AXIS2_PLACEMENT_3D('',#5130,#3452,#3453);
#2783=AXIS2_PLACEMENT_3D('',#5133,#3456,#3457);
#2784=AXIS2_PLACEMENT_3D('',#5135,#3459,#3460);
#2785=AXIS2_PLACEMENT_3D('',#5137,#3462,#3463);
#2786=AXIS2_PLACEMENT_3D('',#5139,#3465,#3466);
#2787=AXIS2_PLACEMENT_3D('',#5141,#3468,#3469);
#2788=AXIS2_PLACEMENT_3D('',#5142,#3470,#3471);
#2789=AXIS2_PLACEMENT_3D('',#5143,#3472,#3473);
#2790=AXIS2_PLACEMENT_3D('',#5144,#3474,#3475);
#2791=AXIS2_PLACEMENT_3D('',#5146,#3476,#3477);
#2792=AXIS2_PLACEMENT_3D('',#5148,#3478,#3479);
#2793=AXIS2_PLACEMENT_3D('',#5149,#3480,#3481);
#2794=AXIS2_PLACEMENT_3D('',#5151,#3482,#3483);
#2795=AXIS2_PLACEMENT_3D('',#5153,#3484,#3485);
#2796=AXIS2_PLACEMENT_3D('',#5154,#3486,#3487);
#2797=DIRECTION('',(0.,0.,1.));
#2798=DIRECTION('',(1.,0.,0.));
#2799=DIRECTION('',(1.22464679914735E-16,1.,-1.89656356703003E-16));
#2800=DIRECTION('',(0.,0.,-1.));
#2801=DIRECTION('',(-1.22464679914735E-16,-1.,0.));
#2802=DIRECTION('',(-1.,1.22464679914735E-16,0.));
#2803=DIRECTION('',(-1.22464679914735E-16,-1.,1.89656356703003E-16));
#2804=DIRECTION('',(1.22464679914735E-16,1.,0.));
#2805=DIRECTION('',(1.,-1.22464679914735E-16,0.));
#2806=DIRECTION('',(1.22464679914735E-16,1.,-1.89656356703003E-16));
#2807=DIRECTION('',(-1.22464679914735E-16,-1.,1.89656356703003E-16));
#2808=DIRECTION('',(0.,0.,1.));
#2809=DIRECTION('',(-1.22464679914735E-16,-1.,0.));
#2810=DIRECTION('',(-1.,1.22464679914735E-16,0.));
#2811=DIRECTION('',(-1.22464679914735E-16,-1.,1.89656356703003E-16));
#2812=DIRECTION('',(1.22464679914735E-16,1.,0.));
#2813=DIRECTION('',(1.,-1.22464679914735E-16,0.));
#2814=DIRECTION('',(1.22464679914735E-16,1.,-1.89656356703003E-16));
#2815=DIRECTION('',(-1.22464679914735E-16,-1.,0.));
#2816=DIRECTION('',(1.,-1.22464679914735E-16,0.));
#2817=DIRECTION('',(-1.22464679914735E-16,-1.,0.));
#2818=DIRECTION('',(1.,-1.22464679914735E-16,0.));
#2819=DIRECTION('',(-1.22464679914735E-16,-1.,0.));
#2820=DIRECTION('',(1.22464679914735E-16,1.,0.));
#2821=DIRECTION('',(-1.,1.22464679914735E-16,0.));
#2822=DIRECTION('',(1.22464679914735E-16,1.,0.));
#2823=DIRECTION('',(-1.22464679914735E-16,-1.,0.));
#2824=DIRECTION('',(1.,-1.22464679914735E-16,0.));
#2825=DIRECTION('',(-1.22464679914735E-16,-1.,0.));
#2826=DIRECTION('',(1.,-1.22464679914735E-16,0.));
#2827=DIRECTION('',(-1.22464679914735E-16,-1.,0.));
#2828=DIRECTION('',(1.22464679914735E-16,1.,0.));
#2829=DIRECTION('',(-1.,1.22464679914735E-16,0.));
#2830=DIRECTION('',(1.22464679914735E-16,1.,0.));
#2831=DIRECTION('',(-1.22464679914735E-16,-1.,0.));
#2832=DIRECTION('',(1.,-1.22464679914735E-16,0.));
#2833=DIRECTION('',(-1.22464679914735E-16,-1.,0.));
#2834=DIRECTION('',(1.,-1.22464679914735E-16,0.));
#2835=DIRECTION('',(-1.22464679914735E-16,-1.,0.));
#2836=DIRECTION('',(1.22464679914735E-16,1.,0.));
#2837=DIRECTION('',(-1.,1.22464679914735E-16,0.));
#2838=DIRECTION('',(1.22464679914735E-16,1.,0.));
#2839=DIRECTION('',(-1.22464679914735E-16,-1.,0.));
#2840=DIRECTION('',(1.,-1.22464679914735E-16,0.));
#2841=DIRECTION('',(-1.22464679914735E-16,-1.,0.));
#2842=DIRECTION('',(1.,-1.22464679914735E-16,0.));
#2843=DIRECTION('',(-1.22464679914735E-16,-1.,0.));
#2844=DIRECTION('',(1.22464679914735E-16,1.,0.));
#2845=DIRECTION('',(-1.,1.22464679914735E-16,0.));
#2846=DIRECTION('',(1.22464679914735E-16,1.,0.));
#2847=DIRECTION('',(1.22464679914735E-16,1.,0.));
#2848=DIRECTION('',(-1.,1.22464679914735E-16,0.));
#2849=DIRECTION('',(-1.22464679914735E-16,-1.,0.));
#2850=DIRECTION('',(1.,-1.22464679914735E-16,0.));
#2851=DIRECTION('',(-1.22464679914735E-16,-1.,0.));
#2852=DIRECTION('',(1.22464679914735E-16,1.,0.));
#2853=DIRECTION('',(-1.,1.22464679914735E-16,0.));
#2854=DIRECTION('',(1.22464679914735E-16,1.,0.));
#2855=DIRECTION('',(1.22464679914735E-16,1.,0.));
#2856=DIRECTION('',(-1.,1.22464679914735E-16,0.));
#2857=DIRECTION('',(-1.22464679914735E-16,-1.,0.));
#2858=DIRECTION('',(1.,-1.22464679914735E-16,0.));
#2859=DIRECTION('',(-1.22464679914735E-16,-1.,0.));
#2860=DIRECTION('',(1.22464679914735E-16,1.,0.));
#2861=DIRECTION('',(-1.,1.22464679914735E-16,0.));
#2862=DIRECTION('',(1.22464679914735E-16,1.,0.));
#2863=DIRECTION('',(1.22464679914735E-16,1.,0.));
#2864=DIRECTION('',(-1.,1.22464679914735E-16,0.));
#2865=DIRECTION('',(-1.22464679914735E-16,-1.,0.));
#2866=DIRECTION('',(1.,-1.22464679914735E-16,0.));
#2867=DIRECTION('',(-1.22464679914735E-16,-1.,0.));
#2868=DIRECTION('',(1.22464679914735E-16,1.,0.));
#2869=DIRECTION('',(-1.,1.22464679914735E-16,0.));
#2870=DIRECTION('',(1.22464679914735E-16,1.,0.));
#2871=DIRECTION('',(1.22464679914735E-16,1.,0.));
#2872=DIRECTION('',(-1.,1.22464679914735E-16,0.));
#2873=DIRECTION('',(-1.22464679914735E-16,-1.,0.));
#2874=DIRECTION('',(1.,-1.22464679914735E-16,0.));
#2875=DIRECTION('',(-1.22464679914735E-16,-1.,0.));
#2876=DIRECTION('',(1.22464679914735E-16,1.,0.));
#2877=DIRECTION('',(-1.,1.22464679914735E-16,0.));
#2878=DIRECTION('',(1.22464679914735E-16,1.,0.));
#2879=DIRECTION('',(-1.22464679914735E-16,-1.,0.));
#2880=DIRECTION('',(1.,-1.22464679914735E-16,0.));
#2881=DIRECTION('',(0.984807753012206,-1.20604166250189E-16,0.173648177666942));
#2882=DIRECTION('',(0.,0.,1.));
#2883=DIRECTION('',(-0.984807753012206,1.20604166250189E-16,-0.173648177666942));
#2884=DIRECTION('',(-1.22464679914735E-16,-1.,0.));
#2885=DIRECTION('',(1.,-1.22464679914735E-16,0.));
#2886=DIRECTION('',(0.173648177666942,-2.12657684957591E-17,-0.984807753012206));
#2887=DIRECTION('',(-0.984807753012206,1.20604166250189E-16,-0.173648177666942));
#2888=DIRECTION('',(-0.984807753012206,1.20604166250189E-16,-0.173648177666942));
#2889=DIRECTION('',(1.22464679914735E-16,1.,0.));
#2890=DIRECTION('',(-0.173648177666942,2.12657684957591E-17,0.984807753012206));
#2891=DIRECTION('',(0.984807753012206,-1.20604166250189E-16,0.173648177666942));
#2892=DIRECTION('',(0.984807753012206,-1.20604166250189E-16,0.173648177666942));
#2893=DIRECTION('',(1.22464679914735E-16,1.,0.));
#2894=DIRECTION('',(-1.22464679914735E-16,-1.,0.));
#2895=DIRECTION('',(1.,-1.22464679914735E-16,0.));
#2896=DIRECTION('',(0.984807753012209,-1.2060416625019E-16,-0.173648177666927));
#2897=DIRECTION('',(-6.50521303491302E-15,7.96658832097787E-31,1.));
#2898=DIRECTION('',(-0.984807753012209,1.2060416625019E-16,0.173648177666928));
#2899=DIRECTION('',(-1.22464679914735E-16,-1.,0.));
#2900=DIRECTION('',(1.,-1.22464679914735E-16,0.));
#2901=DIRECTION('',(-0.173648177666928,2.12657684957574E-17,-0.984807753012209));
#2902=DIRECTION('',(-0.984807753012209,1.2060416625019E-16,0.173648177666928));
#2903=DIRECTION('',(-0.984807753012209,1.2060416625019E-16,0.173648177666928));
#2904=DIRECTION('',(1.22464679914735E-16,1.,0.));
#2905=DIRECTION('',(0.173648177666927,-2.12657684957573E-17,0.984807753012209));
#2906=DIRECTION('',(0.984807753012209,-1.2060416625019E-16,-0.173648177666927));
#2907=DIRECTION('',(0.984807753012209,-1.2060416625019E-16,-0.173648177666927));
#2908=DIRECTION('',(1.22464679914735E-16,1.,0.));
#2909=DIRECTION('',(-1.22464679914735E-16,-1.,0.));
#2910=DIRECTION('',(1.,-1.22464679914735E-16,0.));
#2911=DIRECTION('',(0.,0.,-1.));
#2912=DIRECTION('',(0.984807753012207,-1.2060416625019E-16,-0.173648177666935));
#2913=DIRECTION('',(-1.22464679914735E-16,-1.,0.));
#2914=DIRECTION('',(1.,-1.22464679914735E-16,0.));
#2915=DIRECTION('',(-0.984807753012207,1.2060416625019E-16,0.173648177666934));
#2916=DIRECTION('',(-0.173648177666934,2.12657684957582E-17,-0.984807753012207));
#2917=DIRECTION('',(-0.984807753012207,1.2060416625019E-16,0.173648177666934));
#2918=DIRECTION('',(-0.984807753012207,1.2060416625019E-16,0.173648177666934));
#2919=DIRECTION('',(1.22464679914735E-16,1.,0.));
#2920=DIRECTION('',(1.22464679914735E-16,1.,0.));
#2921=DIRECTION('',(-1.,1.22464679914735E-16,0.));
#2922=DIRECTION('',(-1.22464679914735E-16,-1.,0.));
#2923=DIRECTION('',(1.,-1.22464679914735E-16,0.));
#2924=DIRECTION('',(1.22464679914735E-16,1.,0.));
#2925=DIRECTION('',(0.173648177666935,-2.12657684957583E-17,0.984807753012207));
#2926=DIRECTION('',(0.984807753012207,-1.2060416625019E-16,-0.173648177666935));
#2927=DIRECTION('',(0.984807753012207,-1.2060416625019E-16,-0.173648177666935));
#2928=DIRECTION('',(-1.22464679914735E-16,-1.,0.));
#2929=DIRECTION('',(1.,-1.22464679914735E-16,0.));
#2930=DIRECTION('',(0.,0.,-1.));
#2931=DIRECTION('',(0.984807753012207,-1.2060416625019E-16,0.173648177666934));
#2932=DIRECTION('',(-1.22464679914735E-16,-1.,0.));
#2933=DIRECTION('',(1.,-1.22464679914735E-16,0.));
#2934=DIRECTION('',(-0.984807753012207,1.2060416625019E-16,-0.173648177666935));
#2935=DIRECTION('',(0.173648177666935,-2.12657684957583E-17,-0.984807753012207));
#2936=DIRECTION('',(-0.984807753012207,1.2060416625019E-16,-0.173648177666935));
#2937=DIRECTION('',(-0.984807753012207,1.2060416625019E-16,-0.173648177666935));
#2938=DIRECTION('',(1.22464679914735E-16,1.,0.));
#2939=DIRECTION('',(1.22464679914735E-16,1.,0.));
#2940=DIRECTION('',(-1.,1.22464679914735E-16,0.));
#2941=DIRECTION('',(-1.22464679914735E-16,-1.,0.));
#2942=DIRECTION('',(-1.,1.22464679914735E-16,0.));
#2943=DIRECTION('',(1.22464679914735E-16,1.,0.));
#2944=DIRECTION('',(-0.173648177666934,2.12657684957582E-17,0.984807753012207));
#2945=DIRECTION('',(0.984807753012207,-1.2060416625019E-16,0.173648177666934));
#2946=DIRECTION('',(0.984807753012207,-1.2060416625019E-16,0.173648177666934));
#2947=DIRECTION('',(-1.22464679914735E-16,-1.,0.));
#2948=DIRECTION('',(1.,-1.22464679914735E-16,0.));
#2949=DIRECTION('',(-1.22464679914735E-16,-1.,0.));
#2950=DIRECTION('',(1.,-1.22464679914735E-16,0.));
#2951=DIRECTION('',(-1.22464679914735E-16,-1.,0.));
#2952=DIRECTION('',(1.,-1.22464679914735E-16,0.));
#2953=DIRECTION('',(-1.22464679914735E-16,-1.,0.));
#2954=DIRECTION('',(1.,-1.22464679914735E-16,0.));
#2955=DIRECTION('',(1.22464679914735E-16,1.,0.));
#2956=DIRECTION('',(-1.,1.22464679914735E-16,0.));
#2957=DIRECTION('',(0.,0.,1.));
#2958=DIRECTION('',(-1.22464679914735E-16,-1.,0.));
#2959=DIRECTION('',(-1.,1.22464679914735E-16,0.));
#2960=DIRECTION('',(0.,0.,-1.));
#2961=DIRECTION('',(1.,-1.22464679914735E-16,0.));
#2962=DIRECTION('',(-1.,1.22464679914735E-16,0.));
#2963=DIRECTION('',(-1.22464679914735E-16,-1.,0.));
#2964=DIRECTION('',(0.,0.,-1.));
#2965=DIRECTION('',(-1.22464679914735E-16,-1.,0.));
#2966=DIRECTION('',(-1.22464679914735E-16,-1.,0.));
#2967=DIRECTION('',(1.,-1.22464679914735E-16,0.));
#2968=DIRECTION('',(1.22464679914735E-16,1.,0.));
#2969=DIRECTION('',(0.,0.,1.));
#2970=DIRECTION('',(-1.22464679914735E-16,-1.,0.));
#2971=DIRECTION('',(-1.22464679914735E-16,-1.,0.));
#2972=DIRECTION('',(-1.,1.22464679914735E-16,0.));
#2973=DIRECTION('',(-1.22464679914735E-16,-1.,0.));
#2974=DIRECTION('',(1.54841366782855E-32,1.26437571135336E-16,1.));
#2975=DIRECTION('',(1.22464679914735E-16,1.,0.));
#2976=DIRECTION('',(-1.,1.22464679914735E-16,0.));
#2977=DIRECTION('',(-1.22464679914735E-16,-1.,0.));
#2978=DIRECTION('',(1.54841366782855E-32,1.26437571135336E-16,1.));
#2979=DIRECTION('',(1.22464679914735E-16,1.,0.));
#2980=DIRECTION('',(1.,-1.22464679914735E-16,0.));
#2981=DIRECTION('',(-1.22464679914735E-16,-1.,0.));
#2982=DIRECTION('',(-1.,1.22464679914735E-16,0.));
#2983=DIRECTION('',(-1.22464679914735E-16,-1.,0.));
#2984=DIRECTION('',(1.54841366782855E-32,1.26437571135336E-16,1.));
#2985=DIRECTION('',(1.22464679914735E-16,1.,0.));
#2986=DIRECTION('',(-1.,1.22464679914735E-16,0.));
#2987=DIRECTION('',(-1.22464679914735E-16,-1.,0.));
#2988=DIRECTION('',(1.54841366782855E-32,1.26437571135336E-16,1.));
#2989=DIRECTION('',(1.22464679914735E-16,1.,0.));
#2990=DIRECTION('',(1.,-1.22464679914735E-16,0.));
#2991=DIRECTION('',(-1.22464679914735E-16,-1.,0.));
#2992=DIRECTION('',(1.,-1.22464679914735E-16,0.));
#2993=DIRECTION('',(1.22464679914735E-16,1.,0.));
#2994=DIRECTION('',(1.54841366782855E-32,1.26437571135336E-16,1.));
#2995=DIRECTION('',(1.22464679914735E-16,1.,0.));
#2996=DIRECTION('',(1.,-1.22464679914735E-16,0.));
#2997=DIRECTION('',(1.22464679914735E-16,1.,0.));
#2998=DIRECTION('',(1.54841366782855E-32,1.26437571135336E-16,1.));
#2999=DIRECTION('',(1.22464679914735E-16,1.,0.));
#3000=DIRECTION('',(-1.,1.22464679914735E-16,0.));
#3001=DIRECTION('',(1.22464679914735E-16,1.,0.));
#3002=DIRECTION('',(1.,-1.22464679914735E-16,0.));
#3003=DIRECTION('',(1.22464679914735E-16,1.,0.));
#3004=DIRECTION('',(1.54841366782855E-32,1.26437571135336E-16,1.));
#3005=DIRECTION('',(1.22464679914735E-16,1.,0.));
#3006=DIRECTION('',(1.,-1.22464679914735E-16,0.));
#3007=DIRECTION('',(1.22464679914735E-16,1.,0.));
#3008=DIRECTION('',(1.54841366782855E-32,1.26437571135336E-16,1.));
#3009=DIRECTION('',(1.22464679914735E-16,1.,0.));
#3010=DIRECTION('',(-1.,1.22464679914735E-16,0.));
#3011=DIRECTION('',(1.22464679914735E-16,1.,0.));
#3012=DIRECTION('',(-1.,1.22464679914735E-16,0.));
#3013=DIRECTION('',(-1.22464679914735E-16,-1.,0.));
#3014=DIRECTION('',(-1.22464679914735E-16,-1.,0.));
#3015=DIRECTION('',(1.,-1.22464679914735E-16,0.));
#3016=DIRECTION('',(1.22464679914735E-16,1.,0.));
#3017=DIRECTION('',(-1.22464679914735E-16,-1.,0.));
#3018=DIRECTION('',(1.,-1.22464679914735E-16,0.));
#3019=DIRECTION('',(1.22464679914735E-16,1.,0.));
#3020=DIRECTION('',(-1.22464679914735E-16,-1.,0.));
#3021=DIRECTION('',(-1.,1.22464679914735E-16,0.));
#3022=DIRECTION('',(-1.22464679914735E-16,-1.,0.));
#3023=DIRECTION('',(-1.22464679914735E-16,-1.,0.));
#3024=DIRECTION('',(-1.,1.22464679914735E-16,0.));
#3025=DIRECTION('',(-1.22464679914735E-16,-1.,0.));
#3026=DIRECTION('',(-1.,1.22464679914735E-16,0.));
#3027=DIRECTION('',(-1.,1.22464679914735E-16,0.));
#3028=DIRECTION('',(-1.,1.22464679914735E-16,0.));
#3029=DIRECTION('',(1.22464679914735E-16,1.,0.));
#3030=DIRECTION('',(-1.,1.22464679914735E-16,0.));
#3031=DIRECTION('',(-1.22464679914735E-16,-1.,0.));
#3032=DIRECTION('',(-1.,1.22464679914735E-16,0.));
#3033=DIRECTION('',(-1.,1.22464679914735E-16,0.));
#3034=DIRECTION('',(-1.,1.22464679914735E-16,0.));
#3035=DIRECTION('',(1.22464679914735E-16,1.,0.));
#3036=DIRECTION('',(1.22464679914735E-16,1.,0.));
#3037=DIRECTION('',(-1.,1.22464679914735E-16,0.));
#3038=DIRECTION('',(0.,0.,-1.));
#3039=DIRECTION('',(1.22464679914735E-16,1.,0.));
#3040=DIRECTION('',(-1.,1.22464679914735E-16,0.));
#3041=DIRECTION('',(6.2065431094331E-17,0.506802705380387,0.862062073066157));
#3042=DIRECTION('',(6.03954533466172E-17,0.493166302224175,-0.869935054099175));
#3043=DIRECTION('',(-1.,1.22464679914735E-16,0.));
#3044=DIRECTION('',(-1.22464679914735E-16,-1.,0.));
#3045=DIRECTION('',(-1.22464679914735E-16,-1.,0.));
#3046=DIRECTION('',(1.22464679914735E-16,1.,0.));
#3047=DIRECTION('',(-1.,1.22464679914735E-16,0.));
#3048=DIRECTION('',(1.22464679914735E-16,1.,0.));
#3049=DIRECTION('',(-1.,1.22464679914735E-16,0.));
#3050=DIRECTION('',(1.,-1.22464679914735E-16,0.));
#3051=DIRECTION('',(1.22464679914735E-16,1.,0.));
#3052=DIRECTION('',(0.,0.,-1.));
#3053=DIRECTION('',(0.,0.,1.));
#3054=DIRECTION('',(0.,0.,1.));
#3055=DIRECTION('',(0.,0.,1.));
#3056=DIRECTION('',(-1.22464679914735E-16,-1.,1.26437571135336E-16));
#3057=DIRECTION('',(-1.,1.22464679914735E-16,0.));
#3058=DIRECTION('',(1.22464679914735E-16,1.,0.));
#3059=DIRECTION('',(-1.22464679914735E-16,-1.,1.26437571135336E-16));
#3060=DIRECTION('',(-1.,1.22464679914735E-16,0.));
#3061=DIRECTION('',(1.22464679914735E-16,1.,0.));
#3062=DIRECTION('',(-1.22464679914735E-16,-1.,1.26437571135336E-16));
#3063=DIRECTION('',(1.,-1.22464679914735E-16,0.));
#3064=DIRECTION('',(1.22464679914735E-16,1.,0.));
#3065=DIRECTION('',(0.,0.,1.));
#3066=DIRECTION('',(0.,0.,-1.));
#3067=DIRECTION('',(-1.22464679914735E-16,-1.,1.26437571135336E-16));
#3068=DIRECTION('',(-1.22464679914735E-16,-1.,1.26437571135336E-16));
#3069=DIRECTION('',(-1.22464679914735E-16,-1.,1.26437571135336E-16));
#3070=DIRECTION('',(0.,0.,1.));
#3071=DIRECTION('',(0.,0.,1.));
#3072=DIRECTION('',(-2.32262050174282E-32,-1.89656356703003E-16,-1.));
#3073=DIRECTION('',(-1.22464679914735E-16,-1.,1.89656356703003E-16));
#3074=DIRECTION('',(1.,-1.22464679914735E-16,0.));
#3075=DIRECTION('',(1.,-1.22464679914735E-16,0.));
#3076=DIRECTION('',(1.54841366782855E-32,1.26437571135336E-16,1.));
#3077=DIRECTION('',(1.22464679914735E-16,1.,-1.26437571135336E-16));
#3078=DIRECTION('',(1.,-1.22464679914735E-16,0.));
#3079=DIRECTION('',(1.,-1.22464679914735E-16,0.));
#3080=DIRECTION('',(1.,-1.22464679914735E-16,0.));
#3081=DIRECTION('',(1.,-1.22464679914735E-16,0.));
#3082=DIRECTION('',(-1.,1.22464679914735E-16,0.));
#3083=DIRECTION('',(-1.,1.22464679914735E-16,0.));
#3084=DIRECTION('',(-1.,1.22464679914735E-16,0.));
#3085=DIRECTION('',(-1.,1.22464679914735E-16,0.));
#3086=DIRECTION('',(-1.22464679914735E-16,-1.,0.));
#3087=DIRECTION('',(1.,-1.22464679914735E-16,0.));
#3088=DIRECTION('',(1.22464679914735E-16,1.,0.));
#3089=DIRECTION('',(-1.,1.22464679914735E-16,0.));
#3090=DIRECTION('',(-1.,1.22464679914735E-16,0.));
#3091=DIRECTION('',(-1.22464679914735E-16,-1.,0.));
#3092=DIRECTION('',(-1.,1.22464679914735E-16,0.));
#3093=DIRECTION('',(-1.22464679914735E-16,-1.,0.));
#3094=DIRECTION('',(1.22464679914735E-16,1.,0.));
#3095=DIRECTION('',(-1.,1.22464679914735E-16,0.));
#3096=DIRECTION('',(-1.22464679914735E-16,-1.,0.));
#3097=DIRECTION('',(-1.,1.22464679914735E-16,0.));
#3098=DIRECTION('',(-1.22464679914735E-16,-1.,0.));
#3099=DIRECTION('',(1.,-1.22464679914735E-16,0.));
#3100=DIRECTION('',(-1.22464679914735E-16,-1.,0.));
#3101=DIRECTION('',(-1.,1.22464679914735E-16,0.));
#3102=DIRECTION('',(-1.22464679914735E-16,-1.,0.));
#3103=DIRECTION('',(1.,-1.22464679914735E-16,0.));
#3104=DIRECTION('',(-1.22464679914735E-16,-1.,0.));
#3105=DIRECTION('',(1.,-1.22464679914735E-16,0.));
#3106=DIRECTION('',(-1.22464679914735E-16,-1.,0.));
#3107=DIRECTION('',(1.,-1.22464679914735E-16,0.));
#3108=DIRECTION('',(-1.22464679914735E-16,-1.,0.));
#3109=DIRECTION('',(-1.,1.22464679914735E-16,0.));
#3110=DIRECTION('',(1.22464679914735E-16,1.,0.));
#3111=DIRECTION('',(-1.,1.22464679914735E-16,0.));
#3112=DIRECTION('',(-1.22464679914735E-16,-1.,0.));
#3113=DIRECTION('',(1.,-1.22464679914735E-16,0.));
#3114=DIRECTION('',(-1.22464679914735E-16,-1.,0.));
#3115=DIRECTION('',(1.,-1.22464679914735E-16,0.));
#3116=DIRECTION('',(-1.22464679914735E-16,-1.,0.));
#3117=DIRECTION('',(1.,-1.22464679914735E-16,0.));
#3118=DIRECTION('',(1.22464679914735E-16,1.,0.));
#3119=DIRECTION('',(-1.,1.22464679914735E-16,0.));
#3120=DIRECTION('',(1.22464679914735E-16,1.,0.));
#3121=DIRECTION('',(-1.,1.22464679914735E-16,0.));
#3122=DIRECTION('',(0.,0.,1.));
#3123=DIRECTION('',(1.,0.,0.));
#3124=DIRECTION('',(1.22464679914735E-16,1.,0.));
#3125=DIRECTION('',(-1.,1.22464679914735E-16,0.));
#3126=DIRECTION('',(1.22464679914735E-16,1.,0.));
#3127=DIRECTION('',(-1.,1.22464679914735E-16,0.));
#3128=DIRECTION('',(1.22464679914735E-16,1.,0.));
#3129=DIRECTION('',(-1.,1.22464679914735E-16,0.));
#3130=DIRECTION('',(1.22464679914735E-16,1.,0.));
#3131=DIRECTION('',(-1.,1.22464679914735E-16,0.));
#3132=DIRECTION('',(1.22464679914735E-16,1.,0.));
#3133=DIRECTION('',(-1.,1.22464679914735E-16,0.));
#3134=DIRECTION('',(-1.22464679914735E-16,-1.,0.));
#3135=DIRECTION('',(-1.,1.22464679914735E-16,0.));
#3136=DIRECTION('',(-1.22464679914735E-16,-1.,0.));
#3137=DIRECTION('',(1.,-1.22464679914735E-16,0.));
#3138=DIRECTION('',(-1.22464679914735E-16,-1.,0.));
#3139=DIRECTION('',(1.,-1.22464679914735E-16,0.));
#3140=DIRECTION('',(1.22464679914735E-16,1.,0.));
#3141=DIRECTION('',(-1.,1.22464679914735E-16,0.));
#3142=DIRECTION('',(1.22464679914735E-16,1.,0.));
#3143=DIRECTION('',(-1.,1.22464679914735E-16,0.));
#3144=DIRECTION('',(0.,0.,1.));
#3145=DIRECTION('',(1.,0.,0.));
#3146=DIRECTION('',(1.22464679914735E-16,1.,0.));
#3147=DIRECTION('',(-1.,1.22464679914735E-16,0.));
#3148=DIRECTION('',(1.22464679914735E-16,1.,0.));
#3149=DIRECTION('',(-1.,1.22464679914735E-16,0.));
#3150=DIRECTION('',(1.22464679914735E-16,1.,0.));
#3151=DIRECTION('',(-1.,1.22464679914735E-16,0.));
#3152=DIRECTION('',(1.22464679914735E-16,1.,0.));
#3153=DIRECTION('',(-1.,1.22464679914735E-16,0.));
#3154=DIRECTION('',(1.22464679914735E-16,1.,0.));
#3155=DIRECTION('',(-1.,1.22464679914735E-16,0.));
#3156=DIRECTION('',(1.22464679914735E-16,1.,0.));
#3157=DIRECTION('',(-1.,1.22464679914735E-16,0.));
#3158=DIRECTION('',(-1.22464679914735E-16,-1.,0.));
#3159=DIRECTION('',(-1.,1.22464679914735E-16,0.));
#3160=DIRECTION('',(-1.22464679914735E-16,-1.,0.));
#3161=DIRECTION('',(1.,-1.22464679914735E-16,0.));
#3162=DIRECTION('',(-1.22464679914735E-16,-1.,0.));
#3163=DIRECTION('',(1.,-1.22464679914735E-16,0.));
#3164=DIRECTION('',(1.22464679914735E-16,1.,0.));
#3165=DIRECTION('',(-1.,1.22464679914735E-16,0.));
#3166=DIRECTION('',(1.22464679914735E-16,1.,0.));
#3167=DIRECTION('',(-1.,1.22464679914735E-16,0.));
#3168=DIRECTION('',(0.,0.,1.));
#3169=DIRECTION('',(1.,0.,0.));
#3170=DIRECTION('',(4.10536928283676E-32,3.35228841956316E-16,-1.));
#3171=DIRECTION('',(1.22464679914735E-16,1.,3.35228841956316E-16));
#3172=DIRECTION('',(-4.10536928283676E-32,-3.35228841956316E-16,1.));
#3173=DIRECTION('',(1.22464679914735E-16,1.,0.));
#3174=DIRECTION('',(4.10536928283676E-32,3.35228841956316E-16,1.));
#3175=DIRECTION('',(1.22464679914735E-16,1.,-3.35228841956316E-16));
#3176=DIRECTION('',(4.10536928283676E-32,3.35228841956316E-16,1.));
#3177=DIRECTION('',(1.22464679914735E-16,1.,-3.35228841956316E-16));
#3178=DIRECTION('',(-4.10536928283676E-32,-3.35228841956316E-16,1.));
#3179=DIRECTION('',(1.22464679914735E-16,1.,3.35228841956316E-16));
#3180=DIRECTION('',(1.22464679914735E-16,1.,3.35228841956316E-16));
#3181=DIRECTION('',(-1.,1.22464679914735E-16,0.));
#3182=DIRECTION('',(1.22464679914735E-16,1.,3.35228841956316E-16));
#3183=DIRECTION('',(-1.,1.22464679914735E-16,0.));
#3184=DIRECTION('',(-4.10536928283676E-32,-3.35228841956316E-16,1.));
#3185=DIRECTION('',(1.22464679914735E-16,1.,0.));
#3186=DIRECTION('',(1.,-1.22464679914735E-16,0.));
#3187=DIRECTION('',(1.22464679914735E-16,1.,0.));
#3188=DIRECTION('',(1.22464679914735E-16,1.,0.));
#3189=DIRECTION('',(1.06057523872491E-16,0.866025403784443,-0.499999999999993));
#3190=DIRECTION('',(1.06057523872491E-16,0.866025403784442,0.499999999999994));
#3191=DIRECTION('',(1.,-1.22464679914735E-16,0.));
#3192=DIRECTION('',(1.22464679914735E-16,1.,0.));
#3193=DIRECTION('',(1.06057523872491E-16,0.866025403784442,0.499999999999994));
#3194=DIRECTION('',(1.06057523872491E-16,0.866025403784443,-0.499999999999993));
#3195=DIRECTION('',(1.22464679914735E-16,1.,0.));
#3196=DIRECTION('',(6.12323399573668E-17,0.499999999999993,0.866025403784443));
#3197=DIRECTION('',(1.06057523872491E-16,0.866025403784443,-0.499999999999993));
#3198=DIRECTION('',(6.12323399573668E-17,0.499999999999993,0.866025403784443));
#3199=DIRECTION('',(-1.06057523872491E-16,-0.866025403784443,0.499999999999993));
#3200=DIRECTION('',(-6.12323399573669E-17,-0.499999999999994,0.866025403784442));
#3201=DIRECTION('',(1.06057523872491E-16,0.866025403784442,0.499999999999994));
#3202=DIRECTION('',(-6.12323399573669E-17,-0.499999999999994,0.866025403784442));
#3203=DIRECTION('',(-1.06057523872491E-16,-0.866025403784442,-0.499999999999994));
#3204=DIRECTION('',(1.,-1.22464679914735E-16,0.));
#3205=DIRECTION('',(1.22464679914735E-16,1.,0.));
#3206=DIRECTION('',(-1.22464679914735E-16,-1.,0.));
#3207=DIRECTION('',(-1.06057523872491E-16,-0.866025403784442,0.499999999999994));
#3208=DIRECTION('',(-1.22464679914735E-16,-1.,3.35228841956316E-16));
#3209=DIRECTION('',(-1.06057523872491E-16,-0.866025403784443,-0.499999999999993));
#3210=DIRECTION('',(1.,-1.22464679914735E-16,0.));
#3211=DIRECTION('',(1.22464679914735E-16,1.,0.));
#3212=DIRECTION('',(-1.06057523872491E-16,-0.866025403784443,-0.499999999999993));
#3213=DIRECTION('',(-1.22464679914735E-16,-1.,3.35228841956316E-16));
#3214=DIRECTION('',(-1.06057523872491E-16,-0.866025403784442,0.499999999999994));
#3215=DIRECTION('',(-1.22464679914735E-16,-1.,0.));
#3216=DIRECTION('',(-6.12323399573669E-17,-0.499999999999994,-0.866025403784442));
#3217=DIRECTION('',(-1.06057523872491E-16,-0.866025403784442,0.499999999999994));
#3218=DIRECTION('',(-6.12323399573669E-17,-0.499999999999994,-0.866025403784442));
#3219=DIRECTION('',(-1.06057523872491E-16,-0.866025403784442,0.499999999999994));
#3220=DIRECTION('',(-1.,1.22464679914735E-16,0.));
#3221=DIRECTION('',(6.12323399573668E-17,0.499999999999993,-0.866025403784443));
#3222=DIRECTION('',(-1.06057523872491E-16,-0.866025403784443,-0.499999999999993));
#3223=DIRECTION('',(-1.,1.22464679914735E-16,0.));
#3224=DIRECTION('',(6.12323399573668E-17,0.499999999999993,-0.866025403784443));
#3225=DIRECTION('',(-1.06057523872491E-16,-0.866025403784443,-0.499999999999993));
#3226=DIRECTION('',(1.22464679914735E-16,1.,0.));
#3227=DIRECTION('',(-1.,1.22464679914735E-16,0.));
#3228=DIRECTION('',(1.22464679914735E-16,1.,0.));
#3229=DIRECTION('',(-1.,1.22464679914735E-16,0.));
#3230=DIRECTION('',(1.22464679914735E-16,1.,0.));
#3231=DIRECTION('',(-1.,1.22464679914735E-16,0.));
#3232=DIRECTION('',(1.22464679914735E-16,1.,0.));
#3233=DIRECTION('',(-1.,1.22464679914735E-16,0.));
#3234=DIRECTION('',(1.22464679914735E-16,1.,0.));
#3235=DIRECTION('',(-1.,1.22464679914735E-16,0.));
#3236=DIRECTION('',(1.22464679914735E-16,1.,0.));
#3237=DIRECTION('',(-1.,1.22464679914735E-16,0.));
#3238=DIRECTION('',(1.22464679914735E-16,1.,0.));
#3239=DIRECTION('',(-1.,1.22464679914735E-16,0.));
#3240=DIRECTION('',(1.22464679914735E-16,1.,0.));
#3241=DIRECTION('',(-1.,1.22464679914735E-16,0.));
#3242=DIRECTION('',(1.22464679914735E-16,1.,0.));
#3243=DIRECTION('',(-1.,1.22464679914735E-16,0.));
#3244=DIRECTION('',(-4.10536928283676E-32,-3.35228841956316E-16,-1.));
#3245=DIRECTION('',(-1.22464679914735E-16,-1.,3.35228841956316E-16));
#3246=DIRECTION('',(4.10536928283676E-32,3.35228841956316E-16,1.));
#3247=DIRECTION('',(-1.22464679914735E-16,-1.,3.35228841956316E-16));
#3248=DIRECTION('',(-1.22464679914735E-16,-1.,0.));
#3249=DIRECTION('',(1.,-1.22464679914735E-16,0.));
#3250=DIRECTION('',(-1.22464679914735E-16,-1.,0.));
#3251=DIRECTION('',(1.,-1.22464679914735E-16,0.));
#3252=DIRECTION('',(-1.22464679914735E-16,-1.,0.));
#3253=DIRECTION('',(1.,-1.22464679914735E-16,0.));
#3254=DIRECTION('',(-4.10536928283676E-32,-3.35228841956316E-16,1.));
#3255=DIRECTION('',(1.22464679914735E-16,1.,0.));
#3256=DIRECTION('',(-4.10536928283676E-32,-3.35228841956316E-16,1.));
#3257=DIRECTION('',(1.22464679914735E-16,1.,0.));
#3258=DIRECTION('',(0.,0.,1.));
#3259=DIRECTION('',(1.,0.,0.));
#3260=DIRECTION('',(-1.22464679914735E-16,-1.,0.));
#3261=DIRECTION('',(1.,-1.22464679914735E-16,0.));
#3262=DIRECTION('',(-1.22464679914735E-16,-1.,0.));
#3263=DIRECTION('',(1.,-1.22464679914735E-16,0.));
#3264=DIRECTION('',(-1.22464679914735E-16,-1.,0.));
#3265=DIRECTION('',(1.,-1.22464679914735E-16,0.));
#3266=DIRECTION('',(-1.22464679914735E-16,-1.,0.));
#3267=DIRECTION('',(1.,-1.22464679914735E-16,0.));
#3268=DIRECTION('',(-1.22464679914735E-16,-1.,0.));
#3269=DIRECTION('',(1.,-1.22464679914735E-16,0.));
#3270=DIRECTION('',(-1.22464679914735E-16,-1.,0.));
#3271=DIRECTION('',(1.,-1.22464679914735E-16,0.));
#3272=DIRECTION('',(-1.22464679914735E-16,-1.,0.));
#3273=DIRECTION('',(1.,-1.22464679914735E-16,0.));
#3274=DIRECTION('',(-1.22464679914735E-16,-1.,0.));
#3275=DIRECTION('',(1.,-1.22464679914735E-16,0.));
#3276=DIRECTION('',(1.22464679914735E-16,1.,0.));
#3277=DIRECTION('',(-1.,1.22464679914735E-16,0.));
#3278=DIRECTION('',(1.22464679914735E-16,1.,0.));
#3279=DIRECTION('',(-1.,1.22464679914735E-16,0.));
#3280=DIRECTION('',(1.22464679914735E-16,1.,0.));
#3281=DIRECTION('',(-1.,1.22464679914735E-16,0.));
#3282=DIRECTION('',(0.,0.,1.));
#3283=DIRECTION('',(1.,0.,0.));
#3284=DIRECTION('',(-1.54886024640786E-16,1.89680674308998E-32,1.));
#3285=DIRECTION('',(1.,-1.22464679914735E-16,1.54886024640786E-16));
#3286=DIRECTION('',(1.54886024640786E-16,-1.89680674308998E-32,-1.));
#3287=DIRECTION('',(1.,-1.22464679914735E-16,1.54886024640786E-16));
#3288=DIRECTION('',(2.29253527109772E-17,-0.707106781186548,-0.707106781186548));
#3289=DIRECTION('',(-1.96116563958076E-16,-0.707106781186548,0.707106781186548));
#3290=DIRECTION('',(0.,0.,-1.));
#3291=DIRECTION('',(1.22464679914735E-16,1.,0.));
#3292=DIRECTION('',(1.22464679914735E-16,1.,0.));
#3293=DIRECTION('',(-1.,1.22464679914735E-16,0.));
#3294=DIRECTION('',(1.22464679914735E-16,1.,0.));
#3295=DIRECTION('',(-1.,1.22464679914735E-16,0.));
#3296=DIRECTION('',(1.22464679914735E-16,1.,0.));
#3297=DIRECTION('',(1.,-1.22464679914735E-16,-8.88178419700125E-16));
#3298=DIRECTION('',(0.,0.,1.));
#3299=DIRECTION('',(-1.,1.22464679914735E-16,0.));
#3300=DIRECTION('',(0.,0.,1.));
#3301=DIRECTION('',(1.22464679914735E-16,1.,0.));
#3302=DIRECTION('',(-1.22464679914735E-16,-1.,0.));
#3303=DIRECTION('',(1.,-1.22464679914735E-16,0.));
#3304=DIRECTION('',(0.,0.,1.));
#3305=DIRECTION('',(1.,0.,0.));
#3306=DIRECTION('',(0.,0.,1.));
#3307=DIRECTION('',(-1.,1.22464679914735E-16,0.));
#3308=DIRECTION('',(0.,0.,1.));
#3309=DIRECTION('',(1.22464679914735E-16,1.,0.));
#3310=DIRECTION('',(-1.22464679914735E-16,-1.,0.));
#3311=DIRECTION('',(1.,-1.22464679914735E-16,0.));
#3312=DIRECTION('',(0.,0.,1.));
#3313=DIRECTION('',(1.22464679914735E-16,1.,0.));
#3314=DIRECTION('',(0.,0.,-1.));
#3315=DIRECTION('',(1.22464679914735E-16,1.,0.));
#3316=DIRECTION('',(-8.65956056235494E-17,-0.707106781186548,-0.707106781186548));
#3317=DIRECTION('',(-8.65956056235494E-17,-0.707106781186548,0.707106781186548));
#3318=DIRECTION('',(1.22464679914735E-16,1.,0.));
#3319=DIRECTION('',(-1.,1.22464679914735E-16,0.));
#3320=DIRECTION('',(1.22464679914735E-16,1.,0.));
#3321=DIRECTION('',(1.,-1.22464679914735E-16,0.));
#3322=DIRECTION('',(0.,0.,1.));
#3323=DIRECTION('',(1.22464679914735E-16,1.,0.));
#3324=DIRECTION('',(-1.22464679914735E-16,-1.,0.));
#3325=DIRECTION('',(1.,-1.22464679914735E-16,0.));
#3326=DIRECTION('',(0.,0.,1.));
#3327=DIRECTION('',(1.,0.,0.));
#3328=DIRECTION('',(1.,-1.22464679914735E-16,0.));
#3329=DIRECTION('',(1.22464679914735E-16,1.,0.));
#3330=DIRECTION('',(-3.65634103901136E-17,-0.298562903325028,0.954389958433203));
#3331=DIRECTION('',(-1.22464679914735E-16,-1.,6.30808536718841E-15));
#3332=DIRECTION('',(-4.94051988897853E-32,-4.03424064180653E-16,-1.));
#3333=DIRECTION('',(1.22464679914735E-16,1.,0.));
#3334=DIRECTION('',(-9.04010022238624E-32,-7.38180202543322E-16,1.));
#3335=DIRECTION('',(6.12323399573677E-17,0.5,0.866025403784438));
#3336=DIRECTION('',(1.,-1.22464679914735E-16,0.));
#3337=DIRECTION('',(1.22464679914735E-16,1.,0.));
#3338=DIRECTION('',(-3.65634103901136E-17,-0.298562903325028,0.954389958433203));
#3339=DIRECTION('',(6.12323399573677E-17,0.5,0.866025403784438));
#3340=DIRECTION('',(-9.04010022238624E-32,-7.38180202543322E-16,1.));
#3341=DIRECTION('',(1.22464679914735E-16,1.,0.));
#3342=DIRECTION('',(-4.94051988897853E-32,-4.03424064180653E-16,-1.));
#3343=DIRECTION('',(-1.22464679914735E-16,-1.,6.30808536718841E-15));
#3344=DIRECTION('',(7.72517655367554E-31,6.30808536718841E-15,1.));
#3345=DIRECTION('',(1.22464679914735E-16,1.,-6.30808536718841E-15));
#3346=DIRECTION('',(1.,-1.22464679914735E-16,0.));
#3347=DIRECTION('',(1.,-1.22464679914735E-16,0.));
#3348=DIRECTION('',(-1.22464679914735E-16,-1.,4.03424064180653E-16));
#3349=DIRECTION('',(4.94051988897853E-32,4.03424064180653E-16,1.));
#3350=DIRECTION('',(1.,-1.22464679914735E-16,0.));
#3351=DIRECTION('',(0.,0.,-1.));
#3352=DIRECTION('',(-1.22464679914735E-16,-1.,0.));
#3353=DIRECTION('',(1.,-1.22464679914735E-16,0.));
#3354=DIRECTION('',(1.22464679914735E-16,1.,7.38180202543322E-16));
#3355=DIRECTION('',(9.04010022238624E-32,7.38180202543322E-16,-1.));
#3356=DIRECTION('',(1.,-1.22464679914735E-16,0.));
#3357=DIRECTION('',(1.06057523872491E-16,0.866025403784438,-0.5));
#3358=DIRECTION('',(-6.12323399573677E-17,-0.5,-0.866025403784438));
#3359=DIRECTION('',(1.,-1.22464679914735E-16,0.));
#3360=DIRECTION('',(1.1687906077336E-16,0.954389958433203,0.298562903325028));
#3361=DIRECTION('',(3.65634103901136E-17,0.298562903325028,-0.954389958433203));
#3362=DIRECTION('',(0.,0.,1.));
#3363=DIRECTION('',(1.,0.,0.));
#3364=DIRECTION('',(-1.,1.22464679914735E-16,0.));
#3365=DIRECTION('',(-1.22464679914735E-16,-1.,0.));
#3366=DIRECTION('',(1.22464679914735E-16,1.,0.));
#3367=DIRECTION('',(0.,0.,1.));
#3368=DIRECTION('',(-1.22464679914735E-16,-1.,-6.30808536718841E-15));
#3369=DIRECTION('',(-3.65634103901137E-17,-0.298562903325029,-0.954389958433202));
#3370=DIRECTION('',(6.12323399573677E-17,0.5,-0.866025403784438));
#3371=DIRECTION('',(-9.04010022238624E-32,-7.38180202543322E-16,-1.));
#3372=DIRECTION('',(-1.,1.22464679914735E-16,0.));
#3373=DIRECTION('',(-1.22464679914735E-16,-1.,0.));
#3374=DIRECTION('',(1.22464679914735E-16,1.,0.));
#3375=DIRECTION('',(-9.04010022238624E-32,-7.38180202543322E-16,-1.));
#3376=DIRECTION('',(6.12323399573677E-17,0.5,-0.866025403784438));
#3377=DIRECTION('',(-3.65634103901137E-17,-0.298562903325029,-0.954389958433202));
#3378=DIRECTION('',(-1.22464679914735E-16,-1.,-6.30808536718841E-15));
#3379=DIRECTION('',(0.,0.,1.));
#3380=DIRECTION('',(1.22464679914735E-16,1.,0.));
#3381=DIRECTION('',(-1.,1.22464679914735E-16,0.));
#3382=DIRECTION('',(1.,-1.22464679914735E-16,0.));
#3383=DIRECTION('',(1.,-1.22464679914735E-16,0.));
#3384=DIRECTION('',(-7.72517655367554E-31,-6.30808536718841E-15,1.));
#3385=DIRECTION('',(1.22464679914735E-16,1.,6.30808536718841E-15));
#3386=DIRECTION('',(1.,-1.22464679914735E-16,0.));
#3387=DIRECTION('',(-1.1687906077336E-16,-0.954389958433202,0.298562903325029));
#3388=DIRECTION('',(3.65634103901137E-17,0.298562903325029,0.954389958433202));
#3389=DIRECTION('',(1.,-1.22464679914735E-16,0.));
#3390=DIRECTION('',(-1.06057523872491E-16,-0.866025403784438,-0.5));
#3391=DIRECTION('',(-6.12323399573677E-17,-0.5,0.866025403784438));
#3392=DIRECTION('',(1.,-1.22464679914735E-16,0.));
#3393=DIRECTION('',(-1.22464679914735E-16,-1.,7.38180202543322E-16));
#3394=DIRECTION('',(9.04010022238624E-32,7.38180202543322E-16,1.));
#3395=DIRECTION('',(1.,-1.22464679914735E-16,0.));
#3396=DIRECTION('',(0.,0.,-1.));
#3397=DIRECTION('',(-1.22464679914735E-16,-1.,0.));
#3398=DIRECTION('',(0.,0.,1.));
#3399=DIRECTION('',(1.,0.,0.));
#3400=DIRECTION('',(1.,-1.22464679914735E-16,0.));
#3401=DIRECTION('',(-1.22464679914735E-16,-1.,0.));
#3402=DIRECTION('',(1.22464679914735E-16,1.,0.));
#3403=DIRECTION('',(-9.04010022238624E-32,-7.38180202543322E-16,-1.));
#3404=DIRECTION('',(6.12323399573677E-17,0.5,-0.866025403784438));
#3405=DIRECTION('',(-3.65634103901137E-17,-0.298562903325029,-0.954389958433202));
#3406=DIRECTION('',(-1.22464679914735E-16,-1.,-6.30808536718841E-15));
#3407=DIRECTION('',(0.,0.,1.));
#3408=DIRECTION('',(1.,-1.22464679914735E-16,0.));
#3409=DIRECTION('',(-1.22464679914735E-16,-1.,0.));
#3410=DIRECTION('',(1.22464679914735E-16,1.,0.));
#3411=DIRECTION('',(0.,0.,1.));
#3412=DIRECTION('',(-1.22464679914735E-16,-1.,-6.30808536718841E-15));
#3413=DIRECTION('',(-3.65634103901137E-17,-0.298562903325029,-0.954389958433202));
#3414=DIRECTION('',(6.12323399573677E-17,0.5,-0.866025403784438));
#3415=DIRECTION('',(-9.04010022238624E-32,-7.38180202543322E-16,-1.));
#3416=DIRECTION('',(1.22464679914735E-16,1.,0.));
#3417=DIRECTION('',(1.,-1.22464679914735E-16,0.));
#3418=DIRECTION('',(-1.,1.22464679914735E-16,0.));
#3419=DIRECTION('',(-1.,1.22464679914735E-16,0.));
#3420=DIRECTION('',(-7.72517655367554E-31,-6.30808536718841E-15,1.));
#3421=DIRECTION('',(1.22464679914735E-16,1.,6.30808536718841E-15));
#3422=DIRECTION('',(-1.,1.22464679914735E-16,0.));
#3423=DIRECTION('',(-1.1687906077336E-16,-0.954389958433202,0.298562903325029));
#3424=DIRECTION('',(3.65634103901137E-17,0.298562903325029,0.954389958433202));
#3425=DIRECTION('',(-1.,1.22464679914735E-16,0.));
#3426=DIRECTION('',(-1.06057523872491E-16,-0.866025403784438,-0.5));
#3427=DIRECTION('',(-6.12323399573677E-17,-0.5,0.866025403784438));
#3428=DIRECTION('',(-1.,1.22464679914735E-16,0.));
#3429=DIRECTION('',(-1.22464679914735E-16,-1.,7.38180202543322E-16));
#3430=DIRECTION('',(9.04010022238624E-32,7.38180202543322E-16,1.));
#3431=DIRECTION('',(-1.,1.22464679914735E-16,0.));
#3432=DIRECTION('',(0.,0.,-1.));
#3433=DIRECTION('',(-1.22464679914735E-16,-1.,0.));
#3434=DIRECTION('',(0.,0.,1.));
#3435=DIRECTION('',(1.,0.,0.));
#3436=DIRECTION('',(-1.,1.22464679914735E-16,0.));
#3437=DIRECTION('',(1.22464679914735E-16,1.,0.));
#3438=DIRECTION('',(-3.65634103901136E-17,-0.298562903325028,0.954389958433203));
#3439=DIRECTION('',(6.12323399573677E-17,0.5,0.866025403784438));
#3440=DIRECTION('',(-9.04010022238624E-32,-7.38180202543322E-16,1.));
#3441=DIRECTION('',(1.22464679914735E-16,1.,0.));
#3442=DIRECTION('',(-4.94051988897853E-32,-4.03424064180653E-16,-1.));
#3443=DIRECTION('',(-1.22464679914735E-16,-1.,6.30808536718841E-15));
#3444=DIRECTION('',(-1.,1.22464679914735E-16,0.));
#3445=DIRECTION('',(1.22464679914735E-16,1.,0.));
#3446=DIRECTION('',(-3.65634103901136E-17,-0.298562903325028,0.954389958433203));
#3447=DIRECTION('',(-1.22464679914735E-16,-1.,6.30808536718841E-15));
#3448=DIRECTION('',(-4.94051988897853E-32,-4.03424064180653E-16,-1.));
#3449=DIRECTION('',(1.22464679914735E-16,1.,0.));
#3450=DIRECTION('',(-9.04010022238624E-32,-7.38180202543322E-16,1.));
#3451=DIRECTION('',(6.12323399573677E-17,0.5,0.866025403784438));
#3452=DIRECTION('',(7.72517655367554E-31,6.30808536718841E-15,1.));
#3453=DIRECTION('',(1.22464679914735E-16,1.,-6.30808536718841E-15));
#3454=DIRECTION('',(-1.,1.22464679914735E-16,0.));
#3455=DIRECTION('',(-1.,1.22464679914735E-16,0.));
#3456=DIRECTION('',(-1.22464679914735E-16,-1.,4.03424064180653E-16));
#3457=DIRECTION('',(4.94051988897853E-32,4.03424064180653E-16,1.));
#3458=DIRECTION('',(-1.,1.22464679914735E-16,0.));
#3459=DIRECTION('',(0.,0.,-1.));
#3460=DIRECTION('',(-1.22464679914735E-16,-1.,0.));
#3461=DIRECTION('',(-1.,1.22464679914735E-16,0.));
#3462=DIRECTION('',(1.22464679914735E-16,1.,7.38180202543322E-16));
#3463=DIRECTION('',(9.04010022238624E-32,7.38180202543322E-16,-1.));
#3464=DIRECTION('',(-1.,1.22464679914735E-16,0.));
#3465=DIRECTION('',(1.06057523872491E-16,0.866025403784438,-0.5));
#3466=DIRECTION('',(-6.12323399573677E-17,-0.5,-0.866025403784438));
#3467=DIRECTION('',(-1.,1.22464679914735E-16,0.));
#3468=DIRECTION('',(1.1687906077336E-16,0.954389958433203,0.298562903325028));
#3469=DIRECTION('',(3.65634103901136E-17,0.298562903325028,-0.954389958433203));
#3470=DIRECTION('',(0.,0.,1.));
#3471=DIRECTION('',(1.,0.,0.));
#3472=DIRECTION('',(-1.22464679914735E-16,-1.,0.));
#3473=DIRECTION('',(1.,-1.22464679914735E-16,0.));
#3474=DIRECTION('',(-1.22464679914735E-16,-1.,0.));
#3475=DIRECTION('',(1.,-1.22464679914735E-16,0.));
#3476=DIRECTION('',(-1.22464679914735E-16,-1.,0.));
#3477=DIRECTION('',(1.,-1.22464679914735E-16,0.));
#3478=DIRECTION('',(-1.22464679914735E-16,-1.,0.));
#3479=DIRECTION('',(1.,-1.22464679914735E-16,0.));
#3480=DIRECTION('',(-1.22464679914735E-16,-1.,0.));
#3481=DIRECTION('',(1.,-1.22464679914735E-16,0.));
#3482=DIRECTION('',(-1.22464679914735E-16,-1.,0.));
#3483=DIRECTION('',(1.,-1.22464679914735E-16,0.));
#3484=DIRECTION('',(1.22464679914735E-16,1.,0.));
#3485=DIRECTION('',(-1.,1.22464679914735E-16,0.));
#3486=DIRECTION('',(1.22464679914735E-16,1.,0.));
#3487=DIRECTION('',(-1.,1.22464679914735E-16,0.));
#3488=CARTESIAN_POINT('',(0.,0.,0.));
#3489=CARTESIAN_POINT('',(-0.00668,0.0121,0.0125));
#3490=CARTESIAN_POINT('',(-0.00668,-0.00162,0.0125));
#3491=CARTESIAN_POINT('',(-0.00668,-0.00162,0.0132));
#3492=CARTESIAN_POINT('',(-0.00738,-0.00162,0.0125));
#3493=CARTESIAN_POINT('',(-0.00668,0.0121,0.0132));
#3494=CARTESIAN_POINT('',(-0.00668,0.0121,0.0132));
#3495=CARTESIAN_POINT('',(-0.00668,0.0121,0.0125));
#3496=CARTESIAN_POINT('',(-0.00738,0.0121,0.0125));
#3497=CARTESIAN_POINT('',(-0.00738,0.0121,0.0125));
#3498=CARTESIAN_POINT('',(0.00668,0.0121,0.0125));
#3499=CARTESIAN_POINT('',(0.00668,-0.00162,0.0125));
#3500=CARTESIAN_POINT('',(0.00738,-0.00162,0.0125));
#3501=CARTESIAN_POINT('',(0.00668,-0.00162,0.0132));
#3502=CARTESIAN_POINT('',(0.00738,-0.00162,0.0125));
#3503=CARTESIAN_POINT('',(0.00738,0.0121,0.0125));
#3504=CARTESIAN_POINT('',(0.00668,0.0121,0.0125));
#3505=CARTESIAN_POINT('',(0.00668,0.0121,0.0132));
#3506=CARTESIAN_POINT('',(0.00668,0.0121,0.0132));
#3507=CARTESIAN_POINT('',(0.007255,-0.00232,0.0101510308009258));
#3508=CARTESIAN_POINT('',(0.007255,-0.00232,0.0101510308009258));
#3509=CARTESIAN_POINT('',(0.00738,-0.00232,0.0101510308009258));
#3510=CARTESIAN_POINT('',(0.00723329397779163,-0.00232,0.0102741317700523));
#3511=CARTESIAN_POINT('',(0.00738,-0.00232,0.0101510308009258));
#3512=CARTESIAN_POINT('',(0.00738,-0.00162,0.0101510308009258));
#3513=CARTESIAN_POINT('',(0.007255,-0.00162,0.0101510308009258));
#3514=CARTESIAN_POINT('',(0.00723329397779163,-0.00162,0.0102741317700523));
#3515=CARTESIAN_POINT('',(0.00723329397779163,-0.00162,0.0102741317700523));
#3516=CARTESIAN_POINT('',(0.007255,0.0121,0.00880488745389723));
#3517=CARTESIAN_POINT('',(0.007255,-0.00232,0.00880488745389723));
#3518=CARTESIAN_POINT('',(0.00727670602220837,-0.00232,0.0086817864847707));
#3519=CARTESIAN_POINT('',(0.00738,-0.00232,0.00880488745389723));
#3520=CARTESIAN_POINT('',(0.00727670602220837,-0.00232,0.0086817864847707));
#3521=CARTESIAN_POINT('',(0.00727670602220837,-0.00162,0.0086817864847707));
#3522=CARTESIAN_POINT('',(0.007255,-0.00162,0.00880488745389723));
#3523=CARTESIAN_POINT('',(0.00738,-0.00162,0.00880488745389723));
#3524=CARTESIAN_POINT('',(0.00738,-0.00162,0.00880488745389723));
#3525=CARTESIAN_POINT('',(0.007255,-0.00232,0.00509511254610289));
#3526=CARTESIAN_POINT('',(0.007255,-0.00232,0.00509511254610289));
#3527=CARTESIAN_POINT('',(0.00738,-0.00232,0.00509511254610289));
#3528=CARTESIAN_POINT('',(0.00727670602220837,-0.00232,0.00521821351522942));
#3529=CARTESIAN_POINT('',(0.00738,-0.00232,0.00509511254610289));
#3530=CARTESIAN_POINT('',(0.00738,-0.00162,0.00509511254610289));
#3531=CARTESIAN_POINT('',(0.007255,-0.00162,0.00509511254610289));
#3532=CARTESIAN_POINT('',(0.00727670602220837,-0.00162,0.00521821351522942));
#3533=CARTESIAN_POINT('',(0.00727670602220837,-0.00162,0.00521821351522942));
#3534=CARTESIAN_POINT('',(0.007255,0.0121,0.00374896919907433));
#3535=CARTESIAN_POINT('',(0.007255,-0.00232,0.00374896919907433));
#3536=CARTESIAN_POINT('',(0.00723329397779163,-0.00232,0.0036258682299478));
#3537=CARTESIAN_POINT('',(0.00738,-0.00232,0.00374896919907433));
#3538=CARTESIAN_POINT('',(0.00723329397779163,-0.00232,0.0036258682299478));
#3539=CARTESIAN_POINT('',(0.00723329397779163,-0.00162,0.0036258682299478));
#3540=CARTESIAN_POINT('',(0.007255,-0.00162,0.00374896919907433));
#3541=CARTESIAN_POINT('',(0.00738,-0.00162,0.00374896919907433));
#3542=CARTESIAN_POINT('',(0.00738,-0.00162,0.00374896919907433));
#3543=CARTESIAN_POINT('',(-0.007255,0.0121,0.0101510308009257));
#3544=CARTESIAN_POINT('',(-0.007255,-0.00232,0.0101510308009257));
#3545=CARTESIAN_POINT('',(-0.00723329397779163,-0.00232,0.0102741317700523));
#3546=CARTESIAN_POINT('',(-0.00738,-0.00232,0.0101510308009257));
#3547=CARTESIAN_POINT('',(-0.00723329397779163,-0.00232,0.0102741317700523));
#3548=CARTESIAN_POINT('',(-0.00723329397779163,-0.00162,0.0102741317700523));
#3549=CARTESIAN_POINT('',(-0.007255,-0.00162,0.0101510308009257));
#3550=CARTESIAN_POINT('',(-0.00738,-0.00162,0.0101510308009257));
#3551=CARTESIAN_POINT('',(-0.00738,0.0121,0.0101510308009257));
#3552=CARTESIAN_POINT('',(-0.007255,0.0121,0.00509511254610285));
#3553=CARTESIAN_POINT('',(-0.007255,-0.00232,0.00509511254610285));
#3554=CARTESIAN_POINT('',(-0.00727670602220837,-0.00232,0.00521821351522937));
#3555=CARTESIAN_POINT('',(-0.00738,-0.00232,0.00509511254610285));
#3556=CARTESIAN_POINT('',(-0.00727670602220837,-0.00232,0.00521821351522937));
#3557=CARTESIAN_POINT('',(-0.00727670602220837,-0.00162,0.00521821351522937));
#3558=CARTESIAN_POINT('',(-0.007255,-0.00162,0.00509511254610285));
#3559=CARTESIAN_POINT('',(-0.00738,-0.00162,0.00509511254610284));
#3560=CARTESIAN_POINT('',(-0.00738,0.0121,0.00509511254610285));
#3561=CARTESIAN_POINT('',(-0.007255,-0.00232,0.00880488745389717));
#3562=CARTESIAN_POINT('',(-0.007255,-0.00232,0.00880488745389717));
#3563=CARTESIAN_POINT('',(-0.00738,-0.00232,0.00880488745389717));
#3564=CARTESIAN_POINT('',(-0.00727670602220837,-0.00232,0.00868178648477064));
#3565=CARTESIAN_POINT('',(-0.00738,0.0121,0.00880488745389717));
#3566=CARTESIAN_POINT('',(-0.00738,-0.00162,0.00880488745389717));
#3567=CARTESIAN_POINT('',(-0.007255,-0.00162,0.00880488745389717));
#3568=CARTESIAN_POINT('',(-0.00727670602220837,-0.00162,0.00868178648477064));
#3569=CARTESIAN_POINT('',(-0.00727670602220837,-0.00232,0.00868178648477064));
#3570=CARTESIAN_POINT('',(-0.007255,-0.00232,0.00374896919907428));
#3571=CARTESIAN_POINT('',(-0.007255,-0.00232,0.00374896919907428));
#3572=CARTESIAN_POINT('',(-0.00738,-0.00232,0.00374896919907428));
#3573=CARTESIAN_POINT('',(-0.00723329397779163,-0.00232,0.00362586822994775));
#3574=CARTESIAN_POINT('',(-0.00738,0.0121,0.00374896919907428));
#3575=CARTESIAN_POINT('',(-0.00738,-0.00162,0.00374896919907428));
#3576=CARTESIAN_POINT('',(-0.007255,-0.00162,0.00374896919907428));
#3577=CARTESIAN_POINT('',(-0.00723329397779163,-0.00162,0.00362586822994775));
#3578=CARTESIAN_POINT('',(-0.00723329397779163,-0.00232,0.00362586822994775));
#3579=CARTESIAN_POINT('',(0.00574415410190827,-0.00232,0.00468844376811489));
#3580=CARTESIAN_POINT('',(0.00510746437267007,-0.00232,0.00829929065428054));
#3581=CARTESIAN_POINT('',(0.00588096215923851,-0.00232,0.00843567918357084));
#3582=CARTESIAN_POINT('',(0.00738,-0.00232,0.00468844376811489));
#3583=CARTESIAN_POINT('',(0.00483384825800952,-0.00232,0.00985104475090926));
#3584=CARTESIAN_POINT('',(0.00560734604457796,-0.00232,0.00998743328019957));
#3585=CARTESIAN_POINT('',(0.00574415410190824,-0.00232,0.0092115562318852));
#3586=CARTESIAN_POINT('',(0.00560734604457796,-0.00232,0.00998743328019957));
#3587=CARTESIAN_POINT('',(0.00560734604457796,-0.00162,0.00998743328019957));
#3588=CARTESIAN_POINT('',(0.00560734604457796,-0.00162,0.00998743328019957));
#3589=CARTESIAN_POINT('',(0.00560734604457796,-0.00232,0.00998743328019957));
#3590=CARTESIAN_POINT('',(0.00738,-0.00232,0.0087));
#3591=CARTESIAN_POINT('',(0.00738,-0.00162,0.0087));
#3592=CARTESIAN_POINT('',(0.00588096215923851,-0.00162,0.00843567918357084));
#3593=CARTESIAN_POINT('',(0.00588096215923851,-0.00232,0.00843567918357084));
#3594=CARTESIAN_POINT('',(0.00574415410190827,-0.00232,0.00468844376811489));
#3595=CARTESIAN_POINT('',(0.005607346044578,-0.00232,0.00391256671980052));
#3596=CARTESIAN_POINT('',(0.005607346044578,-0.00232,0.00391256671980052));
#3597=CARTESIAN_POINT('',(0.00738,-0.00232,0.00520000000000006));
#3598=CARTESIAN_POINT('',(0.00738,-0.00232,0.00520000000000006));
#3599=CARTESIAN_POINT('',(0.00588096215923853,-0.00232,0.00546432081642925));
#3600=CARTESIAN_POINT('',(0.00574415410190827,-0.00232,0.00468844376811489));
#3601=CARTESIAN_POINT('',(0.00738,-0.00232,0.00520000000000006));
#3602=CARTESIAN_POINT('',(0.00738,-0.00162,0.00520000000000006));
#3603=CARTESIAN_POINT('',(0.00588096215923853,-0.00162,0.00546432081642925));
#3604=CARTESIAN_POINT('',(0.00588096215923853,-0.00232,0.00546432081642925));
#3605=CARTESIAN_POINT('',(0.005607346044578,-0.00232,0.00391256671980052));
#3606=CARTESIAN_POINT('',(0.005607346044578,-0.00162,0.00391256671980052));
#3607=CARTESIAN_POINT('',(0.005607346044578,-0.00162,0.00391256671980052));
#3608=CARTESIAN_POINT('',(0.005607346044578,-0.00232,0.00391256671980052));
#3609=CARTESIAN_POINT('',(0.00574415410190827,-0.00232,0.00468844376811489));
#3610=CARTESIAN_POINT('',(-0.00738,-0.00232,0.00468844376811489));
#3611=CARTESIAN_POINT('',(0.00603442895145845,-0.00232,0.00633467424506105));
#3612=CARTESIAN_POINT('',(-0.00588096215923857,-0.00232,0.0084356791835708));
#3613=CARTESIAN_POINT('',(-0.0057441541019083,-0.00232,0.00921155623188516));
#3614=CARTESIAN_POINT('',(-0.00560734604457803,-0.00232,0.00998743328019953));
#3615=CARTESIAN_POINT('',(0.00630804506611899,-0.00232,0.00788642834168979));
#3616=CARTESIAN_POINT('',(-0.00560734604457803,-0.00232,0.00998743328019953));
#3617=CARTESIAN_POINT('',(-0.00560734604457803,-0.00162,0.00998743328019953));
#3618=CARTESIAN_POINT('',(-0.00560734604457803,-0.00162,0.00998743328019953));
#3619=CARTESIAN_POINT('',(-0.00560734604457803,-0.00232,0.00998743328019953));
#3620=CARTESIAN_POINT('',(-0.0057441541019083,-0.00232,0.00921155623188516));
#3621=CARTESIAN_POINT('',(-0.0057441541019083,-0.00162,0.00921155623188516));
#3622=CARTESIAN_POINT('',(-0.00588096215923857,-0.00162,0.0084356791835708));
#3623=CARTESIAN_POINT('',(-0.00588096215923857,-0.00232,0.0084356791835708));
#3624=CARTESIAN_POINT('',(-0.00738,-0.00232,0.0087));
#3625=CARTESIAN_POINT('',(-0.00738,-0.00162,0.0087));
#3626=CARTESIAN_POINT('',(0.00574415410190827,-0.00232,0.00468844376811489));
#3627=CARTESIAN_POINT('',(-0.00738,-0.00232,0.00468844376811489));
#3628=CARTESIAN_POINT('',(0.00553454727955057,-0.00232,0.00587718312901992));
#3629=CARTESIAN_POINT('',(-0.00560734604457803,-0.00232,0.00391256671980048));
#3630=CARTESIAN_POINT('',(-0.0057441541019083,-0.00232,0.00468844376811485));
#3631=CARTESIAN_POINT('',(-0.00588096215923857,-0.00232,0.00546432081642921));
#3632=CARTESIAN_POINT('',(0.00526093116489002,-0.00232,0.00742893722564866));
#3633=CARTESIAN_POINT('',(-0.00738,-0.00232,0.0052));
#3634=CARTESIAN_POINT('',(-0.00738,-0.00162,0.0052));
#3635=CARTESIAN_POINT('',(-0.00588096215923857,-0.00162,0.00546432081642921));
#3636=CARTESIAN_POINT('',(-0.00588096215923857,-0.00232,0.00546432081642921));
#3637=CARTESIAN_POINT('',(-0.0057441541019083,-0.00232,0.00468844376811485));
#3638=CARTESIAN_POINT('',(-0.0057441541019083,-0.00162,0.00468844376811485));
#3639=CARTESIAN_POINT('',(-0.00560734604457803,-0.00162,0.00391256671980048));
#3640=CARTESIAN_POINT('',(-0.00560734604457803,-0.00232,0.00391256671980048));
#3641=CARTESIAN_POINT('',(-0.00560734604457803,-0.00232,0.00391256671980048));
#3642=CARTESIAN_POINT('',(-0.00560734604457803,-0.00162,0.00391256671980048));
#3643=CARTESIAN_POINT('',(0.00544169637214453,0.00272,0.00234151730001311));
#3644=CARTESIAN_POINT('',(0.00544169637214453,0.00272,0.00234151730001311));
#3645=CARTESIAN_POINT('',(0.00631669637214453,0.00272,0.00234151730001311));
#3646=CARTESIAN_POINT('',(0.00544169637214453,0.00272,0.00234151730001311));
#3647=CARTESIAN_POINT('',(-0.00544169637214453,0.00272,0.0115584826999869));
#3648=CARTESIAN_POINT('',(-0.00456669637214453,0.00272,0.0115584826999869));
#3649=CARTESIAN_POINT('',(-3.23568669932532E-18,0.00288,0.00655));
#3650=CARTESIAN_POINT('',(0.00364254375402687,0.00288,0.0037));
#3651=CARTESIAN_POINT('',(0.00364254375402687,0.00288,0.0007));
#3652=CARTESIAN_POINT('',(0.00364254375402687,0.00288,0.0037));
#3653=CARTESIAN_POINT('',(-3.23568669932532E-18,0.00288,0.00655));
#3654=CARTESIAN_POINT('',(-0.00364254375402688,0.00288,0.0037));
#3655=CARTESIAN_POINT('',(-0.00364254375402688,0.00288,0.0037));
#3656=CARTESIAN_POINT('',(-0.00364254375402688,0.00288,0.0007));
#3657=CARTESIAN_POINT('',(-0.00364254375402688,0.00288,0.0007));
#3658=CARTESIAN_POINT('',(-0.00364254375402688,0.00288,0.0037));
#3659=CARTESIAN_POINT('',(-0.00364254375402688,-0.00162,0.0037));
#3660=CARTESIAN_POINT('',(-0.00364254375402688,-0.00162,0.0037));
#3661=CARTESIAN_POINT('',(-0.00364254375402688,-0.00162,0.0007));
#3662=CARTESIAN_POINT('',(-0.00364254375402688,0.00288,0.0007));
#3663=CARTESIAN_POINT('',(-0.00364254375402688,0.00288,0.0037));
#3664=CARTESIAN_POINT('',(0.00364254375402687,0.00288,0.0037));
#3665=CARTESIAN_POINT('',(0.00364254375402687,-0.00162,0.0037));
#3666=CARTESIAN_POINT('',(0.00364254375402687,-0.00162,0.0007));
#3667=CARTESIAN_POINT('',(0.00364254375402687,-0.00162,0.0037));
#3668=CARTESIAN_POINT('',(0.00364254375402687,0.00288,0.0037));
#3669=CARTESIAN_POINT('',(0.00364254375402687,0.00288,0.0007));
#3670=CARTESIAN_POINT('',(-0.004525,0.00974999999999985,0.0007));
#3671=CARTESIAN_POINT('',(-0.004525,0.00929999999999985,0.0007));
#3672=CARTESIAN_POINT('',(-0.004525,0.00904999999999985,0.0007));
#3673=CARTESIAN_POINT('',(-0.004275,0.00929999999999985,0.0007));
#3674=CARTESIAN_POINT('',(-0.004525,0.00974999999999985,0.0007));
#3675=CARTESIAN_POINT('',(-0.004525,0.0104499999999998,0.0007));
#3676=CARTESIAN_POINT('',(-0.004525,0.0101999999999998,0.0007));
#3677=CARTESIAN_POINT('',(-0.004275,0.0101999999999998,0.0007));
#3678=CARTESIAN_POINT('',(-0.004275,0.00974999999999985,0.0007));
#3679=CARTESIAN_POINT('',(-0.004525,0.00154999999999986,0.0007));
#3680=CARTESIAN_POINT('',(-0.004525,0.00109999999999986,0.0007));
#3681=CARTESIAN_POINT('',(-0.004525,0.000849999999999862,0.0007));
#3682=CARTESIAN_POINT('',(-0.004275,0.00109999999999986,0.0007));
#3683=CARTESIAN_POINT('',(-0.004525,0.00154999999999986,0.0007));
#3684=CARTESIAN_POINT('',(-0.004525,0.00224999999999986,0.0007));
#3685=CARTESIAN_POINT('',(-0.004525,0.00199999999999986,0.0007));
#3686=CARTESIAN_POINT('',(-0.004275,0.00199999999999986,0.0007));
#3687=CARTESIAN_POINT('',(-0.004275,0.00154999999999986,0.0007));
#3688=CARTESIAN_POINT('',(0.004525,0.00974999999999985,0.0007));
#3689=CARTESIAN_POINT('',(0.004525,0.0101999999999998,0.0007));
#3690=CARTESIAN_POINT('',(0.004525,0.0104499999999998,0.0007));
#3691=CARTESIAN_POINT('',(0.004275,0.0101999999999998,0.0007));
#3692=CARTESIAN_POINT('',(0.004525,0.00974999999999985,0.0007));
#3693=CARTESIAN_POINT('',(0.004525,0.00904999999999985,0.0007));
#3694=CARTESIAN_POINT('',(0.004525,0.00929999999999985,0.0007));
#3695=CARTESIAN_POINT('',(0.004275,0.00929999999999985,0.0007));
#3696=CARTESIAN_POINT('',(0.004275,0.00974999999999985,0.0007));
#3697=CARTESIAN_POINT('',(0.004525,0.00154999999999986,0.0007));
#3698=CARTESIAN_POINT('',(0.004525,0.00199999999999986,0.0007));
#3699=CARTESIAN_POINT('',(0.004525,0.00224999999999986,0.0007));
#3700=CARTESIAN_POINT('',(0.004275,0.00199999999999986,0.0007));
#3701=CARTESIAN_POINT('',(0.004525,0.00154999999999986,0.0007));
#3702=CARTESIAN_POINT('',(0.004525,0.000849999999999861,0.0007));
#3703=CARTESIAN_POINT('',(0.004525,0.00109999999999986,0.0007));
#3704=CARTESIAN_POINT('',(0.004275,0.00109999999999986,0.0007));
#3705=CARTESIAN_POINT('',(0.004275,0.00154999999999986,0.0007));
#3706=CARTESIAN_POINT('',(-0.004275,0.0206786071130458,0.0007));
#3707=CARTESIAN_POINT('',(-0.004275,0.0206786071130458,0.0007));
#3708=CARTESIAN_POINT('',(0.004275,0.0206786071130458,0.0007));
#3709=CARTESIAN_POINT('',(0.004275,0.0206786071130458,0.0007));
#3710=CARTESIAN_POINT('',(0.004275,0.0206786071130458,0.0007));
#3711=CARTESIAN_POINT('',(0.004275,0.0206786071130458,0.0007));
#3712=CARTESIAN_POINT('',(-0.004275,0.0206786071130458,0.0007));
#3713=CARTESIAN_POINT('',(-0.004275,0.0206786071130458,0.0007));
#3714=CARTESIAN_POINT('',(0.00894524758424985,0.00154999999999986,0.0007));
#3715=CARTESIAN_POINT('',(0.00894524758424985,0.00224999999999986,0.0007));
#3716=CARTESIAN_POINT('',(-0.00738,0.00224999999999986,0.0007));
#3717=CARTESIAN_POINT('',(0.00894524758424985,0.00084999999999986,0.0007));
#3718=CARTESIAN_POINT('',(-0.00738,0.000849999999999862,0.0007));
#3719=CARTESIAN_POINT('',(-0.00738,0.00154999999999986,0.0007));
#3720=CARTESIAN_POINT('',(0.00894524758424985,0.00974999999999985,0.0007));
#3721=CARTESIAN_POINT('',(0.00894524758424985,0.0104499999999998,0.0007));
#3722=CARTESIAN_POINT('',(-0.00738,0.0104499999999998,0.0007));
#3723=CARTESIAN_POINT('',(0.00894524758424985,0.00904999999999985,0.0007));
#3724=CARTESIAN_POINT('',(-0.00738,0.00904999999999985,0.0007));
#3725=CARTESIAN_POINT('',(-0.00738,0.00974999999999985,0.0007));
#3726=CARTESIAN_POINT('',(-1.92286533063935E-18,0.0136,0.00655));
#3727=CARTESIAN_POINT('',(-1.92286533063935E-18,0.0136,0.00124261746648254));
#3728=CARTESIAN_POINT('',(-0.00103392204466366,0.0136,0.00119724322744297));
#3729=CARTESIAN_POINT('',(-0.00310546088366841,0.0136,0.00171507127625125));
#3730=CARTESIAN_POINT('',(-0.00530692805316825,0.0136,0.0040298344389863));
#3731=CARTESIAN_POINT('',(-0.00596636254139221,0.0136,0.00715829563392789));
#3732=CARTESIAN_POINT('',(-0.00529066748869822,0.0136,0.00915677814362815));
#3733=CARTESIAN_POINT('',(-0.0047133570339635,0.0136,0.0100150779890767));
#3734=CARTESIAN_POINT('',(-1.92286533063935E-18,0.0136,0.00124261746648254));
#3735=CARTESIAN_POINT('',(-0.00471335703396363,0.0136,0.0100150779890767));
#3736=CARTESIAN_POINT('',(-1.92286533063935E-18,0.0136,0.000421258512040791));
#3737=CARTESIAN_POINT('',(-1.92286533063935E-18,0.0136,0.0007));
#3738=CARTESIAN_POINT('',(-1.92286533063935E-18,0.0136,0.00655));
#3739=CARTESIAN_POINT('',(-1.96193187587869E-18,0.013280997449497,0.000699999999999987));
#3740=CARTESIAN_POINT('',(-0.00242314933988261,0.013337716199497,0.000699999999999987));
#3741=CARTESIAN_POINT('',(-0.00413657466994131,0.013394434949497,0.00241342533005869));
#3742=CARTESIAN_POINT('',(-0.00585000000000001,0.013451153699497,0.00412685066011739));
#3743=CARTESIAN_POINT('',(-0.00585000000000001,0.013507872449497,0.00655));
#3744=CARTESIAN_POINT('',(-0.00585000000000001,0.013564591199497,0.00897314933988261));
#3745=CARTESIAN_POINT('',(-0.00413657466994131,0.013621309949497,0.0106865746699413));
#3746=CARTESIAN_POINT('',(-0.00242314933988261,0.013678028699497,0.0124));
#3747=CARTESIAN_POINT('',(-2.62278190486858E-18,0.013734747449497,0.0124));
#3748=CARTESIAN_POINT('',(0.00242314933988261,0.013791466199497,0.0124));
#3749=CARTESIAN_POINT('',(0.00413657466994131,0.013848184949497,0.0106865746699413));
#3750=CARTESIAN_POINT('',(0.00585000000000001,0.013904903699497,0.00897314933988261));
#3751=CARTESIAN_POINT('',(0.00585000000000001,0.013961622449497,0.00655));
#3752=CARTESIAN_POINT('',(0.00585000000000001,0.014018341199497,0.00412685066011739));
#3753=CARTESIAN_POINT('',(0.00413657466994131,0.014075059949497,0.00241342533005869));
#3754=CARTESIAN_POINT('',(0.00242314933988262,0.014131778699497,0.000699999999999987));
#3755=CARTESIAN_POINT('',(-1.85079517885607E-18,0.014188497449497,0.000699999999999987));
#3756=CARTESIAN_POINT('',(-0.00242314933988261,0.014245216199497,0.000699999999999987));
#3757=CARTESIAN_POINT('',(-0.00413657466994131,0.014301934949497,0.00241342533005869));
#3758=CARTESIAN_POINT('',(-0.00585000000000001,0.014358653699497,0.00412685066011739));
#3759=CARTESIAN_POINT('',(-0.00585000000000001,0.014415372449497,0.00655));
#3760=CARTESIAN_POINT('',(-0.00585000000000001,0.014472091199497,0.00897314933988261));
#3761=CARTESIAN_POINT('',(-0.00413657466994131,0.014528809949497,0.0106865746699413));
#3762=CARTESIAN_POINT('',(-0.00242314933988261,0.014585528699497,0.0124));
#3763=CARTESIAN_POINT('',(-2.51164520784596E-18,0.014642247449497,0.0124));
#3764=CARTESIAN_POINT('',(0.00242314933988261,0.014698966199497,0.0124));
#3765=CARTESIAN_POINT('',(0.00413657466994131,0.014755684949497,0.0106865746699413));
#3766=CARTESIAN_POINT('',(0.00585000000000001,0.014812403699497,0.00897314933988261));
#3767=CARTESIAN_POINT('',(0.00585000000000001,0.014869122449497,0.00655));
#3768=CARTESIAN_POINT('',(0.00585000000000001,0.014925841199497,0.00412685066011739));
#3769=CARTESIAN_POINT('',(0.00413657466994131,0.014982559949497,0.00241342533005869));
#3770=CARTESIAN_POINT('',(0.00242314933988262,0.015039278699497,0.000699999999999987));
#3771=CARTESIAN_POINT('',(-1.73965848183345E-18,0.015095997449497,0.000699999999999987));
#3772=CARTESIAN_POINT('',(-0.00242314933988261,0.015152716199497,0.000699999999999987));
#3773=CARTESIAN_POINT('',(-0.00413657466994131,0.015209434949497,0.00241342533005869));
#3774=CARTESIAN_POINT('',(-0.00585000000000001,0.015266153699497,0.00412685066011739));
#3775=CARTESIAN_POINT('',(-0.00585000000000001,0.015322872449497,0.00655));
#3776=CARTESIAN_POINT('',(-0.00585000000000001,0.015379591199497,0.00897314933988261));
#3777=CARTESIAN_POINT('',(-0.00413657466994131,0.015436309949497,0.0106865746699413));
#3778=CARTESIAN_POINT('',(-0.00242314933988261,0.015493028699497,0.0124));
#3779=CARTESIAN_POINT('',(-2.40050851082334E-18,0.015549747449497,0.0124));
#3780=CARTESIAN_POINT('',(0.00242314933988261,0.015606466199497,0.0124));
#3781=CARTESIAN_POINT('',(0.00413657466994131,0.015663184949497,0.0106865746699413));
#3782=CARTESIAN_POINT('',(0.00585000000000001,0.015719903699497,0.00897314933988261));
#3783=CARTESIAN_POINT('',(0.00585000000000001,0.015776622449497,0.00655));
#3784=CARTESIAN_POINT('',(0.00585000000000001,0.015833341199497,0.00412685066011739));
#3785=CARTESIAN_POINT('',(0.00413657466994131,0.015890059949497,0.00241342533005869));
#3786=CARTESIAN_POINT('',(0.00242314933988262,0.015946778699497,0.000699999999999987));
#3787=CARTESIAN_POINT('',(-1.62852178481082E-18,0.016003497449497,0.000699999999999987));
#3788=CARTESIAN_POINT('',(-0.00242314933988261,0.016060216199497,0.000699999999999987));
#3789=CARTESIAN_POINT('',(-0.00413657466994131,0.016116934949497,0.00241342533005869));
#3790=CARTESIAN_POINT('',(-0.00585000000000001,0.016173653699497,0.00412685066011739));
#3791=CARTESIAN_POINT('',(-0.00585000000000001,0.016230372449497,0.00655));
#3792=CARTESIAN_POINT('',(-0.00585000000000001,0.016287091199497,0.00897314933988261));
#3793=CARTESIAN_POINT('',(-0.00413657466994131,0.016343809949497,0.0106865746699413));
#3794=CARTESIAN_POINT('',(-0.00242314933988261,0.016400528699497,0.0124));
#3795=CARTESIAN_POINT('',(-2.28937181380072E-18,0.016457247449497,0.0124));
#3796=CARTESIAN_POINT('',(0.00242314933988261,0.016513966199497,0.0124));
#3797=CARTESIAN_POINT('',(0.00413657466994131,0.016570684949497,0.0106865746699413));
#3798=CARTESIAN_POINT('',(0.00585000000000001,0.016627403699497,0.00897314933988261));
#3799=CARTESIAN_POINT('',(0.00585000000000001,0.016684122449497,0.00655));
#3800=CARTESIAN_POINT('',(0.00585000000000001,0.016740841199497,0.00412685066011739));
#3801=CARTESIAN_POINT('',(0.00413657466994131,0.016797559949497,0.00241342533005869));
#3802=CARTESIAN_POINT('',(0.00242314933988262,0.016854278699497,0.000699999999999987));
#3803=CARTESIAN_POINT('',(-1.5173850877882E-18,0.016910997449497,0.000699999999999987));
#3804=CARTESIAN_POINT('',(-0.00242314933988261,0.016967716199497,0.000699999999999987));
#3805=CARTESIAN_POINT('',(-0.00413657466994131,0.017024434949497,0.00241342533005869));
#3806=CARTESIAN_POINT('',(-0.00585000000000001,0.017081153699497,0.00412685066011739));
#3807=CARTESIAN_POINT('',(-0.00585000000000001,0.017137872449497,0.00655));
#3808=CARTESIAN_POINT('',(-0.00585000000000001,0.017194591199497,0.00897314933988261));
#3809=CARTESIAN_POINT('',(-0.00413657466994131,0.017251309949497,0.0106865746699413));
#3810=CARTESIAN_POINT('',(-0.00242314933988261,0.017308028699497,0.0124));
#3811=CARTESIAN_POINT('',(-2.1782351167781E-18,0.017364747449497,0.0124));
#3812=CARTESIAN_POINT('',(0.00242314933988261,0.017421466199497,0.0124));
#3813=CARTESIAN_POINT('',(0.00413657466994131,0.017478184949497,0.0106865746699413));
#3814=CARTESIAN_POINT('',(0.00585000000000001,0.017534903699497,0.00897314933988261));
#3815=CARTESIAN_POINT('',(0.00585000000000001,0.017591622449497,0.00655));
#3816=CARTESIAN_POINT('',(0.00585000000000001,0.017648341199497,0.00412685066011739));
#3817=CARTESIAN_POINT('',(0.00413657466994131,0.017705059949497,0.00241342533005869));
#3818=CARTESIAN_POINT('',(0.00242314933988262,0.017761778699497,0.000699999999999987));
#3819=CARTESIAN_POINT('',(-1.40624839076558E-18,0.017818497449497,0.000699999999999987));
#3820=CARTESIAN_POINT('',(-0.00242314933988261,0.017875216199497,0.000699999999999987));
#3821=CARTESIAN_POINT('',(-0.00413657466994131,0.017931934949497,0.00241342533005869));
#3822=CARTESIAN_POINT('',(-0.00585000000000001,0.017988653699497,0.00412685066011739));
#3823=CARTESIAN_POINT('',(-0.00585000000000001,0.018045372449497,0.00655));
#3824=CARTESIAN_POINT('',(-0.00585000000000001,0.018102091199497,0.00897314933988261));
#3825=CARTESIAN_POINT('',(-0.00413657466994131,0.018158809949497,0.0106865746699413));
#3826=CARTESIAN_POINT('',(-0.00242314933988261,0.018215528699497,0.0124));
#3827=CARTESIAN_POINT('',(-2.06709841975547E-18,0.018272247449497,0.0124));
#3828=CARTESIAN_POINT('',(0.00242314933988261,0.018328966199497,0.0124));
#3829=CARTESIAN_POINT('',(0.00413657466994131,0.018385684949497,0.0106865746699413));
#3830=CARTESIAN_POINT('',(0.00585000000000001,0.018442403699497,0.00897314933988261));
#3831=CARTESIAN_POINT('',(0.00585000000000001,0.018499122449497,0.00655));
#3832=CARTESIAN_POINT('',(0.00585000000000001,0.018555841199497,0.00412685066011739));
#3833=CARTESIAN_POINT('',(0.00413657466994131,0.018612559949497,0.00241342533005869));
#3834=CARTESIAN_POINT('',(0.00242314933988262,0.018669278699497,0.000699999999999987));
#3835=CARTESIAN_POINT('',(-1.29511169374296E-18,0.018725997449497,0.000699999999999987));
#3836=CARTESIAN_POINT('',(-0.00242314933988261,0.018782716199497,0.000699999999999987));
#3837=CARTESIAN_POINT('',(-0.00413657466994131,0.018839434949497,0.00241342533005869));
#3838=CARTESIAN_POINT('',(-0.00585000000000001,0.018896153699497,0.00412685066011739));
#3839=CARTESIAN_POINT('',(-0.00585000000000001,0.018952872449497,0.00655));
#3840=CARTESIAN_POINT('',(-0.00585000000000001,0.019009591199497,0.00897314933988261));
#3841=CARTESIAN_POINT('',(-0.00413657466994131,0.019066309949497,0.0106865746699413));
#3842=CARTESIAN_POINT('',(-0.00242314933988261,0.019123028699497,0.0124));
#3843=CARTESIAN_POINT('',(-1.95596172273285E-18,0.019179747449497,0.0124));
#3844=CARTESIAN_POINT('',(0.00242314933988261,0.019236466199497,0.0124));
#3845=CARTESIAN_POINT('',(0.00413657466994131,0.019293184949497,0.0106865746699413));
#3846=CARTESIAN_POINT('',(0.00585000000000001,0.019349903699497,0.00897314933988261));
#3847=CARTESIAN_POINT('',(0.00585000000000001,0.019406622449497,0.00655));
#3848=CARTESIAN_POINT('',(0.00585000000000001,0.019463341199497,0.00412685066011739));
#3849=CARTESIAN_POINT('',(0.00413657466994131,0.019520059949497,0.00241342533005869));
#3850=CARTESIAN_POINT('',(0.00242314933988262,0.019576778699497,0.000699999999999987));
#3851=CARTESIAN_POINT('',(-1.18397499672034E-18,0.019633497449497,0.000699999999999987));
#3852=CARTESIAN_POINT('',(-0.00242314933988261,0.019690216199497,0.000699999999999987));
#3853=CARTESIAN_POINT('',(-0.00413657466994131,0.019746934949497,0.00241342533005869));
#3854=CARTESIAN_POINT('',(-0.00585000000000001,0.019803653699497,0.00412685066011739));
#3855=CARTESIAN_POINT('',(-0.00585000000000001,0.019860372449497,0.00655));
#3856=CARTESIAN_POINT('',(-0.00585000000000001,0.019917091199497,0.00897314933988261));
#3857=CARTESIAN_POINT('',(-0.00413657466994131,0.019973809949497,0.0106865746699413));
#3858=CARTESIAN_POINT('',(-0.00242314933988261,0.020030528699497,0.0124));
#3859=CARTESIAN_POINT('',(-1.84482502571023E-18,0.020087247449497,0.0124));
#3860=CARTESIAN_POINT('',(0.00242314933988261,0.020143966199497,0.0124));
#3861=CARTESIAN_POINT('',(0.00413657466994131,0.020200684949497,0.0106865746699413));
#3862=CARTESIAN_POINT('',(0.00585000000000001,0.020257403699497,0.00897314933988261));
#3863=CARTESIAN_POINT('',(0.00585000000000001,0.020314122449497,0.00655));
#3864=CARTESIAN_POINT('',(0.00585000000000001,0.020370841199497,0.00412685066011739));
#3865=CARTESIAN_POINT('',(0.00413657466994131,0.020427559949497,0.00241342533005869));
#3866=CARTESIAN_POINT('',(0.00242314933988262,0.020484278699497,0.000699999999999987));
#3867=CARTESIAN_POINT('',(-1.07283829969771E-18,0.020540997449497,0.000699999999999987));
#3868=CARTESIAN_POINT('',(-0.00242314933988261,0.020597716199497,0.000699999999999987));
#3869=CARTESIAN_POINT('',(-0.00413657466994131,0.020654434949497,0.00241342533005869));
#3870=CARTESIAN_POINT('',(-0.00585000000000001,0.020711153699497,0.00412685066011739));
#3871=CARTESIAN_POINT('',(-0.00585000000000001,0.020767872449497,0.00655));
#3872=CARTESIAN_POINT('',(-0.00585000000000001,0.0208093536176529,0.00832216643939628));
#3873=CARTESIAN_POINT('',(-0.00486655001380155,0.0208533963925873,0.00979641201377278));
#3874=CARTESIAN_POINT('',(-1.92233504148315E-18,0.0136043301395682,0.00124998295418251));
#3875=CARTESIAN_POINT('',(-0.00219533894118619,0.0136610488895682,0.00124998295418252));
#3876=CARTESIAN_POINT('',(-0.00374767799350184,0.0137177676395682,0.00280232200649816));
#3877=CARTESIAN_POINT('',(-0.00530001704581748,0.0137744863895682,0.00435466105881381));
#3878=CARTESIAN_POINT('',(-0.00530001704581749,0.0138312051395682,0.00655));
#3879=CARTESIAN_POINT('',(-0.00530001704581748,0.0138879238895682,0.00874533894118619));
#3880=CARTESIAN_POINT('',(-0.00374767799350184,0.0139446426395682,0.0102976779935018));
#3881=CARTESIAN_POINT('',(-0.00219533894118619,0.0140013613895682,0.0118500170458175));
#3882=CARTESIAN_POINT('',(-2.51583158403052E-18,0.0140580801395682,0.0118500170458175));
#3883=CARTESIAN_POINT('',(0.00219533894118619,0.0141147988895682,0.0118500170458175));
#3884=CARTESIAN_POINT('',(0.00374767799350184,0.0141715176395682,0.0102976779935018));
#3885=CARTESIAN_POINT('',(0.00530001704581748,0.0142282363895682,0.0087453389411862));
#3886=CARTESIAN_POINT('',(0.00530001704581749,0.0142849551395682,0.00655));
#3887=CARTESIAN_POINT('',(0.00530001704581748,0.0143416738895682,0.00435466105881381));
#3888=CARTESIAN_POINT('',(0.00374767799350184,0.0143983926395682,0.00280232200649816));
#3889=CARTESIAN_POINT('',(0.00219533894118619,0.0144551113895681,0.00124998295418252));
#3890=CARTESIAN_POINT('',(-1.81119834446053E-18,0.0145118301395682,0.00124998295418251));
#3891=CARTESIAN_POINT('',(-0.00219533894118619,0.0145685488895682,0.00124998295418252));
#3892=CARTESIAN_POINT('',(-0.00374767799350184,0.0146252676395682,0.00280232200649816));
#3893=CARTESIAN_POINT('',(-0.00530001704581748,0.0146819863895681,0.00435466105881381));
#3894=CARTESIAN_POINT('',(-0.00530001704581749,0.0147387051395682,0.00655));
#3895=CARTESIAN_POINT('',(-0.00530001704581748,0.0147954238895682,0.00874533894118619));
#3896=CARTESIAN_POINT('',(-0.00374767799350184,0.0148521426395682,0.0102976779935018));
#3897=CARTESIAN_POINT('',(-0.00219533894118619,0.0149088613895682,0.0118500170458175));
#3898=CARTESIAN_POINT('',(-2.40469488700791E-18,0.0149655801395682,0.0118500170458175));
#3899=CARTESIAN_POINT('',(0.00219533894118619,0.0150222988895682,0.0118500170458175));
#3900=CARTESIAN_POINT('',(0.00374767799350184,0.0150790176395682,0.0102976779935018));
#3901=CARTESIAN_POINT('',(0.00530001704581748,0.0151357363895682,0.0087453389411862));
#3902=CARTESIAN_POINT('',(0.00530001704581749,0.0151924551395681,0.00655));
#3903=CARTESIAN_POINT('',(0.00530001704581748,0.0152491738895681,0.00435466105881381));
#3904=CARTESIAN_POINT('',(0.00374767799350184,0.0153058926395681,0.00280232200649816));
#3905=CARTESIAN_POINT('',(0.00219533894118619,0.0153626113895682,0.00124998295418252));
#3906=CARTESIAN_POINT('',(-1.70006164743791E-18,0.0154193301395682,0.00124998295418251));
#3907=CARTESIAN_POINT('',(-0.00219533894118619,0.0154760488895681,0.00124998295418252));
#3908=CARTESIAN_POINT('',(-0.00374767799350184,0.0155327676395681,0.00280232200649816));
#3909=CARTESIAN_POINT('',(-0.00530001704581748,0.0155894863895682,0.00435466105881381));
#3910=CARTESIAN_POINT('',(-0.00530001704581749,0.0156462051395681,0.00655));
#3911=CARTESIAN_POINT('',(-0.00530001704581748,0.0157029238895681,0.00874533894118619));
#3912=CARTESIAN_POINT('',(-0.00374767799350184,0.0157596426395681,0.0102976779935018));
#3913=CARTESIAN_POINT('',(-0.00219533894118619,0.0158163613895682,0.0118500170458175));
#3914=CARTESIAN_POINT('',(-2.29355818998528E-18,0.0158730801395681,0.0118500170458175));
#3915=CARTESIAN_POINT('',(0.00219533894118619,0.0159297988895682,0.0118500170458175));
#3916=CARTESIAN_POINT('',(0.00374767799350184,0.0159865176395681,0.0102976779935018));
#3917=CARTESIAN_POINT('',(0.00530001704581748,0.0160432363895682,0.0087453389411862));
#3918=CARTESIAN_POINT('',(0.00530001704581749,0.0160999551395681,0.00655));
#3919=CARTESIAN_POINT('',(0.00530001704581748,0.0161566738895682,0.00435466105881381));
#3920=CARTESIAN_POINT('',(0.00374767799350184,0.0162133926395681,0.00280232200649816));
#3921=CARTESIAN_POINT('',(0.00219533894118619,0.0162701113895682,0.00124998295418252));
#3922=CARTESIAN_POINT('',(-1.58892495041529E-18,0.0163268301395681,0.00124998295418251));
#3923=CARTESIAN_POINT('',(-0.00219533894118619,0.0163835488895682,0.00124998295418252));
#3924=CARTESIAN_POINT('',(-0.00374767799350184,0.0164402676395681,0.00280232200649816));
#3925=CARTESIAN_POINT('',(-0.00530001704581748,0.0164969863895682,0.00435466105881381));
#3926=CARTESIAN_POINT('',(-0.00530001704581749,0.0165537051395681,0.00655));
#3927=CARTESIAN_POINT('',(-0.00530001704581748,0.0166104238895682,0.00874533894118619));
#3928=CARTESIAN_POINT('',(-0.00374767799350184,0.0166671426395681,0.0102976779935018));
#3929=CARTESIAN_POINT('',(-0.00219533894118619,0.0167238613895682,0.0118500170458175));
#3930=CARTESIAN_POINT('',(-2.18242149296266E-18,0.0167805801395681,0.0118500170458175));
#3931=CARTESIAN_POINT('',(0.00219533894118619,0.0168372988895682,0.0118500170458175));
#3932=CARTESIAN_POINT('',(0.00374767799350184,0.0168940176395681,0.0102976779935018));
#3933=CARTESIAN_POINT('',(0.00530001704581748,0.0169507363895682,0.0087453389411862));
#3934=CARTESIAN_POINT('',(0.00530001704581749,0.0170074551395681,0.00655));
#3935=CARTESIAN_POINT('',(0.00530001704581748,0.0170641738895682,0.00435466105881381));
#3936=CARTESIAN_POINT('',(0.00374767799350184,0.0171208926395681,0.00280232200649816));
#3937=CARTESIAN_POINT('',(0.00219533894118619,0.0171776113895682,0.00124998295418252));
#3938=CARTESIAN_POINT('',(-1.47778825339267E-18,0.0172343301395681,0.00124998295418251));
#3939=CARTESIAN_POINT('',(-0.00219533894118619,0.0172910488895682,0.00124998295418252));
#3940=CARTESIAN_POINT('',(-0.00374767799350184,0.0173477676395681,0.00280232200649816));
#3941=CARTESIAN_POINT('',(-0.00530001704581748,0.0174044863895682,0.00435466105881381));
#3942=CARTESIAN_POINT('',(-0.00530001704581749,0.0174612051395681,0.00655));
#3943=CARTESIAN_POINT('',(-0.00530001704581748,0.0175179238895682,0.00874533894118619));
#3944=CARTESIAN_POINT('',(-0.00374767799350184,0.0175746426395681,0.0102976779935018));
#3945=CARTESIAN_POINT('',(-0.00219533894118619,0.0176313613895682,0.0118500170458175));
#3946=CARTESIAN_POINT('',(-2.07128479594003E-18,0.0176880801395681,0.0118500170458175));
#3947=CARTESIAN_POINT('',(0.00219533894118619,0.0177447988895682,0.0118500170458175));
#3948=CARTESIAN_POINT('',(0.00374767799350184,0.0178015176395681,0.0102976779935018));
#3949=CARTESIAN_POINT('',(0.00530001704581748,0.0178582363895682,0.0087453389411862));
#3950=CARTESIAN_POINT('',(0.00530001704581749,0.0179149551395681,0.00655));
#3951=CARTESIAN_POINT('',(0.00530001704581748,0.0179716738895682,0.00435466105881381));
#3952=CARTESIAN_POINT('',(0.00374767799350184,0.0180283926395681,0.00280232200649816));
#3953=CARTESIAN_POINT('',(0.00219533894118619,0.0180851113895682,0.00124998295418252));
#3954=CARTESIAN_POINT('',(-1.36665155637005E-18,0.0181418301395681,0.00124998295418251));
#3955=CARTESIAN_POINT('',(-0.00219533894118619,0.0181985488895682,0.00124998295418252));
#3956=CARTESIAN_POINT('',(-0.00374767799350184,0.0182552676395681,0.00280232200649816));
#3957=CARTESIAN_POINT('',(-0.00530001704581748,0.0183119863895682,0.00435466105881381));
#3958=CARTESIAN_POINT('',(-0.00530001704581749,0.0183687051395681,0.00655));
#3959=CARTESIAN_POINT('',(-0.00530001704581748,0.0184254238895681,0.00874533894118619));
#3960=CARTESIAN_POINT('',(-0.00374767799350184,0.0184821426395681,0.0102976779935018));
#3961=CARTESIAN_POINT('',(-0.00219533894118619,0.0185388613895681,0.0118500170458175));
#3962=CARTESIAN_POINT('',(-1.96014809891742E-18,0.0185955801395681,0.0118500170458175));
#3963=CARTESIAN_POINT('',(0.00219533894118619,0.0186522988895681,0.0118500170458175));
#3964=CARTESIAN_POINT('',(0.00374767799350184,0.0187090176395681,0.0102976779935018));
#3965=CARTESIAN_POINT('',(0.00530001704581748,0.0187657363895681,0.0087453389411862));
#3966=CARTESIAN_POINT('',(0.00530001704581749,0.0188224551395681,0.00655));
#3967=CARTESIAN_POINT('',(0.00530001704581748,0.0188791738895681,0.00435466105881381));
#3968=CARTESIAN_POINT('',(0.00374767799350184,0.0189358926395681,0.00280232200649816));
#3969=CARTESIAN_POINT('',(0.00219533894118619,0.0189926113895681,0.00124998295418252));
#3970=CARTESIAN_POINT('',(-1.25551485934742E-18,0.0190493301395681,0.00124998295418251));
#3971=CARTESIAN_POINT('',(-0.00219533894118619,0.0191060488895681,0.00124998295418252));
#3972=CARTESIAN_POINT('',(-0.00374767799350184,0.0191627676395681,0.00280232200649816));
#3973=CARTESIAN_POINT('',(-0.00530001704581748,0.0192194863895681,0.00435466105881381));
#3974=CARTESIAN_POINT('',(-0.00530001704581749,0.0192762051395681,0.00655));
#3975=CARTESIAN_POINT('',(-0.00530001704581748,0.0193329238895681,0.00874533894118619));
#3976=CARTESIAN_POINT('',(-0.00374767799350184,0.0193896426395681,0.0102976779935018));
#3977=CARTESIAN_POINT('',(-0.00219533894118619,0.0194463613895681,0.0118500170458175));
#3978=CARTESIAN_POINT('',(-1.8490114018948E-18,0.0195030801395681,0.0118500170458175));
#3979=CARTESIAN_POINT('',(0.00219533894118619,0.0195597988895681,0.0118500170458175));
#3980=CARTESIAN_POINT('',(0.00374767799350184,0.0196165176395681,0.0102976779935018));
#3981=CARTESIAN_POINT('',(0.00530001704581748,0.0196732363895681,0.0087453389411862));
#3982=CARTESIAN_POINT('',(0.00530001704581749,0.0197299551395681,0.00655));
#3983=CARTESIAN_POINT('',(0.00530001704581748,0.0197866738895681,0.00435466105881381));
#3984=CARTESIAN_POINT('',(0.00374767799350184,0.0198433926395681,0.00280232200649816));
#3985=CARTESIAN_POINT('',(0.00219533894118619,0.0199001113895681,0.00124998295418252));
#3986=CARTESIAN_POINT('',(-1.1443781623248E-18,0.0199568301395681,0.00124998295418251));
#3987=CARTESIAN_POINT('',(-0.00219533894118619,0.0200135488895681,0.00124998295418252));
#3988=CARTESIAN_POINT('',(-0.00374767799350184,0.0200702676395681,0.00280232200649816));
#3989=CARTESIAN_POINT('',(-0.00530001704581748,0.0201269863895681,0.00435466105881381));
#3990=CARTESIAN_POINT('',(-0.00530001704581749,0.0201837051395681,0.00655));
#3991=CARTESIAN_POINT('',(-0.00530001704581748,0.0202404238895681,0.00874533894118619));
#3992=CARTESIAN_POINT('',(-0.00374767799350184,0.0202971426395681,0.0102976779935018));
#3993=CARTESIAN_POINT('',(-0.00219533894118619,0.0203538613895681,0.0118500170458175));
#3994=CARTESIAN_POINT('',(-1.73787470487217E-18,0.0204105801395681,0.0118500170458175));
#3995=CARTESIAN_POINT('',(0.00219533894118619,0.0204672988895681,0.0118500170458175));
#3996=CARTESIAN_POINT('',(0.00374767799350184,0.0205240176395681,0.0102976779935018));
#3997=CARTESIAN_POINT('',(0.00530001704581748,0.0205807363895681,0.0087453389411862));
#3998=CARTESIAN_POINT('',(0.00530001704581749,0.0206374551395681,0.00655));
#3999=CARTESIAN_POINT('',(0.00530001704581748,0.0206941738895681,0.00435466105881381));
#4000=CARTESIAN_POINT('',(0.00374767799350184,0.0207508926395681,0.00280232200649816));
#4001=CARTESIAN_POINT('',(0.00219533894118619,0.0208076113895681,0.00124998295418252));
#4002=CARTESIAN_POINT('',(-1.03324146530218E-18,0.0208643301395681,0.00124998295418251));
#4003=CARTESIAN_POINT('',(-0.00219533894118619,0.0209210488895681,0.00124998295418252));
#4004=CARTESIAN_POINT('',(-0.00374767799350184,0.0209777676395681,0.00280232200649816));
#4005=CARTESIAN_POINT('',(-0.00530001704581748,0.0210344863895682,0.00435466105881381));
#4006=CARTESIAN_POINT('',(-0.00530001704581749,0.0210912051395681,0.00655));
#4007=CARTESIAN_POINT('',(-0.00530001704581748,0.021132686307724,0.00815555766441469));
#4008=CARTESIAN_POINT('',(-0.00440902530384128,0.0211767290826584,0.00949120324969956));
#4009=CARTESIAN_POINT('',(-1.98146030551013E-18,0.0131215357202455,0.0004287585337767));
#4010=CARTESIAN_POINT('',(-1.92233504148315E-18,0.0136043301395682,0.00124998295418251));
#4011=CARTESIAN_POINT('',(-0.00471335703396362,0.0135999999999999,0.010015077989077));
#4012=CARTESIAN_POINT('',(-0.00445044106506907,0.0136109201710302,0.0103727082748135));
#4013=CARTESIAN_POINT('',(-0.0041365746699413,0.013621309949497,0.0106865746699413));
#4014=CARTESIAN_POINT('',(-0.00242314933988261,0.013678028699497,0.0124));
#4015=CARTESIAN_POINT('',(-2.62278190486858E-18,0.013734747449497,0.0124));
#4016=CARTESIAN_POINT('',(0.00242314933988261,0.013791466199497,0.0124));
#4017=CARTESIAN_POINT('',(0.0041365746699413,0.013848184949497,0.0106865746699413));
#4018=CARTESIAN_POINT('',(0.00585,0.013904903699497,0.00897314933988261));
#4019=CARTESIAN_POINT('',(0.00585,0.013961622449497,0.00655));
#4020=CARTESIAN_POINT('',(0.00585,0.013961622449497,0.00655));
#4021=CARTESIAN_POINT('',(0.00585,0.013961622449497,0.00655));
#4022=CARTESIAN_POINT('',(0.00585,0.014018341199497,0.0041268506601174));
#4023=CARTESIAN_POINT('',(0.0041365746699413,0.014075059949497,0.0024134253300587));
#4024=CARTESIAN_POINT('',(0.00242314933988261,0.014131778699497,0.000699999999999999));
#4025=CARTESIAN_POINT('',(-1.85079517885607E-18,0.014188497449497,0.0007));
#4026=CARTESIAN_POINT('',(-0.00242314933988261,0.014245216199497,0.000699999999999999));
#4027=CARTESIAN_POINT('',(-0.0041365746699413,0.014301934949497,0.0024134253300587));
#4028=CARTESIAN_POINT('',(-0.00585,0.014358653699497,0.0041268506601174));
#4029=CARTESIAN_POINT('',(-0.00585,0.014415372449497,0.00655));
#4030=CARTESIAN_POINT('',(-0.00585,0.014415372449497,0.00655));
#4031=CARTESIAN_POINT('',(-0.00585,0.014415372449497,0.00655));
#4032=CARTESIAN_POINT('',(-0.00585,0.014472091199497,0.00897314933988261));
#4033=CARTESIAN_POINT('',(-0.0041365746699413,0.014528809949497,0.0106865746699413));
#4034=CARTESIAN_POINT('',(-0.00242314933988261,0.014585528699497,0.0124));
#4035=CARTESIAN_POINT('',(-2.51164520784596E-18,0.014642247449497,0.0124));
#4036=CARTESIAN_POINT('',(0.00242314933988261,0.014698966199497,0.0124));
#4037=CARTESIAN_POINT('',(0.0041365746699413,0.014755684949497,0.0106865746699413));
#4038=CARTESIAN_POINT('',(0.00585,0.014812403699497,0.00897314933988261));
#4039=CARTESIAN_POINT('',(0.00585,0.014869122449497,0.00655));
#4040=CARTESIAN_POINT('',(0.00585,0.014869122449497,0.00655));
#4041=CARTESIAN_POINT('',(0.00585,0.014869122449497,0.00655));
#4042=CARTESIAN_POINT('',(0.00585,0.014925841199497,0.0041268506601174));
#4043=CARTESIAN_POINT('',(0.0041365746699413,0.014982559949497,0.0024134253300587));
#4044=CARTESIAN_POINT('',(0.00242314933988261,0.015039278699497,0.000699999999999999));
#4045=CARTESIAN_POINT('',(-1.73965848183345E-18,0.015095997449497,0.0007));
#4046=CARTESIAN_POINT('',(-0.00242314933988261,0.015152716199497,0.000699999999999999));
#4047=CARTESIAN_POINT('',(-0.0041365746699413,0.015209434949497,0.0024134253300587));
#4048=CARTESIAN_POINT('',(-0.00585,0.015266153699497,0.0041268506601174));
#4049=CARTESIAN_POINT('',(-0.00585,0.015322872449497,0.00655));
#4050=CARTESIAN_POINT('',(-0.00585,0.015322872449497,0.00655));
#4051=CARTESIAN_POINT('',(-0.00585,0.015322872449497,0.00655));
#4052=CARTESIAN_POINT('',(-0.00585,0.015379591199497,0.00897314933988261));
#4053=CARTESIAN_POINT('',(-0.0041365746699413,0.015436309949497,0.0106865746699413));
#4054=CARTESIAN_POINT('',(-0.00242314933988261,0.015493028699497,0.0124));
#4055=CARTESIAN_POINT('',(-2.40050851082334E-18,0.015549747449497,0.0124));
#4056=CARTESIAN_POINT('',(0.00242314933988261,0.015606466199497,0.0124));
#4057=CARTESIAN_POINT('',(0.0041365746699413,0.015663184949497,0.0106865746699413));
#4058=CARTESIAN_POINT('',(0.00585,0.015719903699497,0.00897314933988261));
#4059=CARTESIAN_POINT('',(0.00585,0.015776622449497,0.00655));
#4060=CARTESIAN_POINT('',(0.00585,0.015776622449497,0.00655));
#4061=CARTESIAN_POINT('',(0.00585,0.015776622449497,0.00655));
#4062=CARTESIAN_POINT('',(0.00585,0.015833341199497,0.0041268506601174));
#4063=CARTESIAN_POINT('',(0.0041365746699413,0.015890059949497,0.0024134253300587));
#4064=CARTESIAN_POINT('',(0.00242314933988261,0.015946778699497,0.000699999999999999));
#4065=CARTESIAN_POINT('',(-1.62852178481082E-18,0.016003497449497,0.0007));
#4066=CARTESIAN_POINT('',(-0.00242314933988261,0.016060216199497,0.000699999999999999));
#4067=CARTESIAN_POINT('',(-0.0041365746699413,0.016116934949497,0.0024134253300587));
#4068=CARTESIAN_POINT('',(-0.00585,0.016173653699497,0.0041268506601174));
#4069=CARTESIAN_POINT('',(-0.00585,0.016230372449497,0.00655));
#4070=CARTESIAN_POINT('',(-0.00585,0.016230372449497,0.00655));
#4071=CARTESIAN_POINT('',(-0.00585,0.016230372449497,0.00655));
#4072=CARTESIAN_POINT('',(-0.00585,0.016287091199497,0.00897314933988261));
#4073=CARTESIAN_POINT('',(-0.0041365746699413,0.016343809949497,0.0106865746699413));
#4074=CARTESIAN_POINT('',(-0.00242314933988261,0.016400528699497,0.0124));
#4075=CARTESIAN_POINT('',(-2.28937181380071E-18,0.016457247449497,0.0124));
#4076=CARTESIAN_POINT('',(0.00242314933988261,0.016513966199497,0.0124));
#4077=CARTESIAN_POINT('',(0.0041365746699413,0.016570684949497,0.0106865746699413));
#4078=CARTESIAN_POINT('',(0.00585,0.016627403699497,0.00897314933988261));
#4079=CARTESIAN_POINT('',(0.00585,0.016684122449497,0.00655));
#4080=CARTESIAN_POINT('',(0.00585,0.016684122449497,0.00655));
#4081=CARTESIAN_POINT('',(0.00585,0.016684122449497,0.00655));
#4082=CARTESIAN_POINT('',(0.00585,0.016740841199497,0.0041268506601174));
#4083=CARTESIAN_POINT('',(0.0041365746699413,0.016797559949497,0.0024134253300587));
#4084=CARTESIAN_POINT('',(0.00242314933988261,0.016854278699497,0.000699999999999999));
#4085=CARTESIAN_POINT('',(-1.5173850877882E-18,0.016910997449497,0.0007));
#4086=CARTESIAN_POINT('',(-0.00242314933988261,0.016967716199497,0.000699999999999999));
#4087=CARTESIAN_POINT('',(-0.0041365746699413,0.017024434949497,0.0024134253300587));
#4088=CARTESIAN_POINT('',(-0.00585,0.017081153699497,0.0041268506601174));
#4089=CARTESIAN_POINT('',(-0.00585,0.017137872449497,0.00655));
#4090=CARTESIAN_POINT('',(-0.00585,0.017137872449497,0.00655));
#4091=CARTESIAN_POINT('',(-0.00585,0.017137872449497,0.00655));
#4092=CARTESIAN_POINT('',(-0.00585,0.017194591199497,0.00897314933988261));
#4093=CARTESIAN_POINT('',(-0.0041365746699413,0.017251309949497,0.0106865746699413));
#4094=CARTESIAN_POINT('',(-0.00242314933988261,0.017308028699497,0.0124));
#4095=CARTESIAN_POINT('',(-2.17823511677809E-18,0.017364747449497,0.0124));
#4096=CARTESIAN_POINT('',(0.00242314933988261,0.017421466199497,0.0124));
#4097=CARTESIAN_POINT('',(0.0041365746699413,0.017478184949497,0.0106865746699413));
#4098=CARTESIAN_POINT('',(0.00585,0.017534903699497,0.00897314933988261));
#4099=CARTESIAN_POINT('',(0.00585,0.017591622449497,0.00655));
#4100=CARTESIAN_POINT('',(0.00585,0.017591622449497,0.00655));
#4101=CARTESIAN_POINT('',(0.00585,0.017591622449497,0.00655));
#4102=CARTESIAN_POINT('',(0.00585,0.017648341199497,0.0041268506601174));
#4103=CARTESIAN_POINT('',(0.0041365746699413,0.017705059949497,0.0024134253300587));
#4104=CARTESIAN_POINT('',(0.00242314933988261,0.017761778699497,0.000699999999999999));
#4105=CARTESIAN_POINT('',(-1.40624839076558E-18,0.017818497449497,0.0007));
#4106=CARTESIAN_POINT('',(-0.00242314933988261,0.017875216199497,0.000699999999999999));
#4107=CARTESIAN_POINT('',(-0.0041365746699413,0.017931934949497,0.0024134253300587));
#4108=CARTESIAN_POINT('',(-0.00585,0.017988653699497,0.0041268506601174));
#4109=CARTESIAN_POINT('',(-0.00585,0.018045372449497,0.00655));
#4110=CARTESIAN_POINT('',(-0.00585,0.018045372449497,0.00655));
#4111=CARTESIAN_POINT('',(-0.00585,0.018045372449497,0.00655));
#4112=CARTESIAN_POINT('',(-0.00585,0.018102091199497,0.00897314933988261));
#4113=CARTESIAN_POINT('',(-0.0041365746699413,0.018158809949497,0.0106865746699413));
#4114=CARTESIAN_POINT('',(-0.00242314933988261,0.018215528699497,0.0124));
#4115=CARTESIAN_POINT('',(-2.06709841975547E-18,0.018272247449497,0.0124));
#4116=CARTESIAN_POINT('',(0.00242314933988261,0.018328966199497,0.0124));
#4117=CARTESIAN_POINT('',(0.0041365746699413,0.018385684949497,0.0106865746699413));
#4118=CARTESIAN_POINT('',(0.00585,0.018442403699497,0.00897314933988261));
#4119=CARTESIAN_POINT('',(0.00585,0.018499122449497,0.00655));
#4120=CARTESIAN_POINT('',(0.00585,0.018499122449497,0.00655));
#4121=CARTESIAN_POINT('',(0.00585,0.018499122449497,0.00655));
#4122=CARTESIAN_POINT('',(0.00585,0.018555841199497,0.0041268506601174));
#4123=CARTESIAN_POINT('',(0.0041365746699413,0.018612559949497,0.0024134253300587));
#4124=CARTESIAN_POINT('',(0.00242314933988261,0.018669278699497,0.000699999999999999));
#4125=CARTESIAN_POINT('',(-1.29511169374296E-18,0.018725997449497,0.0007));
#4126=CARTESIAN_POINT('',(-0.00242314933988261,0.018782716199497,0.000699999999999999));
#4127=CARTESIAN_POINT('',(-0.0041365746699413,0.018839434949497,0.0024134253300587));
#4128=CARTESIAN_POINT('',(-0.00585,0.018896153699497,0.0041268506601174));
#4129=CARTESIAN_POINT('',(-0.00585,0.018952872449497,0.00655));
#4130=CARTESIAN_POINT('',(-0.00585,0.018952872449497,0.00655));
#4131=CARTESIAN_POINT('',(-0.00585,0.018952872449497,0.00655));
#4132=CARTESIAN_POINT('',(-0.00585,0.019009591199497,0.00897314933988261));
#4133=CARTESIAN_POINT('',(-0.0041365746699413,0.019066309949497,0.0106865746699413));
#4134=CARTESIAN_POINT('',(-0.00242314933988261,0.019123028699497,0.0124));
#4135=CARTESIAN_POINT('',(-1.95596172273285E-18,0.019179747449497,0.0124));
#4136=CARTESIAN_POINT('',(0.00242314933988261,0.019236466199497,0.0124));
#4137=CARTESIAN_POINT('',(0.0041365746699413,0.019293184949497,0.0106865746699413));
#4138=CARTESIAN_POINT('',(0.00585,0.019349903699497,0.00897314933988261));
#4139=CARTESIAN_POINT('',(0.00585,0.019406622449497,0.00655));
#4140=CARTESIAN_POINT('',(0.00585,0.019406622449497,0.00655));
#4141=CARTESIAN_POINT('',(0.00585,0.019406622449497,0.00655));
#4142=CARTESIAN_POINT('',(0.00585,0.019463341199497,0.0041268506601174));
#4143=CARTESIAN_POINT('',(0.0041365746699413,0.019520059949497,0.0024134253300587));
#4144=CARTESIAN_POINT('',(0.00242314933988261,0.019576778699497,0.000699999999999999));
#4145=CARTESIAN_POINT('',(-1.18397499672033E-18,0.019633497449497,0.0007));
#4146=CARTESIAN_POINT('',(-0.00242314933988261,0.019690216199497,0.000699999999999999));
#4147=CARTESIAN_POINT('',(-0.0041365746699413,0.019746934949497,0.0024134253300587));
#4148=CARTESIAN_POINT('',(-0.00585,0.019803653699497,0.0041268506601174));
#4149=CARTESIAN_POINT('',(-0.00585,0.019860372449497,0.00655));
#4150=CARTESIAN_POINT('',(-0.00585,0.019860372449497,0.00655));
#4151=CARTESIAN_POINT('',(-0.00585,0.019860372449497,0.00655));
#4152=CARTESIAN_POINT('',(-0.00585,0.019917091199497,0.00897314933988261));
#4153=CARTESIAN_POINT('',(-0.0041365746699413,0.019973809949497,0.0106865746699413));
#4154=CARTESIAN_POINT('',(-0.00242314933988261,0.020030528699497,0.0124));
#4155=CARTESIAN_POINT('',(-1.84482502571023E-18,0.020087247449497,0.0124));
#4156=CARTESIAN_POINT('',(0.00242314933988261,0.020143966199497,0.0124));
#4157=CARTESIAN_POINT('',(0.0041365746699413,0.020200684949497,0.0106865746699413));
#4158=CARTESIAN_POINT('',(0.00585,0.020257403699497,0.00897314933988261));
#4159=CARTESIAN_POINT('',(0.00585,0.020314122449497,0.00655));
#4160=CARTESIAN_POINT('',(0.00585,0.020314122449497,0.00655));
#4161=CARTESIAN_POINT('',(0.00585,0.020314122449497,0.00655));
#4162=CARTESIAN_POINT('',(0.00585,0.020370841199497,0.0041268506601174));
#4163=CARTESIAN_POINT('',(0.0041365746699413,0.020427559949497,0.0024134253300587));
#4164=CARTESIAN_POINT('',(0.00242314933988261,0.020484278699497,0.000699999999999999));
#4165=CARTESIAN_POINT('',(-1.07283829969771E-18,0.020540997449497,0.0007));
#4166=CARTESIAN_POINT('',(-0.00242314933988261,0.020597716199497,0.000699999999999999));
#4167=CARTESIAN_POINT('',(-0.0041365746699413,0.020654434949497,0.0024134253300587));
#4168=CARTESIAN_POINT('',(-0.00531329594760562,0.0206933874260343,0.00359014660772301));
#4169=CARTESIAN_POINT('',(-0.00569447138858698,0.020735,0.00521003895408697));
#4170=CARTESIAN_POINT('',(-0.00569447138858697,0.020735,0.00521003895408698));
#4171=CARTESIAN_POINT('',(-0.0058447088912833,0.0207709830702932,0.00655000000000002));
#4172=CARTESIAN_POINT('',(-0.00584798562979237,0.0207600819790091,0.00616692748789037));
#4173=CARTESIAN_POINT('',(-0.00581309567480264,0.020747950104738,0.00571416002977568));
#4174=CARTESIAN_POINT('',(-0.00569447138858697,0.020735,0.00521003895408696));
#4175=CARTESIAN_POINT('',(-0.0058447088912833,0.0207709830702932,0.00655));
#4176=CARTESIAN_POINT('',(-0.00567453805666479,0.02086,0.00730844765373957));
#4177=CARTESIAN_POINT('',(-0.0056614769693286,0.02086,0.00745263432541576));
#4178=CARTESIAN_POINT('',(-0.00563743457543609,0.020859202932102,0.00764088193661726));
#4179=CARTESIAN_POINT('',(-0.00560978624328047,0.0208573077927476,0.00782252713815285));
#4180=CARTESIAN_POINT('',(-0.00559300530399031,0.0208546604126412,0.00793038992753144));
#4181=CARTESIAN_POINT('',(-0.00558814684058149,0.0208544067322337,0.00795812271349077));
#4182=CARTESIAN_POINT('',(-0.00556998588616369,0.0208481603226066,0.00809126715413941));
#4183=CARTESIAN_POINT('',(-0.00557829821184983,0.0208406718093805,0.00811103264358573));
#4184=CARTESIAN_POINT('',(-0.00563295135906264,0.0208257363122651,0.00798482673144892));
#4185=CARTESIAN_POINT('',(-0.00566476716586667,0.0208200026302645,0.00787086334709543));
#4186=CARTESIAN_POINT('',(-0.00569780910588715,0.0208135169748938,0.00775254721339631));
#4187=CARTESIAN_POINT('',(-0.00573857372212174,0.0208054290714284,0.00757267812716984));
#4188=CARTESIAN_POINT('',(-0.00576373162122943,0.0207999367475835,0.00744246360245591));
#4189=CARTESIAN_POINT('',(-0.00581293398445938,0.0207888504114742,0.00714634064830701));
#4190=CARTESIAN_POINT('',(-0.00584246683447953,0.0207784419706034,0.00681211134325585));
#4191=CARTESIAN_POINT('',(-0.0058447088912833,0.0207709830702932,0.00655));
#4192=CARTESIAN_POINT('',(-0.00567453805666478,0.02086,0.00730844765373957));
#4193=CARTESIAN_POINT('',(0.000166517299929833,0.02086,0.00125259944172805));
#4194=CARTESIAN_POINT('',(-0.000635530126596932,0.02086,0.00119161425206824));
#4195=CARTESIAN_POINT('',(-0.00224941267870886,0.02086,0.00143389710012917));
#4196=CARTESIAN_POINT('',(-0.00428207630372368,0.02086,0.00280062008174611));
#4197=CARTESIAN_POINT('',(-0.00555404495792059,0.02086,0.00489504523823642));
#4198=CARTESIAN_POINT('',(-0.00574706038700883,0.02086,0.00650784406190519));
#4199=CARTESIAN_POINT('',(-0.00567453805666478,0.02086,0.00730844765373957));
#4200=CARTESIAN_POINT('',(0.000166517299929832,0.02086,0.00125259944172805));
#4201=CARTESIAN_POINT('',(-1.92233504148315E-18,0.0136043301395682,0.00124998295418251));
#4202=CARTESIAN_POINT('',(-0.00219533894118619,0.0136610488895682,0.00124998295418252));
#4203=CARTESIAN_POINT('',(-0.00374767799350184,0.0137177676395682,0.00280232200649816));
#4204=CARTESIAN_POINT('',(-0.00530001704581748,0.0137744863895682,0.00435466105881381));
#4205=CARTESIAN_POINT('',(-0.00530001704581749,0.0138312051395682,0.00655));
#4206=CARTESIAN_POINT('',(-0.00530001704581748,0.0138879238895682,0.00874533894118619));
#4207=CARTESIAN_POINT('',(-0.00374767799350184,0.0139446426395682,0.0102976779935018));
#4208=CARTESIAN_POINT('',(-0.00219533894118619,0.0140013613895682,0.0118500170458175));
#4209=CARTESIAN_POINT('',(-2.51583158403052E-18,0.0140580801395682,0.0118500170458175));
#4210=CARTESIAN_POINT('',(0.00219533894118619,0.0141147988895682,0.0118500170458175));
#4211=CARTESIAN_POINT('',(0.00374767799350184,0.0141715176395682,0.0102976779935018));
#4212=CARTESIAN_POINT('',(0.00530001704581748,0.0142282363895681,0.0087453389411862));
#4213=CARTESIAN_POINT('',(0.00530001704581749,0.0142849551395682,0.00655));
#4214=CARTESIAN_POINT('',(0.00530001704581748,0.0143416738895682,0.00435466105881381));
#4215=CARTESIAN_POINT('',(0.00374767799350184,0.0143983926395682,0.00280232200649816));
#4216=CARTESIAN_POINT('',(0.00219533894118619,0.0144551113895681,0.00124998295418252));
#4217=CARTESIAN_POINT('',(-5.13068562343174E-19,0.0145118301395682,0.00124998295418251));
#4218=CARTESIAN_POINT('',(-0.00219533894118619,0.0145685488895682,0.00124998295418252));
#4219=CARTESIAN_POINT('',(-0.00374767799350184,0.0146252676395682,0.00280232200649816));
#4220=CARTESIAN_POINT('',(-0.00530001704581748,0.0146819863895681,0.00435466105881381));
#4221=CARTESIAN_POINT('',(-0.00530001704581749,0.0147387051395682,0.00655));
#4222=CARTESIAN_POINT('',(-0.00530001704581748,0.0147954238895682,0.00874533894118619));
#4223=CARTESIAN_POINT('',(-0.00374767799350185,0.0148521426395682,0.0102976779935018));
#4224=CARTESIAN_POINT('',(-0.00219533894118619,0.0149088613895682,0.0118500170458175));
#4225=CARTESIAN_POINT('',(-3.70282466912526E-18,0.0149655801395682,0.0118500170458175));
#4226=CARTESIAN_POINT('',(0.00219533894118619,0.0150222988895682,0.0118500170458175));
#4227=CARTESIAN_POINT('',(0.00374767799350184,0.0150790176395682,0.0102976779935018));
#4228=CARTESIAN_POINT('',(0.00530001704581748,0.0151357363895682,0.0087453389411862));
#4229=CARTESIAN_POINT('',(0.00530001704581749,0.0151924551395681,0.00655));
#4230=CARTESIAN_POINT('',(0.00530001704581748,0.0152491738895681,0.00435466105881381));
#4231=CARTESIAN_POINT('',(0.00374767799350185,0.0153058926395681,0.00280232200649816));
#4232=CARTESIAN_POINT('',(0.00219533894118619,0.0153626113895682,0.00124998295418252));
#4233=CARTESIAN_POINT('',(8.96197916796808E-19,0.0154193301395682,0.00124998295418251));
#4234=CARTESIAN_POINT('',(-0.00219533894118619,0.0154760488895681,0.00124998295418252));
#4235=CARTESIAN_POINT('',(-0.00374767799350184,0.0155327676395681,0.00280232200649816));
#4236=CARTESIAN_POINT('',(-0.00530001704581748,0.0155894863895682,0.00435466105881381));
#4237=CARTESIAN_POINT('',(-0.00530001704581749,0.0156462051395681,0.00655));
#4238=CARTESIAN_POINT('',(-0.00530001704581748,0.0157029238895681,0.00874533894118619));
#4239=CARTESIAN_POINT('',(-0.00374767799350185,0.0157596426395681,0.0102976779935018));
#4240=CARTESIAN_POINT('',(-0.00219533894118619,0.0158163613895682,0.0118500170458175));
#4241=CARTESIAN_POINT('',(-4.88981775422E-18,0.0158730801395681,0.0118500170458175));
#4242=CARTESIAN_POINT('',(0.00219533894118618,0.0159297988895682,0.0118500170458175));
#4243=CARTESIAN_POINT('',(0.00374767799350184,0.0159865176395681,0.0102976779935018));
#4244=CARTESIAN_POINT('',(0.00530001704581748,0.0160432363895682,0.0087453389411862));
#4245=CARTESIAN_POINT('',(0.00530001704581749,0.0160999551395681,0.00655));
#4246=CARTESIAN_POINT('',(0.00530001704581748,0.0161566738895682,0.00435466105881381));
#4247=CARTESIAN_POINT('',(0.00374767799350185,0.0162133926395681,0.00280232200649817));
#4248=CARTESIAN_POINT('',(0.00219533894118618,0.0162701113895682,0.00124998295418252));
#4249=CARTESIAN_POINT('',(2.30546439593679E-18,0.0163268301395681,0.00124998295418251));
#4250=CARTESIAN_POINT('',(-0.00219533894118618,0.0163835488895682,0.0012499829541825));
#4251=CARTESIAN_POINT('',(-0.00374767799350184,0.0164402676395681,0.00280232200649816));
#4252=CARTESIAN_POINT('',(-0.00530001704581748,0.0164969863895682,0.00435466105881381));
#4253=CARTESIAN_POINT('',(-0.00530001704581749,0.0165537051395681,0.00655));
#4254=CARTESIAN_POINT('',(-0.00530001704581748,0.0166104238895682,0.00874533894118619));
#4255=CARTESIAN_POINT('',(-0.00374767799350185,0.0166671426395681,0.0102976779935018));
#4256=CARTESIAN_POINT('',(-0.00219533894118618,0.0167238613895682,0.0118500170458175));
#4257=CARTESIAN_POINT('',(-6.07681083931474E-18,0.0167805801395681,0.0118500170458175));
#4258=CARTESIAN_POINT('',(0.00219533894118618,0.0168372988895682,0.0118500170458175));
#4259=CARTESIAN_POINT('',(0.00374767799350184,0.0168940176395681,0.0102976779935018));
#4260=CARTESIAN_POINT('',(0.00530001704581748,0.0169507363895682,0.0087453389411862));
#4261=CARTESIAN_POINT('',(0.00530001704581749,0.0170074551395681,0.00655));
#4262=CARTESIAN_POINT('',(0.00530001704581748,0.0170641738895682,0.00435466105881382));
#4263=CARTESIAN_POINT('',(0.00374767799350185,0.0171208926395681,0.00280232200649817));
#4264=CARTESIAN_POINT('',(0.00219533894118619,0.0171776113895682,0.00124998295418252));
#4265=CARTESIAN_POINT('',(3.71473087507677E-18,0.0172343301395681,0.00124998295418251));
#4266=CARTESIAN_POINT('',(-0.00219533894118618,0.0172910488895682,0.0012499829541825));
#4267=CARTESIAN_POINT('',(-0.00374767799350184,0.0173477676395681,0.00280232200649816));
#4268=CARTESIAN_POINT('',(-0.00530001704581748,0.0174044863895682,0.00435466105881381));
#4269=CARTESIAN_POINT('',(-0.00530001704581749,0.0174612051395681,0.00655));
#4270=CARTESIAN_POINT('',(-0.00530001704581748,0.0175179238895682,0.00874533894118618));
#4271=CARTESIAN_POINT('',(-0.00374767799350185,0.0175746426395681,0.0102976779935018));
#4272=CARTESIAN_POINT('',(-0.00219533894118619,0.0176313613895682,0.0118500170458175));
#4273=CARTESIAN_POINT('',(-7.26380392440948E-18,0.0176880801395681,0.0118500170458175));
#4274=CARTESIAN_POINT('',(0.00219533894118617,0.0177447988895682,0.0118500170458175));
#4275=CARTESIAN_POINT('',(0.00374767799350184,0.0178015176395681,0.0102976779935018));
#4276=CARTESIAN_POINT('',(0.00530001704581748,0.0178582363895682,0.0087453389411862));
#4277=CARTESIAN_POINT('',(0.00530001704581749,0.0179149551395681,0.00655));
#4278=CARTESIAN_POINT('',(0.00530001704581748,0.0179716738895682,0.00435466105881382));
#4279=CARTESIAN_POINT('',(0.00374767799350185,0.0180283926395681,0.00280232200649817));
#4280=CARTESIAN_POINT('',(0.00219533894118619,0.0180851113895682,0.00124998295418252));
#4281=CARTESIAN_POINT('',(5.12399735421675E-18,0.0181418301395681,0.00124998295418251));
#4282=CARTESIAN_POINT('',(-0.00219533894118617,0.0181985488895682,0.0012499829541825));
#4283=CARTESIAN_POINT('',(-0.00374767799350183,0.0182552676395681,0.00280232200649814));
#4284=CARTESIAN_POINT('',(-0.0053000170458175,0.0183119863895682,0.00435466105881382));
#4285=CARTESIAN_POINT('',(-0.00530001704581749,0.0183687051395681,0.00655));
#4286=CARTESIAN_POINT('',(-0.00530001704581748,0.0184254238895681,0.00874533894118618));
#4287=CARTESIAN_POINT('',(-0.00374767799350185,0.0184821426395681,0.0102976779935018));
#4288=CARTESIAN_POINT('',(-0.00219533894118621,0.0185388613895681,0.0118500170458175));
#4289=CARTESIAN_POINT('',(-2.72802400660558E-17,0.0185955801395681,0.0118500170458175));
#4290=CARTESIAN_POINT('',(0.00219533894118619,0.0186522988895681,0.0118500170458175));
#4291=CARTESIAN_POINT('',(0.00374767799350184,0.0187090176395681,0.0102976779935018));
#4292=CARTESIAN_POINT('',(0.00530001704581748,0.0187657363895681,0.0087453389411862));
#4293=CARTESIAN_POINT('',(0.00530001704581749,0.0188224551395681,0.00655));
#4294=CARTESIAN_POINT('',(0.0053000170458175,0.0188791738895681,0.00435466105881384));
#4295=CARTESIAN_POINT('',(0.00374767799350184,0.0189358926395681,0.00280232200649815));
#4296=CARTESIAN_POINT('',(0.00219533894118619,0.0189926113895681,0.00124998295418252));
#4297=CARTESIAN_POINT('',(6.53326383335674E-18,0.0190493301395681,0.00124998295418251));
#4298=CARTESIAN_POINT('',(-0.00219533894118617,0.0191060488895681,0.0012499829541825));
#4299=CARTESIAN_POINT('',(-0.00374767799350183,0.0191627676395681,0.00280232200649814));
#4300=CARTESIAN_POINT('',(-0.0053000170458175,0.0192194863895681,0.00435466105881382));
#4301=CARTESIAN_POINT('',(-0.00530001704581749,0.0192762051395681,0.00655));
#4302=CARTESIAN_POINT('',(-0.00530001704581748,0.0193329238895681,0.00874533894118618));
#4303=CARTESIAN_POINT('',(-0.00374767799350185,0.0193896426395681,0.0102976779935018));
#4304=CARTESIAN_POINT('',(-0.00219533894118621,0.0194463613895681,0.0118500170458175));
#4305=CARTESIAN_POINT('',(9.19165296195265E-18,0.0195030801395681,0.0118500170458175));
#4306=CARTESIAN_POINT('',(0.00219533894118619,0.0195597988895681,0.0118500170458175));
#4307=CARTESIAN_POINT('',(0.00374767799350184,0.0196165176395681,0.0102976779935018));
#4308=CARTESIAN_POINT('',(0.00530001704581748,0.0196732363895681,0.0087453389411862));
#4309=CARTESIAN_POINT('',(0.00530001704581749,0.0197299551395681,0.00655));
#4310=CARTESIAN_POINT('',(0.0053000170458175,0.0197866738895681,0.00435466105881384));
#4311=CARTESIAN_POINT('',(0.00374767799350184,0.0198433926395681,0.00280232200649816));
#4312=CARTESIAN_POINT('',(0.00219533894118619,0.0199001113895681,0.00124998295418252));
#4313=CARTESIAN_POINT('',(7.94253031249671E-18,0.0199568301395681,0.00124998295418251));
#4314=CARTESIAN_POINT('',(-0.00219533894118617,0.0200135488895681,0.0012499829541825));
#4315=CARTESIAN_POINT('',(-0.00374767799350182,0.0200702676395681,0.00280232200649814));
#4316=CARTESIAN_POINT('',(-0.0053000170458175,0.0201269863895681,0.00435466105881382));
#4317=CARTESIAN_POINT('',(-0.00530001704581749,0.0201837051395681,0.00655));
#4318=CARTESIAN_POINT('',(-0.0053000170458175,0.0202404238895681,0.00874533894118618));
#4319=CARTESIAN_POINT('',(-0.00374767799350185,0.0202971426395681,0.0102976779935018));
#4320=CARTESIAN_POINT('',(-0.00219533894118621,0.0203538613895681,0.0118500170458175));
#4321=CARTESIAN_POINT('',(-2.96542262362453E-17,0.0204105801395681,0.0118500170458175));
#4322=CARTESIAN_POINT('',(0.00219533894118619,0.0204672988895681,0.0118500170458175));
#4323=CARTESIAN_POINT('',(0.00374767799350184,0.0205240176395681,0.0102976779935018));
#4324=CARTESIAN_POINT('',(0.00530001704581748,0.0205807363895681,0.0087453389411862));
#4325=CARTESIAN_POINT('',(0.00530001704581749,0.0206374551395681,0.00655));
#4326=CARTESIAN_POINT('',(0.0053000170458175,0.0206941738895681,0.00435466105881384));
#4327=CARTESIAN_POINT('',(0.00374767799350184,0.0207508926395681,0.00280232200649816));
#4328=CARTESIAN_POINT('',(0.00226388356920006,0.0208051069330743,0.00131852758219639));
#4329=CARTESIAN_POINT('',(0.000166517299929833,0.02086,0.00125259944172804));
#4330=CARTESIAN_POINT('',(-1.92233504148315E-18,0.0136043301395682,0.00124998295418251));
#4331=CARTESIAN_POINT('',(-0.00219533894118619,0.0136610488895682,0.00124998295418252));
#4332=CARTESIAN_POINT('',(-0.00374767799350184,0.0137177676395682,0.00280232200649816));
#4333=CARTESIAN_POINT('',(-0.00530001704581748,0.0137744863895682,0.00435466105881381));
#4334=CARTESIAN_POINT('',(-0.00530001704581749,0.0138312051395682,0.00655));
#4335=CARTESIAN_POINT('',(-0.00530001704581748,0.0138879238895682,0.00874533894118619));
#4336=CARTESIAN_POINT('',(-0.00374767799350184,0.0139446426395682,0.0102976779935018));
#4337=CARTESIAN_POINT('',(-0.00219533894118619,0.0140013613895682,0.0118500170458175));
#4338=CARTESIAN_POINT('',(-2.51583158403052E-18,0.0140580801395682,0.0118500170458175));
#4339=CARTESIAN_POINT('',(0.00219533894118619,0.0141147988895682,0.0118500170458175));
#4340=CARTESIAN_POINT('',(0.00374767799350184,0.0141715176395682,0.0102976779935018));
#4341=CARTESIAN_POINT('',(0.00530001704581748,0.0142282363895682,0.0087453389411862));
#4342=CARTESIAN_POINT('',(0.00530001704581749,0.0142849551395682,0.00655));
#4343=CARTESIAN_POINT('',(0.00530001704581748,0.0143416738895682,0.00435466105881381));
#4344=CARTESIAN_POINT('',(0.00374767799350184,0.0143983926395682,0.00280232200649816));
#4345=CARTESIAN_POINT('',(0.00219533894118619,0.0144551113895681,0.00124998295418252));
#4346=CARTESIAN_POINT('',(-1.81119834446053E-18,0.0145118301395682,0.00124998295418251));
#4347=CARTESIAN_POINT('',(-0.00219533894118619,0.0145685488895682,0.00124998295418252));
#4348=CARTESIAN_POINT('',(-0.00374767799350184,0.0146252676395682,0.00280232200649816));
#4349=CARTESIAN_POINT('',(-0.00530001704581748,0.0146819863895681,0.00435466105881381));
#4350=CARTESIAN_POINT('',(-0.00530001704581749,0.0147387051395682,0.00655));
#4351=CARTESIAN_POINT('',(-0.00530001704581748,0.0147954238895682,0.00874533894118619));
#4352=CARTESIAN_POINT('',(-0.00374767799350184,0.0148521426395682,0.0102976779935018));
#4353=CARTESIAN_POINT('',(-0.00219533894118619,0.0149088613895682,0.0118500170458175));
#4354=CARTESIAN_POINT('',(-2.40469488700791E-18,0.0149655801395682,0.0118500170458175));
#4355=CARTESIAN_POINT('',(0.00219533894118619,0.0150222988895682,0.0118500170458175));
#4356=CARTESIAN_POINT('',(0.00374767799350184,0.0150790176395682,0.0102976779935018));
#4357=CARTESIAN_POINT('',(0.00530001704581748,0.0151357363895682,0.0087453389411862));
#4358=CARTESIAN_POINT('',(0.00530001704581749,0.0151924551395681,0.00655));
#4359=CARTESIAN_POINT('',(0.00530001704581748,0.0152491738895681,0.00435466105881381));
#4360=CARTESIAN_POINT('',(0.00374767799350184,0.0153058926395681,0.00280232200649816));
#4361=CARTESIAN_POINT('',(0.00219533894118619,0.0153626113895682,0.00124998295418252));
#4362=CARTESIAN_POINT('',(-1.70006164743791E-18,0.0154193301395682,0.00124998295418251));
#4363=CARTESIAN_POINT('',(-0.00219533894118619,0.0154760488895681,0.00124998295418252));
#4364=CARTESIAN_POINT('',(-0.00374767799350184,0.0155327676395681,0.00280232200649816));
#4365=CARTESIAN_POINT('',(-0.00530001704581748,0.0155894863895682,0.00435466105881381));
#4366=CARTESIAN_POINT('',(-0.00530001704581749,0.0156462051395681,0.00655));
#4367=CARTESIAN_POINT('',(-0.00530001704581748,0.0157029238895681,0.00874533894118619));
#4368=CARTESIAN_POINT('',(-0.00374767799350184,0.0157596426395681,0.0102976779935018));
#4369=CARTESIAN_POINT('',(-0.00219533894118619,0.0158163613895682,0.0118500170458175));
#4370=CARTESIAN_POINT('',(-2.29355818998528E-18,0.0158730801395681,0.0118500170458175));
#4371=CARTESIAN_POINT('',(0.00219533894118619,0.0159297988895682,0.0118500170458175));
#4372=CARTESIAN_POINT('',(0.00374767799350184,0.0159865176395681,0.0102976779935018));
#4373=CARTESIAN_POINT('',(0.00530001704581748,0.0160432363895682,0.0087453389411862));
#4374=CARTESIAN_POINT('',(0.00530001704581749,0.0160999551395681,0.00655));
#4375=CARTESIAN_POINT('',(0.00530001704581748,0.0161566738895682,0.00435466105881381));
#4376=CARTESIAN_POINT('',(0.00374767799350184,0.0162133926395681,0.00280232200649816));
#4377=CARTESIAN_POINT('',(0.00219533894118619,0.0162701113895682,0.00124998295418252));
#4378=CARTESIAN_POINT('',(-1.58892495041529E-18,0.0163268301395681,0.00124998295418251));
#4379=CARTESIAN_POINT('',(-0.00219533894118619,0.0163835488895682,0.00124998295418252));
#4380=CARTESIAN_POINT('',(-0.00374767799350184,0.0164402676395681,0.00280232200649816));
#4381=CARTESIAN_POINT('',(-0.00530001704581748,0.0164969863895682,0.00435466105881381));
#4382=CARTESIAN_POINT('',(-0.00530001704581749,0.0165537051395681,0.00655));
#4383=CARTESIAN_POINT('',(-0.00530001704581748,0.0166104238895682,0.00874533894118619));
#4384=CARTESIAN_POINT('',(-0.00374767799350184,0.0166671426395681,0.0102976779935018));
#4385=CARTESIAN_POINT('',(-0.00219533894118619,0.0167238613895682,0.0118500170458175));
#4386=CARTESIAN_POINT('',(-2.18242149296266E-18,0.0167805801395681,0.0118500170458175));
#4387=CARTESIAN_POINT('',(0.00219533894118619,0.0168372988895682,0.0118500170458175));
#4388=CARTESIAN_POINT('',(0.00374767799350184,0.0168940176395681,0.0102976779935018));
#4389=CARTESIAN_POINT('',(0.00530001704581748,0.0169507363895682,0.0087453389411862));
#4390=CARTESIAN_POINT('',(0.00530001704581749,0.0170074551395681,0.00655));
#4391=CARTESIAN_POINT('',(0.00530001704581748,0.0170641738895682,0.00435466105881381));
#4392=CARTESIAN_POINT('',(0.00374767799350184,0.0171208926395681,0.00280232200649816));
#4393=CARTESIAN_POINT('',(0.00219533894118619,0.0171776113895682,0.00124998295418252));
#4394=CARTESIAN_POINT('',(-1.47778825339267E-18,0.0172343301395681,0.00124998295418251));
#4395=CARTESIAN_POINT('',(-0.00219533894118619,0.0172910488895682,0.00124998295418252));
#4396=CARTESIAN_POINT('',(-0.00374767799350184,0.0173477676395681,0.00280232200649816));
#4397=CARTESIAN_POINT('',(-0.00530001704581748,0.0174044863895682,0.00435466105881381));
#4398=CARTESIAN_POINT('',(-0.00530001704581749,0.0174612051395681,0.00655));
#4399=CARTESIAN_POINT('',(-0.00530001704581748,0.0175179238895682,0.00874533894118619));
#4400=CARTESIAN_POINT('',(-0.00374767799350184,0.0175746426395681,0.0102976779935018));
#4401=CARTESIAN_POINT('',(-0.00219533894118619,0.0176313613895682,0.0118500170458175));
#4402=CARTESIAN_POINT('',(-2.07128479594003E-18,0.0176880801395681,0.0118500170458175));
#4403=CARTESIAN_POINT('',(0.00219533894118619,0.0177447988895682,0.0118500170458175));
#4404=CARTESIAN_POINT('',(0.00374767799350184,0.0178015176395681,0.0102976779935018));
#4405=CARTESIAN_POINT('',(0.00530001704581748,0.0178582363895682,0.0087453389411862));
#4406=CARTESIAN_POINT('',(0.00530001704581749,0.0179149551395681,0.00655));
#4407=CARTESIAN_POINT('',(0.00530001704581748,0.0179716738895682,0.00435466105881381));
#4408=CARTESIAN_POINT('',(0.00374767799350184,0.0180283926395681,0.00280232200649816));
#4409=CARTESIAN_POINT('',(0.00219533894118619,0.0180851113895682,0.00124998295418252));
#4410=CARTESIAN_POINT('',(-1.36665155637005E-18,0.0181418301395681,0.00124998295418251));
#4411=CARTESIAN_POINT('',(-0.00219533894118619,0.0181985488895682,0.00124998295418252));
#4412=CARTESIAN_POINT('',(-0.00374767799350184,0.0182552676395681,0.00280232200649816));
#4413=CARTESIAN_POINT('',(-0.00530001704581748,0.0183119863895682,0.00435466105881381));
#4414=CARTESIAN_POINT('',(-0.00530001704581749,0.0183687051395681,0.00655));
#4415=CARTESIAN_POINT('',(-0.00530001704581748,0.0184254238895681,0.00874533894118619));
#4416=CARTESIAN_POINT('',(-0.00374767799350184,0.0184821426395681,0.0102976779935018));
#4417=CARTESIAN_POINT('',(-0.00219533894118619,0.0185388613895681,0.0118500170458175));
#4418=CARTESIAN_POINT('',(-1.96014809891742E-18,0.0185955801395681,0.0118500170458175));
#4419=CARTESIAN_POINT('',(0.00219533894118619,0.0186522988895681,0.0118500170458175));
#4420=CARTESIAN_POINT('',(0.00374767799350184,0.0187090176395681,0.0102976779935018));
#4421=CARTESIAN_POINT('',(0.00530001704581748,0.0187657363895681,0.0087453389411862));
#4422=CARTESIAN_POINT('',(0.00530001704581749,0.0188224551395681,0.00655));
#4423=CARTESIAN_POINT('',(0.00530001704581748,0.0188791738895681,0.00435466105881381));
#4424=CARTESIAN_POINT('',(0.00374767799350184,0.0189358926395681,0.00280232200649816));
#4425=CARTESIAN_POINT('',(0.00219533894118619,0.0189926113895681,0.00124998295418252));
#4426=CARTESIAN_POINT('',(-1.25551485934742E-18,0.0190493301395681,0.00124998295418251));
#4427=CARTESIAN_POINT('',(-0.00219533894118619,0.0191060488895681,0.00124998295418252));
#4428=CARTESIAN_POINT('',(-0.00374767799350184,0.0191627676395681,0.00280232200649816));
#4429=CARTESIAN_POINT('',(-0.00530001704581748,0.0192194863895681,0.00435466105881381));
#4430=CARTESIAN_POINT('',(-0.00530001704581749,0.0192762051395681,0.00655));
#4431=CARTESIAN_POINT('',(-0.00530001704581748,0.0193329238895681,0.00874533894118619));
#4432=CARTESIAN_POINT('',(-0.00374767799350184,0.0193896426395681,0.0102976779935018));
#4433=CARTESIAN_POINT('',(-0.00219533894118619,0.0194463613895681,0.0118500170458175));
#4434=CARTESIAN_POINT('',(-1.8490114018948E-18,0.0195030801395681,0.0118500170458175));
#4435=CARTESIAN_POINT('',(0.00219533894118619,0.0195597988895681,0.0118500170458175));
#4436=CARTESIAN_POINT('',(0.00374767799350184,0.0196165176395681,0.0102976779935018));
#4437=CARTESIAN_POINT('',(0.00530001704581748,0.0196732363895681,0.0087453389411862));
#4438=CARTESIAN_POINT('',(0.00530001704581749,0.0197299551395681,0.00655));
#4439=CARTESIAN_POINT('',(0.00530001704581748,0.0197866738895681,0.00435466105881381));
#4440=CARTESIAN_POINT('',(0.00374767799350184,0.0198433926395681,0.00280232200649816));
#4441=CARTESIAN_POINT('',(0.00219533894118619,0.0199001113895681,0.00124998295418252));
#4442=CARTESIAN_POINT('',(-1.1443781623248E-18,0.0199568301395681,0.00124998295418251));
#4443=CARTESIAN_POINT('',(-0.00219533894118619,0.0200135488895681,0.00124998295418252));
#4444=CARTESIAN_POINT('',(-0.00374767799350184,0.0200702676395681,0.00280232200649816));
#4445=CARTESIAN_POINT('',(-0.00530001704581748,0.0201269863895681,0.00435466105881381));
#4446=CARTESIAN_POINT('',(-0.00530001704581749,0.0201837051395681,0.00655));
#4447=CARTESIAN_POINT('',(-0.00530001704581748,0.0202404238895681,0.00874533894118619));
#4448=CARTESIAN_POINT('',(-0.00374767799350184,0.0202971426395681,0.0102976779935018));
#4449=CARTESIAN_POINT('',(-0.00219533894118619,0.0203538613895681,0.0118500170458175));
#4450=CARTESIAN_POINT('',(-1.73787470487217E-18,0.0204105801395681,0.0118500170458175));
#4451=CARTESIAN_POINT('',(0.00219533894118619,0.0204672988895681,0.0118500170458175));
#4452=CARTESIAN_POINT('',(0.00374767799350184,0.0205240176395681,0.0102976779935018));
#4453=CARTESIAN_POINT('',(0.00530001704581748,0.0205807363895681,0.0087453389411862));
#4454=CARTESIAN_POINT('',(0.00530001704581749,0.0206374551395681,0.00655));
#4455=CARTESIAN_POINT('',(0.00530001704581748,0.0206941738895681,0.00435466105881381));
#4456=CARTESIAN_POINT('',(0.00374767799350184,0.0207508926395681,0.00280232200649816));
#4457=CARTESIAN_POINT('',(0.00219533894118619,0.0208076113895681,0.00124998295418252));
#4458=CARTESIAN_POINT('',(-1.03324146530218E-18,0.0208643301395681,0.00124998295418251));
#4459=CARTESIAN_POINT('',(-0.000713953153619003,0.0208827758245019,0.00124998295418251));
#4460=CARTESIAN_POINT('',(-0.00140245708693902,0.0209025857721459,0.00143890473525973));
#4461=CARTESIAN_POINT('',(-1.88415234072377E-18,0.0139161155521947,0.000699999999999941));
#4462=CARTESIAN_POINT('',(-0.00242314933988263,0.0139728343021946,0.000699999999999943));
#4463=CARTESIAN_POINT('',(-0.00413657466994135,0.0140295530521946,0.00241342533005865));
#4464=CARTESIAN_POINT('',(-0.00585000000000006,0.0140862718021946,0.00412685066011737));
#4465=CARTESIAN_POINT('',(-0.00585000000000006,0.0141429905521947,0.00655));
#4466=CARTESIAN_POINT('',(-0.00585000000000006,0.0141997093021946,0.00897314933988263));
#4467=CARTESIAN_POINT('',(-0.00413657466994135,0.0142564280521946,0.0106865746699413));
#4468=CARTESIAN_POINT('',(-0.00242314933988263,0.0143131468021946,0.0124));
#4469=CARTESIAN_POINT('',(-2.54500236971367E-18,0.0143698655521946,0.0124000000000001));
#4470=CARTESIAN_POINT('',(0.00242314933988263,0.0144265843021946,0.0124));
#4471=CARTESIAN_POINT('',(0.00413657466994135,0.0144833030521946,0.0106865746699413));
#4472=CARTESIAN_POINT('',(0.00585000000000006,0.0145400218021946,0.00897314933988263));
#4473=CARTESIAN_POINT('',(0.00585000000000006,0.0145967405521947,0.00655));
#4474=CARTESIAN_POINT('',(0.00585000000000006,0.0146534593021946,0.00412685066011737));
#4475=CARTESIAN_POINT('',(0.00413657466994135,0.0147101780521946,0.00241342533005865));
#4476=CARTESIAN_POINT('',(0.00242314933988263,0.0147668968021946,0.000699999999999943));
#4477=CARTESIAN_POINT('',(-1.77301564370115E-18,0.0148236155521946,0.000699999999999941));
#4478=CARTESIAN_POINT('',(-0.00242314933988263,0.0148803343021946,0.000699999999999943));
#4479=CARTESIAN_POINT('',(-0.00413657466994135,0.0149370530521946,0.00241342533005865));
#4480=CARTESIAN_POINT('',(-0.00585000000000006,0.0149937718021946,0.00412685066011737));
#4481=CARTESIAN_POINT('',(-0.00585000000000006,0.0150504905521947,0.00655));
#4482=CARTESIAN_POINT('',(-0.00585000000000006,0.0151072093021946,0.00897314933988263));
#4483=CARTESIAN_POINT('',(-0.00413657466994135,0.0151639280521947,0.0106865746699413));
#4484=CARTESIAN_POINT('',(-0.00242314933988263,0.0152206468021946,0.0124));
#4485=CARTESIAN_POINT('',(-2.43386567269105E-18,0.0152773655521947,0.0124000000000001));
#4486=CARTESIAN_POINT('',(0.00242314933988263,0.0153340843021946,0.0124));
#4487=CARTESIAN_POINT('',(0.00413657466994135,0.0153908030521946,0.0106865746699413));
#4488=CARTESIAN_POINT('',(0.00585000000000006,0.0154475218021946,0.00897314933988263));
#4489=CARTESIAN_POINT('',(0.00585000000000006,0.0155042405521947,0.00655));
#4490=CARTESIAN_POINT('',(0.00585000000000006,0.0155609593021946,0.00412685066011737));
#4491=CARTESIAN_POINT('',(0.00413657466994135,0.0156176780521947,0.00241342533005865));
#4492=CARTESIAN_POINT('',(0.00242314933988263,0.0156743968021946,0.000699999999999943));
#4493=CARTESIAN_POINT('',(-1.66187894667853E-18,0.0157311155521947,0.000699999999999941));
#4494=CARTESIAN_POINT('',(-0.00242314933988263,0.0157878343021946,0.000699999999999943));
#4495=CARTESIAN_POINT('',(-0.00413657466994135,0.0158445530521947,0.00241342533005865));
#4496=CARTESIAN_POINT('',(-0.00585000000000006,0.0159012718021946,0.00412685066011737));
#4497=CARTESIAN_POINT('',(-0.00585000000000006,0.0159579905521947,0.00655));
#4498=CARTESIAN_POINT('',(-0.00585000000000006,0.0160147093021946,0.00897314933988263));
#4499=CARTESIAN_POINT('',(-0.00413657466994135,0.0160714280521947,0.0106865746699413));
#4500=CARTESIAN_POINT('',(-0.00242314933988263,0.0161281468021946,0.0124));
#4501=CARTESIAN_POINT('',(-2.32272897566843E-18,0.0161848655521947,0.0124000000000001));
#4502=CARTESIAN_POINT('',(0.00242314933988263,0.0162415843021946,0.0124));
#4503=CARTESIAN_POINT('',(0.00413657466994135,0.0162983030521947,0.0106865746699413));
#4504=CARTESIAN_POINT('',(0.00585000000000006,0.0163550218021946,0.00897314933988263));
#4505=CARTESIAN_POINT('',(0.00585000000000006,0.0164117405521947,0.00655));
#4506=CARTESIAN_POINT('',(0.00585000000000006,0.0164684593021946,0.00412685066011737));
#4507=CARTESIAN_POINT('',(0.00413657466994135,0.0165251780521947,0.00241342533005865));
#4508=CARTESIAN_POINT('',(0.00242314933988263,0.0165818968021946,0.000699999999999943));
#4509=CARTESIAN_POINT('',(-1.55074224965591E-18,0.0166386155521947,0.000699999999999941));
#4510=CARTESIAN_POINT('',(-0.00242314933988263,0.0166953343021946,0.000699999999999943));
#4511=CARTESIAN_POINT('',(-0.00413657466994135,0.0167520530521947,0.00241342533005865));
#4512=CARTESIAN_POINT('',(-0.00585000000000006,0.0168087718021946,0.00412685066011737));
#4513=CARTESIAN_POINT('',(-0.00585000000000006,0.0168654905521947,0.00655));
#4514=CARTESIAN_POINT('',(-0.00585000000000006,0.0169222093021946,0.00897314933988263));
#4515=CARTESIAN_POINT('',(-0.00413657466994135,0.0169789280521947,0.0106865746699413));
#4516=CARTESIAN_POINT('',(-0.00242314933988263,0.0170356468021946,0.0124));
#4517=CARTESIAN_POINT('',(-2.2115922786458E-18,0.0170923655521947,0.0124000000000001));
#4518=CARTESIAN_POINT('',(0.00242314933988263,0.0171490843021946,0.0124));
#4519=CARTESIAN_POINT('',(0.00413657466994135,0.0172058030521947,0.0106865746699413));
#4520=CARTESIAN_POINT('',(0.00585000000000006,0.0172625218021947,0.00897314933988263));
#4521=CARTESIAN_POINT('',(0.00585000000000006,0.0173192405521947,0.00655));
#4522=CARTESIAN_POINT('',(0.00585000000000006,0.0173759593021946,0.00412685066011737));
#4523=CARTESIAN_POINT('',(0.00413657466994135,0.0174326780521947,0.00241342533005865));
#4524=CARTESIAN_POINT('',(0.00242314933988263,0.0174893968021946,0.000699999999999943));
#4525=CARTESIAN_POINT('',(-1.43960555263328E-18,0.0175461155521947,0.000699999999999941));
#4526=CARTESIAN_POINT('',(-0.00242314933988263,0.0176028343021946,0.000699999999999943));
#4527=CARTESIAN_POINT('',(-0.00413657466994135,0.0176595530521947,0.00241342533005865));
#4528=CARTESIAN_POINT('',(-0.00585000000000006,0.0177162718021947,0.00412685066011737));
#4529=CARTESIAN_POINT('',(-0.00585000000000006,0.0177729905521947,0.00655));
#4530=CARTESIAN_POINT('',(-0.00585000000000006,0.0178297093021947,0.00897314933988263));
#4531=CARTESIAN_POINT('',(-0.00413657466994135,0.0178864280521947,0.0106865746699413));
#4532=CARTESIAN_POINT('',(-0.00242314933988263,0.0179431468021947,0.0124));
#4533=CARTESIAN_POINT('',(-2.10045558162318E-18,0.0179998655521947,0.0124000000000001));
#4534=CARTESIAN_POINT('',(0.00242314933988263,0.0180565843021947,0.0124));
#4535=CARTESIAN_POINT('',(0.00413657466994135,0.0181133030521947,0.0106865746699413));
#4536=CARTESIAN_POINT('',(0.00585000000000006,0.0181700218021947,0.00897314933988263));
#4537=CARTESIAN_POINT('',(0.00585000000000006,0.0182267405521947,0.00655));
#4538=CARTESIAN_POINT('',(0.00585000000000006,0.0182834593021947,0.00412685066011737));
#4539=CARTESIAN_POINT('',(0.00413657466994135,0.0183401780521946,0.00241342533005865));
#4540=CARTESIAN_POINT('',(0.00242314933988263,0.0183968968021947,0.000699999999999943));
#4541=CARTESIAN_POINT('',(-1.32846885561066E-18,0.0184536155521947,0.000699999999999941));
#4542=CARTESIAN_POINT('',(-0.00242314933988263,0.0185103343021946,0.000699999999999943));
#4543=CARTESIAN_POINT('',(-0.00413657466994135,0.0185670530521946,0.00241342533005865));
#4544=CARTESIAN_POINT('',(-0.00585000000000006,0.0186237718021946,0.00412685066011737));
#4545=CARTESIAN_POINT('',(-0.00585000000000006,0.0186804905521946,0.00655));
#4546=CARTESIAN_POINT('',(-0.00585000000000006,0.0187372093021946,0.00897314933988263));
#4547=CARTESIAN_POINT('',(-0.00413657466994135,0.0187939280521946,0.0106865746699413));
#4548=CARTESIAN_POINT('',(-0.00242314933988263,0.0188506468021946,0.0124));
#4549=CARTESIAN_POINT('',(-1.98931888460056E-18,0.0189073655521946,0.0124000000000001));
#4550=CARTESIAN_POINT('',(0.00242314933988263,0.0189640843021946,0.0124));
#4551=CARTESIAN_POINT('',(0.00413657466994135,0.0190208030521946,0.0106865746699413));
#4552=CARTESIAN_POINT('',(0.00585000000000006,0.0190775218021946,0.00897314933988263));
#4553=CARTESIAN_POINT('',(0.00585000000000006,0.0191342405521946,0.00655));
#4554=CARTESIAN_POINT('',(0.00585000000000006,0.0191909593021946,0.00412685066011737));
#4555=CARTESIAN_POINT('',(0.00413657466994135,0.0192476780521946,0.00241342533005865));
#4556=CARTESIAN_POINT('',(0.00242314933988263,0.0193043968021946,0.000699999999999943));
#4557=CARTESIAN_POINT('',(-1.21733215858804E-18,0.0193611155521946,0.000699999999999941));
#4558=CARTESIAN_POINT('',(-0.00242314933988263,0.0194178343021946,0.000699999999999943));
#4559=CARTESIAN_POINT('',(-0.00413657466994135,0.0194745530521946,0.00241342533005865));
#4560=CARTESIAN_POINT('',(-0.00585000000000006,0.0195312718021946,0.00412685066011737));
#4561=CARTESIAN_POINT('',(-0.00585000000000006,0.0195879905521946,0.00655));
#4562=CARTESIAN_POINT('',(-0.00585000000000006,0.0196447093021946,0.00897314933988263));
#4563=CARTESIAN_POINT('',(-0.00413657466994135,0.0197014280521946,0.0106865746699413));
#4564=CARTESIAN_POINT('',(-0.00242314933988263,0.0197581468021946,0.0124));
#4565=CARTESIAN_POINT('',(-1.87818218757794E-18,0.0198148655521946,0.0124000000000001));
#4566=CARTESIAN_POINT('',(0.00242314933988263,0.0198715843021946,0.0124));
#4567=CARTESIAN_POINT('',(0.00413657466994135,0.0199283030521946,0.0106865746699413));
#4568=CARTESIAN_POINT('',(0.00585000000000006,0.0199850218021946,0.00897314933988263));
#4569=CARTESIAN_POINT('',(0.00585000000000006,0.0200417405521946,0.00655));
#4570=CARTESIAN_POINT('',(0.00585000000000006,0.0200984593021946,0.00412685066011737));
#4571=CARTESIAN_POINT('',(0.00413657466994135,0.0201551780521946,0.00241342533005865));
#4572=CARTESIAN_POINT('',(0.00242314933988263,0.0202118968021946,0.000699999999999943));
#4573=CARTESIAN_POINT('',(-1.10619546156542E-18,0.0202686155521946,0.000699999999999941));
#4574=CARTESIAN_POINT('',(-0.00242314933988263,0.0203253343021946,0.000699999999999943));
#4575=CARTESIAN_POINT('',(-0.00413657466994135,0.0203820530521946,0.00241342533005865));
#4576=CARTESIAN_POINT('',(-0.00585000000000006,0.0204387718021946,0.00412685066011737));
#4577=CARTESIAN_POINT('',(-0.00585000000000006,0.0204954905521946,0.00655));
#4578=CARTESIAN_POINT('',(-0.00585000000000006,0.0205522093021946,0.00897314933988263));
#4579=CARTESIAN_POINT('',(-0.00413657466994135,0.0206089280521946,0.0106865746699413));
#4580=CARTESIAN_POINT('',(-0.00242314933988263,0.0206656468021946,0.0124));
#4581=CARTESIAN_POINT('',(-1.76704549055532E-18,0.0207223655521946,0.0124000000000001));
#4582=CARTESIAN_POINT('',(0.00242314933988263,0.0207790843021946,0.0124));
#4583=CARTESIAN_POINT('',(0.00413657466994135,0.0208358030521946,0.0106865746699413));
#4584=CARTESIAN_POINT('',(0.00585000000000006,0.0208925218021946,0.00897314933988263));
#4585=CARTESIAN_POINT('',(0.00585000000000006,0.0209492405521946,0.00655));
#4586=CARTESIAN_POINT('',(0.00585000000000006,0.0210059593021946,0.00412685066011737));
#4587=CARTESIAN_POINT('',(0.00413657466994135,0.0210626780521946,0.00241342533005865));
#4588=CARTESIAN_POINT('',(0.00242314933988263,0.0211193968021946,0.000699999999999943));
#4589=CARTESIAN_POINT('',(-9.95058764542794E-19,0.0211761155521946,0.000699999999999941));
#4590=CARTESIAN_POINT('',(-0.000788040097336517,0.0211945612371283,0.000699999999999942));
#4591=CARTESIAN_POINT('',(-0.00154799010789368,0.0212143711847723,0.000908526200906007));
#4592=CARTESIAN_POINT('',(0.000166517299929832,0.02086,0.00125259944172805));
#4593=CARTESIAN_POINT('',(0.000940911315227218,0.02086,0.00124122385941533));
#4594=CARTESIAN_POINT('',(0.00247907464840946,0.02086,0.00155419524189086));
#4595=CARTESIAN_POINT('',(0.00438199627971109,0.02086,0.00293863135635149));
#4596=CARTESIAN_POINT('',(0.00556535299968127,0.02086,0.0049773109607939));
#4597=CARTESIAN_POINT('',(0.00574313951737164,0.02086,0.00652692531629502));
#4598=CARTESIAN_POINT('',(0.00567591898748887,0.02086,0.00729804321230365));
#4599=CARTESIAN_POINT('',(0.00567591898748887,0.02086,0.00729804321230365));
#4600=CARTESIAN_POINT('',(0.00567591898748887,0.02086,0.00729804321230365));
#4601=CARTESIAN_POINT('',(0.00556153816105255,0.0208599999999996,0.00861015875763705));
#4602=CARTESIAN_POINT('',(0.0043311614625578,0.0208180727424638,0.011092310185858));
#4603=CARTESIAN_POINT('',(0.00184045442864895,0.0207668338364585,0.0122567691532104));
#4604=CARTESIAN_POINT('',(0.000529813189321544,0.020735,0.0123759589755182));
#4605=CARTESIAN_POINT('',(0.000529813189321544,0.020735,0.0123759589755182));
#4606=CARTESIAN_POINT('',(0.000529813189321544,0.020735,0.0123759589755182));
#4607=CARTESIAN_POINT('',(0.000265452042442918,0.020728578998384,0.0124));
#4608=CARTESIAN_POINT('',(-1.76704549055531E-18,0.0207223655521946,0.0124));
#4609=CARTESIAN_POINT('',(-0.00242314933988261,0.0206656468021946,0.0124));
#4610=CARTESIAN_POINT('',(-0.0041365746699413,0.0206089280521946,0.0106865746699413));
#4611=CARTESIAN_POINT('',(-0.00585,0.0205522093021946,0.00897314933988261));
#4612=CARTESIAN_POINT('',(-0.00585,0.0204954905521946,0.00655));
#4613=CARTESIAN_POINT('',(-0.00585,0.0204954905521946,0.00655));
#4614=CARTESIAN_POINT('',(-0.00585,0.0204954905521946,0.00655));
#4615=CARTESIAN_POINT('',(-0.00585,0.0204387718021946,0.0041268506601174));
#4616=CARTESIAN_POINT('',(-0.0041365746699413,0.0203820530521946,0.0024134253300587));
#4617=CARTESIAN_POINT('',(-0.00242314933988261,0.0203253343021946,0.000699999999999999));
#4618=CARTESIAN_POINT('',(-1.10619546156542E-18,0.0202686155521946,0.0007));
#4619=CARTESIAN_POINT('',(0.00242314933988261,0.0202118968021946,0.000699999999999999));
#4620=CARTESIAN_POINT('',(0.0041365746699413,0.0201551780521946,0.0024134253300587));
#4621=CARTESIAN_POINT('',(0.00585,0.0200984593021946,0.0041268506601174));
#4622=CARTESIAN_POINT('',(0.00585,0.0200417405521946,0.00655));
#4623=CARTESIAN_POINT('',(0.00585,0.0200417405521946,0.00655));
#4624=CARTESIAN_POINT('',(0.00585,0.0200417405521946,0.00655));
#4625=CARTESIAN_POINT('',(0.00585,0.0199850218021946,0.00897314933988261));
#4626=CARTESIAN_POINT('',(0.0041365746699413,0.0199283030521946,0.0106865746699413));
#4627=CARTESIAN_POINT('',(0.00242314933988261,0.0198715843021946,0.0124));
#4628=CARTESIAN_POINT('',(-1.87818218757793E-18,0.0198148655521946,0.0124));
#4629=CARTESIAN_POINT('',(-0.00242314933988261,0.0197581468021946,0.0124));
#4630=CARTESIAN_POINT('',(-0.0041365746699413,0.0197014280521946,0.0106865746699413));
#4631=CARTESIAN_POINT('',(-0.00585,0.0196447093021946,0.00897314933988261));
#4632=CARTESIAN_POINT('',(-0.00585,0.0195879905521946,0.00655));
#4633=CARTESIAN_POINT('',(-0.00585,0.0195879905521946,0.00655));
#4634=CARTESIAN_POINT('',(-0.00585,0.0195879905521946,0.00655));
#4635=CARTESIAN_POINT('',(-0.00585,0.0195312718021946,0.0041268506601174));
#4636=CARTESIAN_POINT('',(-0.0041365746699413,0.0194745530521946,0.0024134253300587));
#4637=CARTESIAN_POINT('',(-0.00242314933988261,0.0194178343021946,0.000699999999999999));
#4638=CARTESIAN_POINT('',(-1.21733215858804E-18,0.0193611155521946,0.0007));
#4639=CARTESIAN_POINT('',(0.00242314933988261,0.0193043968021946,0.000699999999999999));
#4640=CARTESIAN_POINT('',(0.0041365746699413,0.0192476780521946,0.0024134253300587));
#4641=CARTESIAN_POINT('',(0.00585,0.0191909593021946,0.0041268506601174));
#4642=CARTESIAN_POINT('',(0.00585,0.0191342405521946,0.00655));
#4643=CARTESIAN_POINT('',(0.00585,0.0191342405521946,0.00655));
#4644=CARTESIAN_POINT('',(0.00585,0.0191342405521946,0.00655));
#4645=CARTESIAN_POINT('',(0.00585,0.0190775218021946,0.00897314933988261));
#4646=CARTESIAN_POINT('',(0.0041365746699413,0.0190208030521946,0.0106865746699413));
#4647=CARTESIAN_POINT('',(0.00242314933988261,0.0189640843021946,0.0124));
#4648=CARTESIAN_POINT('',(-1.98931888460056E-18,0.0189073655521946,0.0124));
#4649=CARTESIAN_POINT('',(-0.00242314933988261,0.0188506468021946,0.0124));
#4650=CARTESIAN_POINT('',(-0.0041365746699413,0.0187939280521946,0.0106865746699413));
#4651=CARTESIAN_POINT('',(-0.00585,0.0187372093021946,0.00897314933988261));
#4652=CARTESIAN_POINT('',(-0.00585,0.0186804905521946,0.00655));
#4653=CARTESIAN_POINT('',(-0.00585,0.0186804905521946,0.00655));
#4654=CARTESIAN_POINT('',(-0.00585,0.0186804905521946,0.00655));
#4655=CARTESIAN_POINT('',(-0.00585,0.0186237718021946,0.0041268506601174));
#4656=CARTESIAN_POINT('',(-0.0041365746699413,0.0185670530521946,0.0024134253300587));
#4657=CARTESIAN_POINT('',(-0.00242314933988261,0.0185103343021946,0.000699999999999999));
#4658=CARTESIAN_POINT('',(-1.32846885561066E-18,0.0184536155521946,0.0007));
#4659=CARTESIAN_POINT('',(0.00242314933988261,0.0183968968021946,0.000699999999999999));
#4660=CARTESIAN_POINT('',(0.0041365746699413,0.0183401780521946,0.0024134253300587));
#4661=CARTESIAN_POINT('',(0.00585,0.0182834593021946,0.0041268506601174));
#4662=CARTESIAN_POINT('',(0.00585,0.0182267405521946,0.00655));
#4663=CARTESIAN_POINT('',(0.00585,0.0182267405521946,0.00655));
#4664=CARTESIAN_POINT('',(0.00585,0.0182267405521946,0.00655));
#4665=CARTESIAN_POINT('',(0.00585,0.0181700218021946,0.00897314933988261));
#4666=CARTESIAN_POINT('',(0.0041365746699413,0.0181133030521946,0.0106865746699413));
#4667=CARTESIAN_POINT('',(0.00242314933988261,0.0180565843021946,0.0124));
#4668=CARTESIAN_POINT('',(-2.10045558162318E-18,0.0179998655521946,0.0124));
#4669=CARTESIAN_POINT('',(-0.00242314933988261,0.0179431468021946,0.0124));
#4670=CARTESIAN_POINT('',(-0.0041365746699413,0.0178864280521946,0.0106865746699413));
#4671=CARTESIAN_POINT('',(-0.00585,0.0178297093021946,0.00897314933988261));
#4672=CARTESIAN_POINT('',(-0.00585,0.0177729905521946,0.00655));
#4673=CARTESIAN_POINT('',(-0.00585,0.0177729905521946,0.00655));
#4674=CARTESIAN_POINT('',(-0.00585,0.0177729905521946,0.00655));
#4675=CARTESIAN_POINT('',(-0.00585,0.0177162718021946,0.0041268506601174));
#4676=CARTESIAN_POINT('',(-0.0041365746699413,0.0176595530521946,0.0024134253300587));
#4677=CARTESIAN_POINT('',(-0.00242314933988261,0.0176028343021946,0.000699999999999999));
#4678=CARTESIAN_POINT('',(-1.43960555263329E-18,0.0175461155521946,0.0007));
#4679=CARTESIAN_POINT('',(0.00242314933988261,0.0174893968021946,0.000699999999999999));
#4680=CARTESIAN_POINT('',(0.0041365746699413,0.0174326780521946,0.0024134253300587));
#4681=CARTESIAN_POINT('',(0.00585,0.0173759593021946,0.0041268506601174));
#4682=CARTESIAN_POINT('',(0.00585,0.0173192405521946,0.00655));
#4683=CARTESIAN_POINT('',(0.00585,0.0173192405521946,0.00655));
#4684=CARTESIAN_POINT('',(0.00585,0.0173192405521946,0.00655));
#4685=CARTESIAN_POINT('',(0.00585,0.0172625218021946,0.00897314933988261));
#4686=CARTESIAN_POINT('',(0.0041365746699413,0.0172058030521946,0.0106865746699413));
#4687=CARTESIAN_POINT('',(0.00242314933988261,0.0171490843021946,0.0124));
#4688=CARTESIAN_POINT('',(-2.2115922786458E-18,0.0170923655521946,0.0124));
#4689=CARTESIAN_POINT('',(-0.00242314933988261,0.0170356468021946,0.0124));
#4690=CARTESIAN_POINT('',(-0.0041365746699413,0.0169789280521946,0.0106865746699413));
#4691=CARTESIAN_POINT('',(-0.00585,0.0169222093021946,0.00897314933988261));
#4692=CARTESIAN_POINT('',(-0.00585,0.0168654905521946,0.00655));
#4693=CARTESIAN_POINT('',(-0.00585,0.0168654905521946,0.00655));
#4694=CARTESIAN_POINT('',(-0.00585,0.0168654905521946,0.00655));
#4695=CARTESIAN_POINT('',(-0.00585,0.0168087718021946,0.0041268506601174));
#4696=CARTESIAN_POINT('',(-0.0041365746699413,0.0167520530521946,0.0024134253300587));
#4697=CARTESIAN_POINT('',(-0.00242314933988261,0.0166953343021946,0.000699999999999999));
#4698=CARTESIAN_POINT('',(-1.55074224965591E-18,0.0166386155521946,0.0007));
#4699=CARTESIAN_POINT('',(0.00242314933988261,0.0165818968021946,0.000699999999999999));
#4700=CARTESIAN_POINT('',(0.0041365746699413,0.0165251780521946,0.0024134253300587));
#4701=CARTESIAN_POINT('',(0.00585,0.0164684593021946,0.0041268506601174));
#4702=CARTESIAN_POINT('',(0.00585,0.0164117405521946,0.00655));
#4703=CARTESIAN_POINT('',(0.00585,0.0164117405521946,0.00655));
#4704=CARTESIAN_POINT('',(0.00585,0.0164117405521946,0.00655));
#4705=CARTESIAN_POINT('',(0.00585,0.0163550218021946,0.00897314933988261));
#4706=CARTESIAN_POINT('',(0.0041365746699413,0.0162983030521946,0.0106865746699413));
#4707=CARTESIAN_POINT('',(0.00242314933988261,0.0162415843021946,0.0124));
#4708=CARTESIAN_POINT('',(-2.32272897566842E-18,0.0161848655521946,0.0124));
#4709=CARTESIAN_POINT('',(-0.00242314933988261,0.0161281468021946,0.0124));
#4710=CARTESIAN_POINT('',(-0.0041365746699413,0.0160714280521946,0.0106865746699413));
#4711=CARTESIAN_POINT('',(-0.00585,0.0160147093021946,0.00897314933988261));
#4712=CARTESIAN_POINT('',(-0.00585,0.0159579905521946,0.00655));
#4713=CARTESIAN_POINT('',(-0.00585,0.0159579905521946,0.00655));
#4714=CARTESIAN_POINT('',(-0.00585,0.0159579905521946,0.00655));
#4715=CARTESIAN_POINT('',(-0.00585,0.0159012718021946,0.0041268506601174));
#4716=CARTESIAN_POINT('',(-0.0041365746699413,0.0158445530521946,0.0024134253300587));
#4717=CARTESIAN_POINT('',(-0.00242314933988261,0.0157878343021946,0.000699999999999999));
#4718=CARTESIAN_POINT('',(-1.66187894667853E-18,0.0157311155521946,0.0007));
#4719=CARTESIAN_POINT('',(0.00242314933988261,0.0156743968021946,0.000699999999999999));
#4720=CARTESIAN_POINT('',(0.0041365746699413,0.0156176780521946,0.0024134253300587));
#4721=CARTESIAN_POINT('',(0.00585,0.0155609593021946,0.0041268506601174));
#4722=CARTESIAN_POINT('',(0.00585,0.0155042405521946,0.00655));
#4723=CARTESIAN_POINT('',(0.00585,0.0155042405521946,0.00655));
#4724=CARTESIAN_POINT('',(0.00585,0.0155042405521946,0.00655));
#4725=CARTESIAN_POINT('',(0.00585,0.0154475218021946,0.00897314933988261));
#4726=CARTESIAN_POINT('',(0.0041365746699413,0.0153908030521946,0.0106865746699413));
#4727=CARTESIAN_POINT('',(0.00242314933988261,0.0153340843021946,0.0124));
#4728=CARTESIAN_POINT('',(-2.43386567269104E-18,0.0152773655521946,0.0124));
#4729=CARTESIAN_POINT('',(-0.00242314933988261,0.0152206468021946,0.0124));
#4730=CARTESIAN_POINT('',(-0.0041365746699413,0.0151639280521946,0.0106865746699413));
#4731=CARTESIAN_POINT('',(-0.00585,0.0151072093021946,0.00897314933988261));
#4732=CARTESIAN_POINT('',(-0.00585,0.0150504905521946,0.00655));
#4733=CARTESIAN_POINT('',(-0.00585,0.0150504905521946,0.00655));
#4734=CARTESIAN_POINT('',(-0.00585,0.0150504905521946,0.00655));
#4735=CARTESIAN_POINT('',(-0.00585,0.0149937718021946,0.0041268506601174));
#4736=CARTESIAN_POINT('',(-0.0041365746699413,0.0149370530521946,0.0024134253300587));
#4737=CARTESIAN_POINT('',(-0.00242314933988261,0.0148803343021946,0.000699999999999999));
#4738=CARTESIAN_POINT('',(-1.77301564370115E-18,0.0148236155521946,0.0007));
#4739=CARTESIAN_POINT('',(0.00242314933988261,0.0147668968021946,0.000699999999999999));
#4740=CARTESIAN_POINT('',(0.0041365746699413,0.0147101780521946,0.0024134253300587));
#4741=CARTESIAN_POINT('',(0.00585,0.0146534593021946,0.0041268506601174));
#4742=CARTESIAN_POINT('',(0.00585,0.0145967405521946,0.00655));
#4743=CARTESIAN_POINT('',(0.00585,0.0145967405521946,0.00655));
#4744=CARTESIAN_POINT('',(0.00585,0.0145967405521946,0.00655));
#4745=CARTESIAN_POINT('',(0.00585,0.0145400218021946,0.00897314933988261));
#4746=CARTESIAN_POINT('',(0.0041365746699413,0.0144833030521946,0.0106865746699413));
#4747=CARTESIAN_POINT('',(0.00242314933988261,0.0144265843021946,0.0124));
#4748=CARTESIAN_POINT('',(-2.54500236971366E-18,0.0143698655521946,0.0124));
#4749=CARTESIAN_POINT('',(-0.00242314933988261,0.0143131468021946,0.0124));
#4750=CARTESIAN_POINT('',(-0.0041365746699413,0.0142564280521946,0.0106865746699413));
#4751=CARTESIAN_POINT('',(-0.00585,0.0141997093021946,0.00897314933988261));
#4752=CARTESIAN_POINT('',(-0.00585,0.0141429905521946,0.00655));
#4753=CARTESIAN_POINT('',(-0.00585,0.0141429905521946,0.00655));
#4754=CARTESIAN_POINT('',(-0.00585,0.0141429905521946,0.00655));
#4755=CARTESIAN_POINT('',(-0.00585,0.0140862718021946,0.0041268506601174));
#4756=CARTESIAN_POINT('',(-0.0041365746699413,0.0140295530521946,0.0024134253300587));
#4757=CARTESIAN_POINT('',(-0.00242314933988261,0.0139728343021946,0.000699999999999999));
#4758=CARTESIAN_POINT('',(-1.88415234072377E-18,0.0139161155521946,0.0007));
#4759=CARTESIAN_POINT('',(-1.88415234072377E-18,0.0139161155521946,0.0007));
#4760=CARTESIAN_POINT('',(-1.92233504148315E-18,0.0136043301395682,0.00124998295418251));
#4761=CARTESIAN_POINT('',(-1.86480064492479E-18,0.0140741341401864,0.000421258512040791));
#4762=CARTESIAN_POINT('',(-1.03377175445838E-18,0.02086,0.0007));
#4763=CARTESIAN_POINT('',(-1.03377175445838E-18,0.02086,0.00655));
#4764=CARTESIAN_POINT('',(-1.03377175445838E-18,0.02086,0.00655));
#4765=CARTESIAN_POINT('',(0.00738,0.0121,0.0007));
#4766=CARTESIAN_POINT('',(0.00738,0.0121,0.0007));
#4767=CARTESIAN_POINT('',(0.00738,0.0121,0.0007));
#4768=CARTESIAN_POINT('',(0.00738,-0.00162,0.0132));
#4769=CARTESIAN_POINT('',(0.00738,-0.00162,0.0132));
#4770=CARTESIAN_POINT('',(0.00738,-0.00162,0.0132));
#4771=CARTESIAN_POINT('',(0.00738,-0.00162,0.0007));
#4772=CARTESIAN_POINT('',(0.00738,-0.00162,0.0007));
#4773=CARTESIAN_POINT('',(0.00738,0.00084999999999986,0.0007));
#4774=CARTESIAN_POINT('',(0.00738,0.00154999999999986,0.0007));
#4775=CARTESIAN_POINT('',(0.00738,0.00224999999999986,0.0007));
#4776=CARTESIAN_POINT('',(0.00738,-0.00162,0.0007));
#4777=CARTESIAN_POINT('',(0.00738,0.00904999999999985,0.0007));
#4778=CARTESIAN_POINT('',(0.00738,0.00974999999999985,0.0007));
#4779=CARTESIAN_POINT('',(0.00738,0.0104499999999998,0.0007));
#4780=CARTESIAN_POINT('',(0.00738,-0.00162,0.0007));
#4781=CARTESIAN_POINT('',(-0.00738,0.0121,0.0007));
#4782=CARTESIAN_POINT('',(-0.00738,-0.00162,0.0132));
#4783=CARTESIAN_POINT('',(-0.00738,0.0121,0.0007));
#4784=CARTESIAN_POINT('',(-0.00738,0.0121,0.0007));
#4785=CARTESIAN_POINT('',(-0.00738,-0.00162,0.0007));
#4786=CARTESIAN_POINT('',(-0.00738,-0.00162,0.0007));
#4787=CARTESIAN_POINT('',(-0.00738,-0.00162,0.0007));
#4788=CARTESIAN_POINT('',(-0.00738,-0.00162,0.0007));
#4789=CARTESIAN_POINT('',(-0.00738,-0.00162,0.0132));
#4790=CARTESIAN_POINT('',(-0.00738,-0.00162,0.0132));
#4791=CARTESIAN_POINT('',(-0.00738,0.0121,0.0132));
#4792=CARTESIAN_POINT('',(-0.00738,-0.00162,0.0132));
#4793=CARTESIAN_POINT('',(-0.00738,0.0121,0.0132));
#4794=CARTESIAN_POINT('',(-0.00738,-0.00162,0.0007));
#4795=CARTESIAN_POINT('',(-0.00738,-0.00162,0.0007));
#4796=CARTESIAN_POINT('',(-0.00738,-0.00162,0.0007));
#4797=CARTESIAN_POINT('',(-0.00738,0.0121,0.0007));
#4798=CARTESIAN_POINT('',(-2.10656235051146E-18,0.0121,0.0007));
#4799=CARTESIAN_POINT('',(-0.00738,0.0121,0.0007));
#4800=CARTESIAN_POINT('',(0.00894524758424985,0.0104499999999998,0.0007));
#4801=CARTESIAN_POINT('',(0.00894524758424985,0.00904999999999985,0.0007));
#4802=CARTESIAN_POINT('',(0.00894524758424985,0.00224999999999986,0.0007));
#4803=CARTESIAN_POINT('',(0.00894524758424985,0.00084999999999986,0.0007));
#4804=CARTESIAN_POINT('',(-0.00738,0.0121,0.0007));
#4805=CARTESIAN_POINT('',(-2.10656235051146E-18,0.0121,0.00655));
#4806=CARTESIAN_POINT('',(0.00894524758424985,0.00154999999999986,0.0007));
#4807=CARTESIAN_POINT('',(0.00894524758424985,0.00974999999999985,0.0007));
#4808=CARTESIAN_POINT('',(-0.00738,-0.00162,0.0132));
#4809=CARTESIAN_POINT('',(-3.78677775894163E-18,-0.00162,0.00655));
#4810=CARTESIAN_POINT('',(0.00574415410190827,-0.00162,0.00468844376811489));
#4811=CARTESIAN_POINT('',(0.00574415410190824,-0.00162,0.0092115562318852));
#4812=CARTESIAN_POINT('',(-0.00544169637214453,-0.00162,0.0115584826999869));
#4813=CARTESIAN_POINT('',(-0.00456669637214453,-0.00162,0.0115584826999869));
#4814=CARTESIAN_POINT('',(0.00544169637214453,-0.00162,0.00234151730001311));
#4815=CARTESIAN_POINT('',(0.00631669637214453,-0.00162,0.00234151730001311));
#4816=CARTESIAN_POINT('',(-1.03377175445838E-18,0.02086,0.00655));
#4817=CARTESIAN_POINT('',(-1.04907983944772E-18,0.020735,0.00655));
#4818=CARTESIAN_POINT('',(-1.04907983944772E-18,0.020735,0.00655));
#4819=CARTESIAN_POINT('',(-3.23568669932532E-18,0.00288,0.00655));
#4820=CARTESIAN_POINT('',(-0.00544169637214453,0.00272,0.0115584826999869));
#4821=CARTESIAN_POINT('',(0.00544169637214453,0.00272,0.00234151730001311));
#4822=CARTESIAN_POINT('',(0.00574415410190827,-0.00232,0.00468844376811489));
#4823=CARTESIAN_POINT('',(0.00574415410190824,-0.00232,0.0092115562318852));
#4824=CARTESIAN_POINT('',(0.,0.,0.));
#4825=CARTESIAN_POINT('',(-1.03377175445838E-18,0.02086,0.00655));
#4826=CARTESIAN_POINT('',(-1.03377175445838E-18,0.02086,0.00655));
#4827=CARTESIAN_POINT('',(-0.00103,0.02086,0.00655));
#4828=CARTESIAN_POINT('',(-1.03377175445838E-18,0.02086,0.00655));
#4829=CARTESIAN_POINT('',(-0.00236,0.02086,0.00655));
#4830=CARTESIAN_POINT('',(3.50408441942938E-21,0.02933,0.00655));
#4831=CARTESIAN_POINT('',(3.50408441942938E-21,0.02933,0.00655));
#4832=CARTESIAN_POINT('',(-0.00236,0.02933,0.00655));
#4833=CARTESIAN_POINT('',(3.50408441942938E-21,0.02933,0.00655));
#4834=CARTESIAN_POINT('',(-0.00109,0.02933,0.00655));
#4835=CARTESIAN_POINT('',(3.50408441942938E-21,0.02933,0.00655));
#4836=CARTESIAN_POINT('',(3.50408441942938E-21,0.02933,0.00655));
#4837=CARTESIAN_POINT('',(-3.84379637545451E-21,0.02927,0.00655));
#4838=CARTESIAN_POINT('',(-0.00103,0.02927,0.00655));
#4839=CARTESIAN_POINT('',(-3.84379637545451E-21,0.02927,0.00655));
#4840=CARTESIAN_POINT('',(0.,0.,0.));
#4841=CARTESIAN_POINT('',(-9.91521439887795E-19,0.021205,0.00655));
#4842=CARTESIAN_POINT('',(-9.91521439887795E-19,0.021205,0.00655));
#4843=CARTESIAN_POINT('',(-0.000685000000000001,0.021205,0.00655));
#4844=CARTESIAN_POINT('',(-1.03377175445838E-18,0.02086,0.00655));
#4845=CARTESIAN_POINT('',(-1.03377175445838E-18,0.02086,0.00655));
#4846=CARTESIAN_POINT('',(-0.00103,0.02086,0.00655));
#4847=CARTESIAN_POINT('',(-3.84379637545451E-21,0.02927,0.00655));
#4848=CARTESIAN_POINT('',(-3.84379637545451E-21,0.02927,0.00655));
#4849=CARTESIAN_POINT('',(-0.00103,0.02927,0.00655));
#4850=CARTESIAN_POINT('',(-3.84379637545451E-21,0.02927,0.00655));
#4851=CARTESIAN_POINT('',(-0.000745,0.02927,0.00655));
#4852=CARTESIAN_POINT('',(-3.84379637545451E-21,0.02927,0.00655));
#4853=CARTESIAN_POINT('',(-3.84379637545451E-21,0.02927,0.00655));
#4854=CARTESIAN_POINT('',(-1.11916771703384E-20,0.02921,0.00655));
#4855=CARTESIAN_POINT('',(-0.000685,0.02921,0.00655));
#4856=CARTESIAN_POINT('',(-1.11916771703384E-20,0.02921,0.00655));
#4857=CARTESIAN_POINT('',(0.,0.,0.));
#4858=CARTESIAN_POINT('',(-8.22211915208847E-20,0.02863,0.001089));
#4859=CARTESIAN_POINT('',(-8.22211915208847E-20,0.02863,0.001089));
#4860=CARTESIAN_POINT('',(3.41202543981137E-20,0.02958,0.001089));
#4861=CARTESIAN_POINT('',(-8.22211915208847E-20,0.02863,0.012011));
#4862=CARTESIAN_POINT('',(-8.22211915208847E-20,0.02863,0.012011));
#4863=CARTESIAN_POINT('',(3.41202543981137E-20,0.02958,0.012011));
#4864=CARTESIAN_POINT('',(0.0016,0.0299236860279186,0.002025));
#4865=CARTESIAN_POINT('',(-0.0016,0.0299236860279186,0.002025));
#4866=CARTESIAN_POINT('',(-0.0016,0.0273363139720814,0.002025));
#4867=CARTESIAN_POINT('',(-0.0016,0.0299236860279186,0.002025));
#4868=CARTESIAN_POINT('',(0.0016,0.0299236860279186,0.002025));
#4869=CARTESIAN_POINT('',(0.0016,0.0299236860279186,0.002025));
#4870=CARTESIAN_POINT('',(0.0016,0.0299236860279186,0.002025));
#4871=CARTESIAN_POINT('',(0.0016,0.0273363139720814,0.002025));
#4872=CARTESIAN_POINT('',(0.0016,0.0273363139720814,0.002025));
#4873=CARTESIAN_POINT('',(-8.22211915208847E-20,0.02863,0.002025));
#4874=CARTESIAN_POINT('',(3.41202543981137E-20,0.02958,0.002025));
#4875=CARTESIAN_POINT('',(-0.0016,0.0273363139720814,0.002025));
#4876=CARTESIAN_POINT('',(-0.0016,0.03286,0.0020245166004061));
#4877=CARTESIAN_POINT('',(-0.0016,0.0273354766994244,0.0020245166004061));
#4878=CARTESIAN_POINT('',(-0.0016,0.0299245233005755,0.0020245166004061));
#4879=CARTESIAN_POINT('',(-0.0016,0.0299236860279186,0.002025));
#4880=CARTESIAN_POINT('',(-0.0016,0.0273363139720814,0.002025));
#4881=CARTESIAN_POINT('',(0.0016,0.0273363139720814,0.002025));
#4882=CARTESIAN_POINT('',(0.0016,0.0273363139720814,0.002025));
#4883=CARTESIAN_POINT('',(0.0016,0.0273354766994244,0.0020245166004061));
#4884=CARTESIAN_POINT('',(0.0016,0.0299236860279186,0.002025));
#4885=CARTESIAN_POINT('',(0.0016,0.0299245233005755,0.0020245166004061));
#4886=CARTESIAN_POINT('',(0.0016,0.03286,0.0020245166004061));
#4887=CARTESIAN_POINT('',(0.0016,0.0299236860279186,0.002025));
#4888=CARTESIAN_POINT('',(-8.83610937247735E-19,0.0220861561236692,0.00655));
#4889=CARTESIAN_POINT('',(0.0016,0.0273363139720814,0.002025));
#4890=CARTESIAN_POINT('',(7.19168554205961E-19,0.0351738438763307,0.00655));
#4891=CARTESIAN_POINT('',(-0.0016,0.0273363139720814,0.002025));
#4892=CARTESIAN_POINT('',(-0.0016,0.03286,0.0110754833995939));
#4893=CARTESIAN_POINT('',(-0.0016,0.0299245233005755,0.0110754833995939));
#4894=CARTESIAN_POINT('',(-0.0016,0.0273354766994244,0.0110754833995939));
#4895=CARTESIAN_POINT('',(-0.0016,0.0273363139720814,0.011075));
#4896=CARTESIAN_POINT('',(-0.0016,0.0273363139720814,0.011075));
#4897=CARTESIAN_POINT('',(-0.0016,0.0299236860279186,0.011075));
#4898=CARTESIAN_POINT('',(-0.0016,0.0299236860279186,0.011075));
#4899=CARTESIAN_POINT('',(-0.0016,0.0299236860279186,0.011075));
#4900=CARTESIAN_POINT('',(0.0016,0.0273363139720814,0.002025));
#4901=CARTESIAN_POINT('',(0.0016,0.0240643920339162,0.00769213503530163));
#4902=CARTESIAN_POINT('',(0.0016,0.0299245233005755,0.0110754833995939));
#4903=CARTESIAN_POINT('',(0.0016,0.0299236860279186,0.011075));
#4904=CARTESIAN_POINT('',(0.0016,0.0273363139720814,0.011075));
#4905=CARTESIAN_POINT('',(0.0016,0.0273363139720814,0.011075));
#4906=CARTESIAN_POINT('',(0.0016,0.031255078924206,0.0088125));
#4907=CARTESIAN_POINT('',(0.0016,0.0273354766994244,0.0110754833995939));
#4908=CARTESIAN_POINT('',(0.0016,0.03286,0.0110754833995939));
#4909=CARTESIAN_POINT('',(0.0016,0.0273363139720814,0.011075));
#4910=CARTESIAN_POINT('',(7.19168554205961E-19,0.0351738438763307,0.00655));
#4911=CARTESIAN_POINT('',(0.0016,0.0273363139720814,0.011075));
#4912=CARTESIAN_POINT('',(0.0016,0.0299236860279186,0.011075));
#4913=CARTESIAN_POINT('',(0.0016,0.0299236860279186,0.011075));
#4914=CARTESIAN_POINT('',(-8.83610937247735E-19,0.0220861561236692,0.00655));
#4915=CARTESIAN_POINT('',(-1.00315558447969E-18,0.02111,0.00655));
#4916=CARTESIAN_POINT('',(-1.00315558447969E-18,0.02111,0.00655));
#4917=CARTESIAN_POINT('',(-0.00236,0.02111,0.00655));
#4918=CARTESIAN_POINT('',(-1.00315558447969E-18,0.02111,0.00655));
#4919=CARTESIAN_POINT('',(-0.00405,0.02111,0.00655));
#4920=CARTESIAN_POINT('',(-2.41186185615141E-18,0.02086,-0.0064614213562373));
#4921=CARTESIAN_POINT('',(-1.03377175445838E-18,0.02086,0.00655));
#4922=CARTESIAN_POINT('',(-0.00236,0.02086,0.00655));
#4923=CARTESIAN_POINT('',(-1.03377175445838E-18,0.02086,0.00655));
#4924=CARTESIAN_POINT('',(-0.0048,0.02086,0.00655));
#4925=CARTESIAN_POINT('',(-9.42285697174588E-19,0.03286,-0.0064614213562373));
#4926=CARTESIAN_POINT('',(4.35804404518445E-19,0.03286,0.00655));
#4927=CARTESIAN_POINT('',(-0.0048,0.03286,0.00655));
#4928=CARTESIAN_POINT('',(4.35804404518445E-19,0.03286,0.00655));
#4929=CARTESIAN_POINT('',(-0.00405,0.03286,0.00655));
#4930=CARTESIAN_POINT('',(0.0016,0.0299236860279186,0.011075));
#4931=CARTESIAN_POINT('',(-8.22211915208847E-20,0.02863,0.011075));
#4932=CARTESIAN_POINT('',(-1.98562637439883E-19,0.02768,0.011075));
#4933=CARTESIAN_POINT('',(4.35804404518445E-19,0.03286,0.00655));
#4934=CARTESIAN_POINT('',(4.35804404518445E-19,0.03286,0.00655));
#4935=CARTESIAN_POINT('',(-1.00315558447969E-18,0.02111,0.00655));
#4936=CARTESIAN_POINT('',(-8.22211915208847E-20,0.02863,0.001089));
#4937=CARTESIAN_POINT('',(-8.22211915208847E-20,0.02863,0.001089));
#4938=CARTESIAN_POINT('',(0.,0.,0.));
#4939=CARTESIAN_POINT('',(-3.23568669932532E-18,0.00288,0.00655));
#4940=CARTESIAN_POINT('',(-0.00254,0.00288,0.00655));
#4941=CARTESIAN_POINT('',(-0.001905,0.00288,0.00655));
#4942=CARTESIAN_POINT('',(-3.23568669932532E-18,0.00288,0.00655));
#4943=CARTESIAN_POINT('',(0.003935,0.00288,0.00655));
#4944=CARTESIAN_POINT('',(-3.23568669932532E-18,0.00288,0.00655));
#4945=CARTESIAN_POINT('',(0.0014,0.00288,0.00655));
#4946=CARTESIAN_POINT('',(-3.27487539689804E-18,0.00256,0.00655));
#4947=CARTESIAN_POINT('',(-0.00254,0.00256,0.00655));
#4948=CARTESIAN_POINT('',(-0.001905,0.00256,0.00655));
#4949=CARTESIAN_POINT('',(-3.27487539689804E-18,0.00256,0.00655));
#4950=CARTESIAN_POINT('',(0.003935,0.00256,0.00655));
#4951=CARTESIAN_POINT('',(-3.27487539689804E-18,0.00256,0.00655));
#4952=CARTESIAN_POINT('',(0.0014,0.00256,0.00655));
#4953=CARTESIAN_POINT('',(-3.27487539689804E-18,0.00256,0.00655));
#4954=CARTESIAN_POINT('',(-3.27487539689804E-18,0.00256,0.00655));
#4955=CARTESIAN_POINT('',(-0.00254,0.00256,0.00655));
#4956=CARTESIAN_POINT('',(0.,0.,0.));
#4957=CARTESIAN_POINT('',(-3.64137043930488E-18,1.00000000000013E-5,0.0069));
#4958=CARTESIAN_POINT('',(-3.58716033068061E-18,1.00000000000013E-5,0.00655));
#4959=CARTESIAN_POINT('',(0.000349999999999997,1.00000000000013E-5,0.00655));
#4960=CARTESIAN_POINT('',(-0.00035,1.00000000000014E-5,0.00655));
#4961=CARTESIAN_POINT('',(-3.58716033068061E-18,1.00000000000013E-5,0.00655));
#4962=CARTESIAN_POINT('',(-1.7935801653403E-18,1.00000000000013E-5,-0.00503));
#4963=CARTESIAN_POINT('',(-1.75071752737015E-18,0.000360000000000001,-0.00503));
#4964=CARTESIAN_POINT('',(-3.63002296865076E-18,-0.000339999999999997,0.00655));
#4965=CARTESIAN_POINT('',(-3.58716033068061E-18,1.00000000000013E-5,0.00655));
#4966=CARTESIAN_POINT('',(-3.23568669932532E-18,0.00288,0.00655));
#4967=CARTESIAN_POINT('',(0.000349999999999997,0.00288,0.00655));
#4968=CARTESIAN_POINT('',(-3.58716033068061E-18,1.00000000000013E-5,0.00655));
#4969=CARTESIAN_POINT('',(0.000349999999999997,0.00036,-0.00503));
#4970=CARTESIAN_POINT('',(0.00035,0.00288,0.0062));
#4971=CARTESIAN_POINT('',(0.,0.,0.));
#4972=CARTESIAN_POINT('',(-0.00254,1.00000000000016E-5,0.00655));
#4973=CARTESIAN_POINT('',(-0.00254,1.00000000000016E-5,0.00655));
#4974=CARTESIAN_POINT('',(-0.00289,1.00000000000017E-5,0.00655));
#4975=CARTESIAN_POINT('',(-0.00219,1.00000000000016E-5,0.00655));
#4976=CARTESIAN_POINT('',(-0.00254,1.00000000000016E-5,0.00655));
#4977=CARTESIAN_POINT('',(-0.00254,1.00000000000016E-5,0.0069));
#4978=CARTESIAN_POINT('',(-0.00254,1.00000000000016E-5,-0.00503));
#4979=CARTESIAN_POINT('',(-0.00254,0.000360000000000002,-0.00503));
#4980=CARTESIAN_POINT('',(-0.00254,1.00000000000016E-5,0.00655));
#4981=CARTESIAN_POINT('',(-0.00254,-0.000339999999999997,0.00655));
#4982=CARTESIAN_POINT('',(-0.00254,0.00288,0.00655));
#4983=CARTESIAN_POINT('',(-0.00219,0.00288,0.00655));
#4984=CARTESIAN_POINT('',(-0.00219,0.00036,-0.00503));
#4985=CARTESIAN_POINT('',(-0.00219,0.00288,0.0062));
#4986=CARTESIAN_POINT('',(0.,0.,0.));
#4987=CARTESIAN_POINT('',(-0.00488,0.004485,-0.0036));
#4988=CARTESIAN_POINT('',(-0.00488,0.00394,-0.00185784609690827));
#4989=CARTESIAN_POINT('',(-0.00488,0.004485,-0.0036));
#4990=CARTESIAN_POINT('',(-0.00488,0.00394,-0.00185784609690827));
#4991=CARTESIAN_POINT('',(-0.00488,0.004485,-0.0036));
#4992=CARTESIAN_POINT('',(-0.00488,0.00476,-0.0036));
#4993=CARTESIAN_POINT('',(-0.00488,0.00476,-0.0036));
#4994=CARTESIAN_POINT('',(-0.00488,0.00476,0.0007));
#4995=CARTESIAN_POINT('',(-0.00488,0.00476,0.0007));
#4996=CARTESIAN_POINT('',(-0.00488,0.00406,0.0007));
#4997=CARTESIAN_POINT('',(-0.00488,0.00406,0.0007));
#4998=CARTESIAN_POINT('',(-0.00488,0.00406,-0.00165));
#4999=CARTESIAN_POINT('',(-0.00488,0.00406,-0.00165));
#5000=CARTESIAN_POINT('',(-0.00528,0.004485,-0.0036));
#5001=CARTESIAN_POINT('',(-0.00528,0.00394,-0.00185784609690827));
#5002=CARTESIAN_POINT('',(-0.00528,0.004485,-0.0036));
#5003=CARTESIAN_POINT('',(-0.00528,0.00394,-0.00185784609690827));
#5004=CARTESIAN_POINT('',(-0.00528,0.00406,-0.00165));
#5005=CARTESIAN_POINT('',(-0.00528,0.00406,-0.00165));
#5006=CARTESIAN_POINT('',(-0.00528,0.00406,0.0007));
#5007=CARTESIAN_POINT('',(-0.00528,0.00406,0.0007));
#5008=CARTESIAN_POINT('',(-0.00528,0.00476,0.0007));
#5009=CARTESIAN_POINT('',(-0.00528,0.00476,0.0007));
#5010=CARTESIAN_POINT('',(-0.00528,0.00476,-0.0036));
#5011=CARTESIAN_POINT('',(-0.00528,0.00476,-0.0036));
#5012=CARTESIAN_POINT('',(-0.00528,0.004485,-0.0036));
#5013=CARTESIAN_POINT('',(-0.00528,0.004485,-0.0036));
#5014=CARTESIAN_POINT('',(-0.00528,0.004485,-0.0036));
#5015=CARTESIAN_POINT('',(-0.00528,0.00476,-0.0036));
#5016=CARTESIAN_POINT('',(-0.00528,0.00476,-0.0036));
#5017=CARTESIAN_POINT('',(-0.00528,0.00476,0.0007));
#5018=CARTESIAN_POINT('',(-0.00528,0.00476,0.0007));
#5019=CARTESIAN_POINT('',(-0.00528,0.00406,0.0007));
#5020=CARTESIAN_POINT('',(-0.00528,0.00406,0.0007));
#5021=CARTESIAN_POINT('',(-0.00528,0.00406,-0.00165));
#5022=CARTESIAN_POINT('',(-0.00528,0.00406,-0.00165));
#5023=CARTESIAN_POINT('',(-0.00528,0.00394,-0.00185784609690827));
#5024=CARTESIAN_POINT('',(-0.00528,0.00394,-0.00185784609690827));
#5025=CARTESIAN_POINT('',(0.,0.,0.));
#5026=CARTESIAN_POINT('',(-0.00488,0.00612,0.0007));
#5027=CARTESIAN_POINT('',(-0.00488,0.00542,0.0007));
#5028=CARTESIAN_POINT('',(-0.00488,0.00542,0.0007));
#5029=CARTESIAN_POINT('',(-0.00488,0.00612,0.0007));
#5030=CARTESIAN_POINT('',(-0.00488,0.00542,-0.0036));
#5031=CARTESIAN_POINT('',(-0.00488,0.00542,-0.0036));
#5032=CARTESIAN_POINT('',(-0.00488,0.005695,-0.0036));
#5033=CARTESIAN_POINT('',(-0.00488,0.005695,-0.0036));
#5034=CARTESIAN_POINT('',(-0.00488,0.00624,-0.00185784609690827));
#5035=CARTESIAN_POINT('',(-0.00488,0.00624,-0.00185784609690827));
#5036=CARTESIAN_POINT('',(-0.00488,0.00612,-0.00165));
#5037=CARTESIAN_POINT('',(-0.00488,0.00612,-0.00165));
#5038=CARTESIAN_POINT('',(-0.00488,0.00612,0.0007));
#5039=CARTESIAN_POINT('',(-0.00528,0.00612,0.0007));
#5040=CARTESIAN_POINT('',(-0.00528,0.00542,0.0007));
#5041=CARTESIAN_POINT('',(-0.00528,0.00542,0.0007));
#5042=CARTESIAN_POINT('',(-0.00528,0.00612,0.0007));
#5043=CARTESIAN_POINT('',(-0.00528,0.00612,0.0007));
#5044=CARTESIAN_POINT('',(-0.00528,0.00612,-0.00165));
#5045=CARTESIAN_POINT('',(-0.00528,0.00612,-0.00165));
#5046=CARTESIAN_POINT('',(-0.00528,0.00624,-0.00185784609690827));
#5047=CARTESIAN_POINT('',(-0.00528,0.00624,-0.00185784609690827));
#5048=CARTESIAN_POINT('',(-0.00528,0.005695,-0.0036));
#5049=CARTESIAN_POINT('',(-0.00528,0.005695,-0.0036));
#5050=CARTESIAN_POINT('',(-0.00528,0.00542,-0.0036));
#5051=CARTESIAN_POINT('',(-0.00528,0.00542,-0.0036));
#5052=CARTESIAN_POINT('',(-0.00528,0.00542,-0.0036));
#5053=CARTESIAN_POINT('',(-0.00528,0.00542,0.0007));
#5054=CARTESIAN_POINT('',(-0.00528,0.00542,-0.0036));
#5055=CARTESIAN_POINT('',(-0.00528,0.005695,-0.0036));
#5056=CARTESIAN_POINT('',(-0.00528,0.005695,-0.0036));
#5057=CARTESIAN_POINT('',(-0.00528,0.00624,-0.00185784609690827));
#5058=CARTESIAN_POINT('',(-0.00528,0.00624,-0.00185784609690827));
#5059=CARTESIAN_POINT('',(-0.00528,0.00612,-0.00165));
#5060=CARTESIAN_POINT('',(-0.00528,0.00612,-0.00165));
#5061=CARTESIAN_POINT('',(-0.00528,0.00612,0.0007));
#5062=CARTESIAN_POINT('',(-0.00528,0.00612,0.0007));
#5063=CARTESIAN_POINT('',(-0.00528,0.00542,0.0007));
#5064=CARTESIAN_POINT('',(0.,0.,0.));
#5065=CARTESIAN_POINT('',(0.00488,0.00612,0.0007));
#5066=CARTESIAN_POINT('',(0.00488,0.00542,0.0007));
#5067=CARTESIAN_POINT('',(0.00488,0.00542,0.0007));
#5068=CARTESIAN_POINT('',(0.00488,0.00612,0.0007));
#5069=CARTESIAN_POINT('',(0.00488,0.00612,0.0007));
#5070=CARTESIAN_POINT('',(0.00488,0.00612,-0.00165));
#5071=CARTESIAN_POINT('',(0.00488,0.00612,-0.00165));
#5072=CARTESIAN_POINT('',(0.00488,0.00624,-0.00185784609690827));
#5073=CARTESIAN_POINT('',(0.00488,0.00624,-0.00185784609690827));
#5074=CARTESIAN_POINT('',(0.00488,0.005695,-0.0036));
#5075=CARTESIAN_POINT('',(0.00488,0.005695,-0.0036));
#5076=CARTESIAN_POINT('',(0.00488,0.00542,-0.0036));
#5077=CARTESIAN_POINT('',(0.00488,0.00542,-0.0036));
#5078=CARTESIAN_POINT('',(0.00528,0.00612,0.0007));
#5079=CARTESIAN_POINT('',(0.00528,0.00542,0.0007));
#5080=CARTESIAN_POINT('',(0.00528,0.00542,0.0007));
#5081=CARTESIAN_POINT('',(0.00528,0.00612,0.0007));
#5082=CARTESIAN_POINT('',(0.00528,0.00542,-0.0036));
#5083=CARTESIAN_POINT('',(0.00528,0.00542,-0.0036));
#5084=CARTESIAN_POINT('',(0.00528,0.005695,-0.0036));
#5085=CARTESIAN_POINT('',(0.00528,0.005695,-0.0036));
#5086=CARTESIAN_POINT('',(0.00528,0.00624,-0.00185784609690827));
#5087=CARTESIAN_POINT('',(0.00528,0.00624,-0.00185784609690827));
#5088=CARTESIAN_POINT('',(0.00528,0.00612,-0.00165));
#5089=CARTESIAN_POINT('',(0.00528,0.00612,-0.00165));
#5090=CARTESIAN_POINT('',(0.00528,0.00612,0.0007));
#5091=CARTESIAN_POINT('',(0.00528,0.00542,-0.0036));
#5092=CARTESIAN_POINT('',(0.00528,0.00542,-0.0036));
#5093=CARTESIAN_POINT('',(0.00528,0.00542,0.0007));
#5094=CARTESIAN_POINT('',(0.00528,0.005695,-0.0036));
#5095=CARTESIAN_POINT('',(0.00528,0.005695,-0.0036));
#5096=CARTESIAN_POINT('',(0.00528,0.00624,-0.00185784609690827));
#5097=CARTESIAN_POINT('',(0.00528,0.00624,-0.00185784609690827));
#5098=CARTESIAN_POINT('',(0.00528,0.00612,-0.00165));
#5099=CARTESIAN_POINT('',(0.00528,0.00612,-0.00165));
#5100=CARTESIAN_POINT('',(0.00528,0.00612,0.0007));
#5101=CARTESIAN_POINT('',(0.00528,0.00612,0.0007));
#5102=CARTESIAN_POINT('',(0.00528,0.00542,0.0007));
#5103=CARTESIAN_POINT('',(0.,0.,0.));
#5104=CARTESIAN_POINT('',(0.00488,0.004485,-0.0036));
#5105=CARTESIAN_POINT('',(0.00488,0.00394,-0.00185784609690827));
#5106=CARTESIAN_POINT('',(0.00488,0.004485,-0.0036));
#5107=CARTESIAN_POINT('',(0.00488,0.00394,-0.00185784609690827));
#5108=CARTESIAN_POINT('',(0.00488,0.00406,-0.00165));
#5109=CARTESIAN_POINT('',(0.00488,0.00406,-0.00165));
#5110=CARTESIAN_POINT('',(0.00488,0.00406,0.0007));
#5111=CARTESIAN_POINT('',(0.00488,0.00406,0.0007));
#5112=CARTESIAN_POINT('',(0.00488,0.00476,0.0007));
#5113=CARTESIAN_POINT('',(0.00488,0.00476,0.0007));
#5114=CARTESIAN_POINT('',(0.00488,0.00476,-0.0036));
#5115=CARTESIAN_POINT('',(0.00488,0.00476,-0.0036));
#5116=CARTESIAN_POINT('',(0.00488,0.004485,-0.0036));
#5117=CARTESIAN_POINT('',(0.00528,0.004485,-0.0036));
#5118=CARTESIAN_POINT('',(0.00528,0.00394,-0.00185784609690827));
#5119=CARTESIAN_POINT('',(0.00528,0.004485,-0.0036));
#5120=CARTESIAN_POINT('',(0.00528,0.00394,-0.00185784609690827));
#5121=CARTESIAN_POINT('',(0.00528,0.004485,-0.0036));
#5122=CARTESIAN_POINT('',(0.00528,0.00476,-0.0036));
#5123=CARTESIAN_POINT('',(0.00528,0.00476,-0.0036));
#5124=CARTESIAN_POINT('',(0.00528,0.00476,0.0007));
#5125=CARTESIAN_POINT('',(0.00528,0.00476,0.0007));
#5126=CARTESIAN_POINT('',(0.00528,0.00406,0.0007));
#5127=CARTESIAN_POINT('',(0.00528,0.00406,0.0007));
#5128=CARTESIAN_POINT('',(0.00528,0.00406,-0.00165));
#5129=CARTESIAN_POINT('',(0.00528,0.00406,-0.00165));
#5130=CARTESIAN_POINT('',(0.00528,0.004485,-0.0036));
#5131=CARTESIAN_POINT('',(0.00528,0.00476,-0.0036));
#5132=CARTESIAN_POINT('',(0.00528,0.004485,-0.0036));
#5133=CARTESIAN_POINT('',(0.00528,0.00476,-0.0036));
#5134=CARTESIAN_POINT('',(0.00528,0.00476,0.0007));
#5135=CARTESIAN_POINT('',(0.00528,0.00476,0.0007));
#5136=CARTESIAN_POINT('',(0.00528,0.00406,0.0007));
#5137=CARTESIAN_POINT('',(0.00528,0.00406,0.0007));
#5138=CARTESIAN_POINT('',(0.00528,0.00406,-0.00165));
#5139=CARTESIAN_POINT('',(0.00528,0.00406,-0.00165));
#5140=CARTESIAN_POINT('',(0.00528,0.00394,-0.00185784609690827));
#5141=CARTESIAN_POINT('',(0.00528,0.00394,-0.00185784609690827));
#5142=CARTESIAN_POINT('',(0.,0.,0.));
#5143=CARTESIAN_POINT('',(-3.23568669932532E-18,0.00288,0.00655));
#5144=CARTESIAN_POINT('',(-3.23568669932532E-18,0.00288,0.00655));
#5145=CARTESIAN_POINT('',(0.000599999999999997,0.00288,0.00655));
#5146=CARTESIAN_POINT('',(-3.23568669932532E-18,0.00288,0.00655));
#5147=CARTESIAN_POINT('',(0.0011,0.00288,0.00655));
#5148=CARTESIAN_POINT('',(-3.54184839911216E-18,0.00038,0.00655));
#5149=CARTESIAN_POINT('',(-3.54184839911216E-18,0.00038,0.00655));
#5150=CARTESIAN_POINT('',(0.000599999999999996,0.00038,0.00655));
#5151=CARTESIAN_POINT('',(-3.54184839911216E-18,0.00038,0.00655));
#5152=CARTESIAN_POINT('',(0.0011,0.00038,0.00655));
#5153=CARTESIAN_POINT('',(-3.54184839911216E-18,0.00038,0.00655));
#5154=CARTESIAN_POINT('',(-3.54184839911216E-18,0.00038,0.00655));
#5155=MECHANICAL_DESIGN_GEOMETRIC_PRESENTATION_REPRESENTATION('',(#2422),
#5167);
#5156=MECHANICAL_DESIGN_GEOMETRIC_PRESENTATION_REPRESENTATION('',(#2423),
#5168);
#5157=MECHANICAL_DESIGN_GEOMETRIC_PRESENTATION_REPRESENTATION('',(#2424),
#5169);
#5158=MECHANICAL_DESIGN_GEOMETRIC_PRESENTATION_REPRESENTATION('',(#2425),
#5170);
#5159=MECHANICAL_DESIGN_GEOMETRIC_PRESENTATION_REPRESENTATION('',(#2426),
#5171);
#5160=MECHANICAL_DESIGN_GEOMETRIC_PRESENTATION_REPRESENTATION('',(#2427),
#5172);
#5161=MECHANICAL_DESIGN_GEOMETRIC_PRESENTATION_REPRESENTATION('',(#2428),
#5173);
#5162=MECHANICAL_DESIGN_GEOMETRIC_PRESENTATION_REPRESENTATION('',(#2429),
#5174);
#5163=MECHANICAL_DESIGN_GEOMETRIC_PRESENTATION_REPRESENTATION('',(#2430),
#5175);
#5164=MECHANICAL_DESIGN_GEOMETRIC_PRESENTATION_REPRESENTATION('',(#2431),
#5176);
#5165=MECHANICAL_DESIGN_GEOMETRIC_PRESENTATION_REPRESENTATION('',(#2432),
#5177);
#5166=MECHANICAL_DESIGN_GEOMETRIC_PRESENTATION_REPRESENTATION('',(#2433),
#5178);
#5167=(
GEOMETRIC_REPRESENTATION_CONTEXT(3)
GLOBAL_UNCERTAINTY_ASSIGNED_CONTEXT((#5179))
GLOBAL_UNIT_ASSIGNED_CONTEXT((#5215,#5203,#5191))
REPRESENTATION_CONTEXT('73100-0131','TOP_LEVEL_ASSEMBLY_PART')
);
#5168=(
GEOMETRIC_REPRESENTATION_CONTEXT(3)
GLOBAL_UNCERTAINTY_ASSIGNED_CONTEXT((#5180))
GLOBAL_UNIT_ASSIGNED_CONTEXT((#5216,#5204,#5192))
REPRESENTATION_CONTEXT('73100-0131','TOP_LEVEL_ASSEMBLY_PART')
);
#5169=(
GEOMETRIC_REPRESENTATION_CONTEXT(3)
GLOBAL_UNCERTAINTY_ASSIGNED_CONTEXT((#5181))
GLOBAL_UNIT_ASSIGNED_CONTEXT((#5217,#5205,#5193))
REPRESENTATION_CONTEXT('73100-0131','TOP_LEVEL_ASSEMBLY_PART')
);
#5170=(
GEOMETRIC_REPRESENTATION_CONTEXT(3)
GLOBAL_UNCERTAINTY_ASSIGNED_CONTEXT((#5182))
GLOBAL_UNIT_ASSIGNED_CONTEXT((#5218,#5206,#5194))
REPRESENTATION_CONTEXT('73100-0131','TOP_LEVEL_ASSEMBLY_PART')
);
#5171=(
GEOMETRIC_REPRESENTATION_CONTEXT(3)
GLOBAL_UNCERTAINTY_ASSIGNED_CONTEXT((#5183))
GLOBAL_UNIT_ASSIGNED_CONTEXT((#5219,#5207,#5195))
REPRESENTATION_CONTEXT('73100-0131','TOP_LEVEL_ASSEMBLY_PART')
);
#5172=(
GEOMETRIC_REPRESENTATION_CONTEXT(3)
GLOBAL_UNCERTAINTY_ASSIGNED_CONTEXT((#5184))
GLOBAL_UNIT_ASSIGNED_CONTEXT((#5220,#5208,#5196))
REPRESENTATION_CONTEXT('73100-0131','TOP_LEVEL_ASSEMBLY_PART')
);
#5173=(
GEOMETRIC_REPRESENTATION_CONTEXT(3)
GLOBAL_UNCERTAINTY_ASSIGNED_CONTEXT((#5185))
GLOBAL_UNIT_ASSIGNED_CONTEXT((#5221,#5209,#5197))
REPRESENTATION_CONTEXT('73100-0131','TOP_LEVEL_ASSEMBLY_PART')
);
#5174=(
GEOMETRIC_REPRESENTATION_CONTEXT(3)
GLOBAL_UNCERTAINTY_ASSIGNED_CONTEXT((#5186))
GLOBAL_UNIT_ASSIGNED_CONTEXT((#5222,#5210,#5198))
REPRESENTATION_CONTEXT('73100-0131','TOP_LEVEL_ASSEMBLY_PART')
);
#5175=(
GEOMETRIC_REPRESENTATION_CONTEXT(3)
GLOBAL_UNCERTAINTY_ASSIGNED_CONTEXT((#5187))
GLOBAL_UNIT_ASSIGNED_CONTEXT((#5223,#5211,#5199))
REPRESENTATION_CONTEXT('73100-0131','TOP_LEVEL_ASSEMBLY_PART')
);
#5176=(
GEOMETRIC_REPRESENTATION_CONTEXT(3)
GLOBAL_UNCERTAINTY_ASSIGNED_CONTEXT((#5188))
GLOBAL_UNIT_ASSIGNED_CONTEXT((#5224,#5212,#5200))
REPRESENTATION_CONTEXT('73100-0131','TOP_LEVEL_ASSEMBLY_PART')
);
#5177=(
GEOMETRIC_REPRESENTATION_CONTEXT(3)
GLOBAL_UNCERTAINTY_ASSIGNED_CONTEXT((#5189))
GLOBAL_UNIT_ASSIGNED_CONTEXT((#5225,#5213,#5201))
REPRESENTATION_CONTEXT('73100-0131','TOP_LEVEL_ASSEMBLY_PART')
);
#5178=(
GEOMETRIC_REPRESENTATION_CONTEXT(3)
GLOBAL_UNCERTAINTY_ASSIGNED_CONTEXT((#5190))
GLOBAL_UNIT_ASSIGNED_CONTEXT((#5226,#5214,#5202))
REPRESENTATION_CONTEXT('73100-0131','TOP_LEVEL_ASSEMBLY_PART')
);
#5179=UNCERTAINTY_MEASURE_WITH_UNIT(LENGTH_MEASURE(2.E-5),#5215,
'DISTANCE_ACCURACY_VALUE','Maximum Tolerance applied to model');
#5180=UNCERTAINTY_MEASURE_WITH_UNIT(LENGTH_MEASURE(1.E-8),#5216,
'DISTANCE_ACCURACY_VALUE','Maximum Tolerance applied to model');
#5181=UNCERTAINTY_MEASURE_WITH_UNIT(LENGTH_MEASURE(1.E-8),#5217,
'DISTANCE_ACCURACY_VALUE','Maximum Tolerance applied to model');
#5182=UNCERTAINTY_MEASURE_WITH_UNIT(LENGTH_MEASURE(2.2E-7),#5218,
'DISTANCE_ACCURACY_VALUE','Maximum Tolerance applied to model');
#5183=UNCERTAINTY_MEASURE_WITH_UNIT(LENGTH_MEASURE(1.E-8),#5219,
'DISTANCE_ACCURACY_VALUE','Maximum Tolerance applied to model');
#5184=UNCERTAINTY_MEASURE_WITH_UNIT(LENGTH_MEASURE(1.E-8),#5220,
'DISTANCE_ACCURACY_VALUE','Maximum Tolerance applied to model');
#5185=UNCERTAINTY_MEASURE_WITH_UNIT(LENGTH_MEASURE(1.E-8),#5221,
'DISTANCE_ACCURACY_VALUE','Maximum Tolerance applied to model');
#5186=UNCERTAINTY_MEASURE_WITH_UNIT(LENGTH_MEASURE(1.E-6),#5222,
'DISTANCE_ACCURACY_VALUE','Maximum Tolerance applied to model');
#5187=UNCERTAINTY_MEASURE_WITH_UNIT(LENGTH_MEASURE(1.E-6),#5223,
'DISTANCE_ACCURACY_VALUE','Maximum Tolerance applied to model');
#5188=UNCERTAINTY_MEASURE_WITH_UNIT(LENGTH_MEASURE(1.E-6),#5224,
'DISTANCE_ACCURACY_VALUE','Maximum Tolerance applied to model');
#5189=UNCERTAINTY_MEASURE_WITH_UNIT(LENGTH_MEASURE(1.E-6),#5225,
'DISTANCE_ACCURACY_VALUE','Maximum Tolerance applied to model');
#5190=UNCERTAINTY_MEASURE_WITH_UNIT(LENGTH_MEASURE(1.E-8),#5226,
'DISTANCE_ACCURACY_VALUE','Maximum Tolerance applied to model');
#5191=(
NAMED_UNIT(*)
SI_UNIT($,.STERADIAN.)
SOLID_ANGLE_UNIT()
);
#5192=(
NAMED_UNIT(*)
SI_UNIT($,.STERADIAN.)
SOLID_ANGLE_UNIT()
);
#5193=(
NAMED_UNIT(*)
SI_UNIT($,.STERADIAN.)
SOLID_ANGLE_UNIT()
);
#5194=(
NAMED_UNIT(*)
SI_UNIT($,.STERADIAN.)
SOLID_ANGLE_UNIT()
);
#5195=(
NAMED_UNIT(*)
SI_UNIT($,.STERADIAN.)
SOLID_ANGLE_UNIT()
);
#5196=(
NAMED_UNIT(*)
SI_UNIT($,.STERADIAN.)
SOLID_ANGLE_UNIT()
);
#5197=(
NAMED_UNIT(*)
SI_UNIT($,.STERADIAN.)
SOLID_ANGLE_UNIT()
);
#5198=(
NAMED_UNIT(*)
SI_UNIT($,.STERADIAN.)
SOLID_ANGLE_UNIT()
);
#5199=(
NAMED_UNIT(*)
SI_UNIT($,.STERADIAN.)
SOLID_ANGLE_UNIT()
);
#5200=(
NAMED_UNIT(*)
SI_UNIT($,.STERADIAN.)
SOLID_ANGLE_UNIT()
);
#5201=(
NAMED_UNIT(*)
SI_UNIT($,.STERADIAN.)
SOLID_ANGLE_UNIT()
);
#5202=(
NAMED_UNIT(*)
SI_UNIT($,.STERADIAN.)
SOLID_ANGLE_UNIT()
);
#5203=(
NAMED_UNIT(*)
PLANE_ANGLE_UNIT()
SI_UNIT($,.RADIAN.)
);
#5204=(
NAMED_UNIT(*)
PLANE_ANGLE_UNIT()
SI_UNIT($,.RADIAN.)
);
#5205=(
NAMED_UNIT(*)
PLANE_ANGLE_UNIT()
SI_UNIT($,.RADIAN.)
);
#5206=(
NAMED_UNIT(*)
PLANE_ANGLE_UNIT()
SI_UNIT($,.RADIAN.)
);
#5207=(
NAMED_UNIT(*)
PLANE_ANGLE_UNIT()
SI_UNIT($,.RADIAN.)
);
#5208=(
NAMED_UNIT(*)
PLANE_ANGLE_UNIT()
SI_UNIT($,.RADIAN.)
);
#5209=(
NAMED_UNIT(*)
PLANE_ANGLE_UNIT()
SI_UNIT($,.RADIAN.)
);
#5210=(
NAMED_UNIT(*)
PLANE_ANGLE_UNIT()
SI_UNIT($,.RADIAN.)
);
#5211=(
NAMED_UNIT(*)
PLANE_ANGLE_UNIT()
SI_UNIT($,.RADIAN.)
);
#5212=(
NAMED_UNIT(*)
PLANE_ANGLE_UNIT()
SI_UNIT($,.RADIAN.)
);
#5213=(
NAMED_UNIT(*)
PLANE_ANGLE_UNIT()
SI_UNIT($,.RADIAN.)
);
#5214=(
NAMED_UNIT(*)
PLANE_ANGLE_UNIT()
SI_UNIT($,.RADIAN.)
);
#5215=(
LENGTH_UNIT()
NAMED_UNIT(*)
SI_UNIT($,.METRE.)
);
#5216=(
LENGTH_UNIT()
NAMED_UNIT(*)
SI_UNIT($,.METRE.)
);
#5217=(
LENGTH_UNIT()
NAMED_UNIT(*)
SI_UNIT($,.METRE.)
);
#5218=(
LENGTH_UNIT()
NAMED_UNIT(*)
SI_UNIT($,.METRE.)
);
#5219=(
LENGTH_UNIT()
NAMED_UNIT(*)
SI_UNIT($,.METRE.)
);
#5220=(
LENGTH_UNIT()
NAMED_UNIT(*)
SI_UNIT($,.METRE.)
);
#5221=(
LENGTH_UNIT()
NAMED_UNIT(*)
SI_UNIT($,.METRE.)
);
#5222=(
LENGTH_UNIT()
NAMED_UNIT(*)
SI_UNIT($,.METRE.)
);
#5223=(
LENGTH_UNIT()
NAMED_UNIT(*)
SI_UNIT($,.METRE.)
);
#5224=(
LENGTH_UNIT()
NAMED_UNIT(*)
SI_UNIT($,.METRE.)
);
#5225=(
LENGTH_UNIT()
NAMED_UNIT(*)
SI_UNIT($,.METRE.)
);
#5226=(
LENGTH_UNIT()
NAMED_UNIT(*)
SI_UNIT($,.METRE.)
);
#5227=PRODUCT_DEFINITION_SHAPE('','',#5239);
#5228=PRODUCT_DEFINITION_SHAPE('','',#5240);
#5229=PRODUCT_DEFINITION_SHAPE('','',#5241);
#5230=PRODUCT_DEFINITION_SHAPE('','',#5242);
#5231=PRODUCT_DEFINITION_SHAPE('','',#5243);
#5232=PRODUCT_DEFINITION_SHAPE('','',#5244);
#5233=PRODUCT_DEFINITION_SHAPE('','',#5245);
#5234=PRODUCT_DEFINITION_SHAPE('','',#5246);
#5235=PRODUCT_DEFINITION_SHAPE('','',#5247);
#5236=PRODUCT_DEFINITION_SHAPE('','',#5248);
#5237=PRODUCT_DEFINITION_SHAPE('','',#5249);
#5238=PRODUCT_DEFINITION_SHAPE('','',#5250);
#5239=PRODUCT_DEFINITION('','',#5263,#5251);
#5240=PRODUCT_DEFINITION('','',#5264,#5252);
#5241=PRODUCT_DEFINITION('','',#5265,#5253);
#5242=PRODUCT_DEFINITION('','',#5266,#5254);
#5243=PRODUCT_DEFINITION('','',#5267,#5255);
#5244=PRODUCT_DEFINITION('','',#5268,#5256);
#5245=PRODUCT_DEFINITION('','',#5269,#5257);
#5246=PRODUCT_DEFINITION('','',#5270,#5258);
#5247=PRODUCT_DEFINITION('','',#5271,#5259);
#5248=PRODUCT_DEFINITION('','',#5272,#5260);
#5249=PRODUCT_DEFINITION('','',#5273,#5261);
#5250=PRODUCT_DEFINITION('','',#5274,#5262);
#5251=PRODUCT_DEFINITION_CONTEXT('',#5335,'design');
#5252=PRODUCT_DEFINITION_CONTEXT('',#5336,'design');
#5253=PRODUCT_DEFINITION_CONTEXT('',#5337,'design');
#5254=PRODUCT_DEFINITION_CONTEXT('',#5338,'design');
#5255=PRODUCT_DEFINITION_CONTEXT('',#5339,'design');
#5256=PRODUCT_DEFINITION_CONTEXT('',#5340,'design');
#5257=PRODUCT_DEFINITION_CONTEXT('',#5341,'design');
#5258=PRODUCT_DEFINITION_CONTEXT('',#5342,'design');
#5259=PRODUCT_DEFINITION_CONTEXT('',#5343,'design');
#5260=PRODUCT_DEFINITION_CONTEXT('',#5344,'design');
#5261=PRODUCT_DEFINITION_CONTEXT('',#5345,'design');
#5262=PRODUCT_DEFINITION_CONTEXT('',#5346,'design');
#5263=PRODUCT_DEFINITION_FORMATION_WITH_SPECIFIED_SOURCE('','',#5287,
 .NOT_KNOWN.);
#5264=PRODUCT_DEFINITION_FORMATION_WITH_SPECIFIED_SOURCE('','',#5288,
 .NOT_KNOWN.);
#5265=PRODUCT_DEFINITION_FORMATION_WITH_SPECIFIED_SOURCE('','',#5289,
 .NOT_KNOWN.);
#5266=PRODUCT_DEFINITION_FORMATION_WITH_SPECIFIED_SOURCE('','',#5290,
 .NOT_KNOWN.);
#5267=PRODUCT_DEFINITION_FORMATION_WITH_SPECIFIED_SOURCE('','',#5291,
 .NOT_KNOWN.);
#5268=PRODUCT_DEFINITION_FORMATION_WITH_SPECIFIED_SOURCE('','',#5292,
 .NOT_KNOWN.);
#5269=PRODUCT_DEFINITION_FORMATION_WITH_SPECIFIED_SOURCE('','',#5293,
 .NOT_KNOWN.);
#5270=PRODUCT_DEFINITION_FORMATION_WITH_SPECIFIED_SOURCE('','',#5294,
 .NOT_KNOWN.);
#5271=PRODUCT_DEFINITION_FORMATION_WITH_SPECIFIED_SOURCE('','',#5295,
 .NOT_KNOWN.);
#5272=PRODUCT_DEFINITION_FORMATION_WITH_SPECIFIED_SOURCE('','',#5296,
 .NOT_KNOWN.);
#5273=PRODUCT_DEFINITION_FORMATION_WITH_SPECIFIED_SOURCE('','',#5297,
 .NOT_KNOWN.);
#5274=PRODUCT_DEFINITION_FORMATION_WITH_SPECIFIED_SOURCE('','',#5298,
 .NOT_KNOWN.);
#5275=PRODUCT_RELATED_PRODUCT_CATEGORY('','',(#5287));
#5276=PRODUCT_RELATED_PRODUCT_CATEGORY('','',(#5288));
#5277=PRODUCT_RELATED_PRODUCT_CATEGORY('','',(#5289));
#5278=PRODUCT_RELATED_PRODUCT_CATEGORY('','',(#5290));
#5279=PRODUCT_RELATED_PRODUCT_CATEGORY('','',(#5291));
#5280=PRODUCT_RELATED_PRODUCT_CATEGORY('','',(#5292));
#5281=PRODUCT_RELATED_PRODUCT_CATEGORY('','',(#5293));
#5282=PRODUCT_RELATED_PRODUCT_CATEGORY('','',(#5294));
#5283=PRODUCT_RELATED_PRODUCT_CATEGORY('','',(#5295));
#5284=PRODUCT_RELATED_PRODUCT_CATEGORY('','',(#5296));
#5285=PRODUCT_RELATED_PRODUCT_CATEGORY('','',(#5297));
#5286=PRODUCT_RELATED_PRODUCT_CATEGORY('','',(#5298));
#5287=PRODUCT('73100-0131','73100-0131','73100-0131',(#5311));
#5288=PRODUCT('73100-0131','73100-0131','73100-0131',(#5312));
#5289=PRODUCT('73100-0131','73100-0131','73100-0131',(#5313));
#5290=PRODUCT('73100-0131','73100-0131','73100-0131',(#5314));
#5291=PRODUCT('73100-0131','73100-0131','73100-0131',(#5315));
#5292=PRODUCT('73100-0131','73100-0131','73100-0131',(#5316));
#5293=PRODUCT('73100-0131','73100-0131','73100-0131',(#5317));
#5294=PRODUCT('73100-0131','73100-0131','73100-0131',(#5318));
#5295=PRODUCT('73100-0131','73100-0131','73100-0131',(#5319));
#5296=PRODUCT('73100-0131','73100-0131','73100-0131',(#5320));
#5297=PRODUCT('73100-0131','73100-0131','73100-0131',(#5321));
#5298=PRODUCT('73100-0131','73100-0131','73100-0131',(#5322));
#5299=PRODUCT_CATEGORY('','');
#5300=PRODUCT_CATEGORY('','');
#5301=PRODUCT_CATEGORY('','');
#5302=PRODUCT_CATEGORY('','');
#5303=PRODUCT_CATEGORY('','');
#5304=PRODUCT_CATEGORY('','');
#5305=PRODUCT_CATEGORY('','');
#5306=PRODUCT_CATEGORY('','');
#5307=PRODUCT_CATEGORY('','');
#5308=PRODUCT_CATEGORY('','');
#5309=PRODUCT_CATEGORY('','');
#5310=PRODUCT_CATEGORY('','');
#5311=PRODUCT_CONTEXT('',#5335,'mechanical');
#5312=PRODUCT_CONTEXT('',#5336,'mechanical');
#5313=PRODUCT_CONTEXT('',#5337,'mechanical');
#5314=PRODUCT_CONTEXT('',#5338,'mechanical');
#5315=PRODUCT_CONTEXT('',#5339,'mechanical');
#5316=PRODUCT_CONTEXT('',#5340,'mechanical');
#5317=PRODUCT_CONTEXT('',#5341,'mechanical');
#5318=PRODUCT_CONTEXT('',#5342,'mechanical');
#5319=PRODUCT_CONTEXT('',#5343,'mechanical');
#5320=PRODUCT_CONTEXT('',#5344,'mechanical');
#5321=PRODUCT_CONTEXT('',#5345,'mechanical');
#5322=PRODUCT_CONTEXT('',#5346,'mechanical');
#5323=APPLICATION_PROTOCOL_DEFINITION('international standard',
'ap242_managed_model_based_3d_engineering',2011,#5335);
#5324=APPLICATION_PROTOCOL_DEFINITION('international standard',
'ap242_managed_model_based_3d_engineering',2011,#5336);
#5325=APPLICATION_PROTOCOL_DEFINITION('international standard',
'ap242_managed_model_based_3d_engineering',2011,#5337);
#5326=APPLICATION_PROTOCOL_DEFINITION('international standard',
'ap242_managed_model_based_3d_engineering',2011,#5338);
#5327=APPLICATION_PROTOCOL_DEFINITION('international standard',
'ap242_managed_model_based_3d_engineering',2011,#5339);
#5328=APPLICATION_PROTOCOL_DEFINITION('international standard',
'ap242_managed_model_based_3d_engineering',2011,#5340);
#5329=APPLICATION_PROTOCOL_DEFINITION('international standard',
'ap242_managed_model_based_3d_engineering',2011,#5341);
#5330=APPLICATION_PROTOCOL_DEFINITION('international standard',
'ap242_managed_model_based_3d_engineering',2011,#5342);
#5331=APPLICATION_PROTOCOL_DEFINITION('international standard',
'ap242_managed_model_based_3d_engineering',2011,#5343);
#5332=APPLICATION_PROTOCOL_DEFINITION('international standard',
'ap242_managed_model_based_3d_engineering',2011,#5344);
#5333=APPLICATION_PROTOCOL_DEFINITION('international standard',
'ap242_managed_model_based_3d_engineering',2011,#5345);
#5334=APPLICATION_PROTOCOL_DEFINITION('international standard',
'ap242_managed_model_based_3d_engineering',2011,#5346);
#5335=APPLICATION_CONTEXT('managed model based 3d engineering');
#5336=APPLICATION_CONTEXT('managed model based 3d engineering');
#5337=APPLICATION_CONTEXT('managed model based 3d engineering');
#5338=APPLICATION_CONTEXT('managed model based 3d engineering');
#5339=APPLICATION_CONTEXT('managed model based 3d engineering');
#5340=APPLICATION_CONTEXT('managed model based 3d engineering');
#5341=APPLICATION_CONTEXT('managed model based 3d engineering');
#5342=APPLICATION_CONTEXT('managed model based 3d engineering');
#5343=APPLICATION_CONTEXT('managed model based 3d engineering');
#5344=APPLICATION_CONTEXT('managed model based 3d engineering');
#5345=APPLICATION_CONTEXT('managed model based 3d engineering');
#5346=APPLICATION_CONTEXT('managed model based 3d engineering');
ENDSEC;
END-ISO-10303-21;
